taxonID	datasetID	parentNameUsageID	acceptedNameUsageID	originalNameUsageID	scientificName	scientificNameAuthorship	canonicalName	genericName	specificEpithet	infraspecificEpithet	taxonRank	nameAccordingTo	namePublishedIn	taxonomicStatus	nomenclaturalStatus	taxonRemarks	kingdom	phylum	class	order	family	genus
6	d7dddbf4-2cf0-4f39-9b2a-bb099caae36c				Plantae		Plantae	Plantae			kingdom			accepted			Plantae					
1	d7dddbf4-2cf0-4f39-9b2a-bb099caae36c				Animalia		Animalia	Animalia			kingdom			accepted			Animalia					
2	d7dddbf4-2cf0-4f39-9b2a-bb099caae36c				Archaea		Archaea	Archaea			kingdom			accepted			Archaea					
4	d7dddbf4-2cf0-4f39-9b2a-bb099caae36c				Chromista		Chromista	Chromista			kingdom			accepted			Chromista					
3	d7dddbf4-2cf0-4f39-9b2a-bb099caae36c				Bacteria		Bacteria	Bacteria			kingdom			accepted			Bacteria					
7	d7dddbf4-2cf0-4f39-9b2a-bb099caae36c				Protozoa		Protozoa	Protozoa			kingdom			accepted			Protozoa					
8	d7dddbf4-2cf0-4f39-9b2a-bb099caae36c				Viruses		Viruses	Viruses			kingdom			accepted			Viruses					
5	d7dddbf4-2cf0-4f39-9b2a-bb099caae36c				Fungi		Fungi	Fungi			kingdom			accepted			Fungi					
7663989	7ddf754f-d193-4cc9-b351-99906754a03b	1			Dicyemida		Dicyemida	Dicyemida			phylum			accepted			Animalia	Dicyemida				
105	7ddf754f-d193-4cc9-b351-99906754a03b	1			Porifera		Porifera	Porifera			phylum		Grant, R. E. (1836). Animal Kingdom. Pp. 107-118. In: Todd, R.B. (Ed.),The Cyclopaedia of Anatomy and Physiology. Volume 1, (Sherwood,Gilbert, and Piper: London): 1–813. https://www.marinespecies.org/porifera/aphia.php?p=sourcedetails&id=7516	accepted			Animalia	Porifera				
9	daacce49-b206-469b-8dc2-2257719f3afa	6			Marchantiophyta		Marchantiophyta	Marchantiophyta			phylum		Crandall-Stotler, B. J., & Stotler, R. E. (2000). Morphology and classification of the Marchantiophyta. In A. J. Shaw & B. Goffinet, Bryophyte Biology (pp. 21–70). Cambridge University Press. https://www.tropicos.org/reference/9021946	accepted			Plantae	Marchantiophyta				
7819616	7ea21580-4f06-469d-995b-3f713fdcc37c	6			Charophyta		Charophyta	Charophyta			phylum			accepted			Plantae	Charophyta				
5959089	7ddf754f-d193-4cc9-b351-99906754a03b	1			Kinorhyncha		Kinorhyncha	Kinorhyncha			phylum		Reinhard, W. (1885). Kinorhyncha (Echinoderes), leur structure anatomique et leur place dans le système. Travaux De La Société Des Naturalistes À l’Université Impériale De Kharkow, 19: 205–305, pls. VIII–XII. [in Russian]. https://www.marinespecies.org/kinorhyncha/aphia.php?p=sourcedetails&id=167942	accepted			Animalia	Kinorhyncha				
5967481	7ddf754f-d193-4cc9-b351-99906754a03b	1			Nematoda		Nematoda	Nematoda			phylum			accepted			Animalia	Nematoda				
14	7ddf754f-d193-4cc9-b351-99906754a03b	1			Tardigrada		Tardigrada	Tardigrada			phylum			accepted			Animalia	Tardigrada				
106	7ea21580-4f06-469d-995b-3f713fdcc37c	6			Rhodophyta		Rhodophyta	Rhodophyta			phylum			accepted			Plantae	Rhodophyta				
108	7ddf754f-d193-4cc9-b351-99906754a03b	1			Platyhelminthes		Platyhelminthes	Platyhelminthes			phylum			accepted			Animalia	Platyhelminthes				
44	daacce49-b206-469b-8dc2-2257719f3afa	1			Chordata		Chordata	Chordata			phylum			accepted			Animalia	Chordata				
37	7ea21580-4f06-469d-995b-3f713fdcc37c	6			Glaucophyta		Glaucophyta	Glaucophyta			phylum			accepted			Plantae	Glaucophyta				
5967454	7ddf754f-d193-4cc9-b351-99906754a03b	1			Micrognathozoa		Micrognathozoa	Micrognathozoa			phylum			accepted			Animalia	Micrognathozoa				
51	daacce49-b206-469b-8dc2-2257719f3afa	1			Ctenophora		Ctenophora	Ctenophora			phylum		Eschscholtz, F. (1829). System der Acalephen. Eine ausführliche Beschreibung aller medusenartigen Strahltiere. Ferdinand Dümmler, Berlin, pp. 1–190, 116 pls. http://faculty.washington.edu/cemills/Ctenolist.html/aphia.php?p=sourcedetails&id=35914	accepted			Animalia	Ctenophora				
64	7ddf754f-d193-4cc9-b351-99906754a03b	1			Nematomorpha		Nematomorpha	Nematomorpha			phylum			accepted			Animalia	Nematomorpha				
76	7ddf754f-d193-4cc9-b351-99906754a03b	1			Placozoa		Placozoa	Placozoa			phylum		Grell KG. (1971). Trichoplax adhaerens FE Schulze und die Entstehung der Metazoen. Naturwissenschaftliche Rundschau, 24(4):160–161. https://www.marinespecies.org/placozoa/aphia.php?p=sourcedetails&id=336570	accepted			Animalia	Placozoa				
34	7ddf754f-d193-4cc9-b351-99906754a03b	5			Basidiomycota		Basidiomycota	Basidiomycota			phylum			accepted			Fungi	Basidiomycota				
50	7ddf754f-d193-4cc9-b351-99906754a03b	1			Echinodermata		Echinodermata	Echinodermata			phylum			accepted			Animalia	Echinodermata				
12238325	7ddf754f-d193-4cc9-b351-99906754a03b	5			Mucoromycota		Mucoromycota	Mucoromycota			phylum			accepted			Fungi	Mucoromycota				
75	7ddf754f-d193-4cc9-b351-99906754a03b	1			Hemichordata		Hemichordata	Hemichordata			phylum			accepted			Animalia	Hemichordata				
12237820	7ddf754f-d193-4cc9-b351-99906754a03b	5			Zoopagomycota		Zoopagomycota	Zoopagomycota			phylum			accepted			Fungi	Zoopagomycota				
10791940	7ddf754f-d193-4cc9-b351-99906754a03b	5			Entomophthoromycota		Entomophthoromycota	Entomophthoromycota			phylum			accepted			Fungi	Entomophthoromycota				
53	7ddf754f-d193-4cc9-b351-99906754a03b	1			Bryozoa		Bryozoa	Bryozoa			phylum			accepted			Animalia	Bryozoa				
62	7ddf754f-d193-4cc9-b351-99906754a03b	1			Onychophora		Onychophora	Onychophora			phylum			accepted			Animalia	Onychophora				
36	daacce49-b206-469b-8dc2-2257719f3afa	6			Chlorophyta		Chlorophyta	Chlorophyta			phylum			accepted			Plantae	Chlorophyta				
42	daacce49-b206-469b-8dc2-2257719f3afa	1			Annelida		Annelida	Annelida			phylum			accepted			Animalia	Annelida				
12252287	7ddf754f-d193-4cc9-b351-99906754a03b	5			Sanchytriomycota		Sanchytriomycota	Sanchytriomycota			phylum			accepted			Fungi	Sanchytriomycota				
17	7ddf754f-d193-4cc9-b351-99906754a03b	5			Neocallimastigomycota		Neocallimastigomycota	Neocallimastigomycota			phylum			accepted			Fungi	Neocallimastigomycota				
94	7ddf754f-d193-4cc9-b351-99906754a03b	5			Chytridiomycota		Chytridiomycota	Chytridiomycota			phylum			accepted			Fungi	Chytridiomycota				
77	7ddf754f-d193-4cc9-b351-99906754a03b	1			Gnathostomulida		Gnathostomulida	Gnathostomulida			phylum			accepted			Animalia	Gnathostomulida				
55	7ddf754f-d193-4cc9-b351-99906754a03b	1			Chaetognatha		Chaetognatha	Chaetognatha			phylum			accepted			Animalia	Chaetognatha				
8173593	7ddf754f-d193-4cc9-b351-99906754a03b	1			Entoprocta		Entoprocta	Entoprocta			phylum			accepted			Animalia	Entoprocta				
7707728	daacce49-b206-469b-8dc2-2257719f3afa	6			Tracheophyta		Tracheophyta	Tracheophyta			phylum			accepted			Plantae	Tracheophyta				
74	7ddf754f-d193-4cc9-b351-99906754a03b	1			Sipuncula		Sipuncula	Sipuncula			phylum			accepted			Animalia	Sipuncula				
110	7ddf754f-d193-4cc9-b351-99906754a03b	1			Brachiopoda		Brachiopoda	Brachiopoda			phylum		Duméril, A. M. C. (1805). Zoologie analytique, ou méthode naturelle de classification des animaux, rendue plus facile à l’aide de tableaux synoptiques. Paris, Allais. pp. i–xxxiii + 1–344 [imprint date 1806]. https://doi.org/10.5962/bhl.title.44835	accepted			Animalia	Brachiopoda				
45	7ddf754f-d193-4cc9-b351-99906754a03b	1			Cycliophora		Cycliophora	Cycliophora			phylum		Funch, P. and R. M. Kristensen. (1995). Cycliophora is a new phylum with affinities to Entoprocta and Ectoprocta. Nature, Vol. 378, No. 6558.	accepted			Animalia	Cycliophora				
52	daacce49-b206-469b-8dc2-2257719f3afa	1			Mollusca		Mollusca	Mollusca			phylum			accepted			Animalia	Mollusca				
7190138	7ddf754f-d193-4cc9-b351-99906754a03b	1			Xenacoelomorpha		Xenacoelomorpha	Xenacoelomorpha			phylum		Philippe, H., Brinkmann, H., Copley, R. R., Moroz, L. L., Nakano, H., Poustka, A. J., Wallberg, A., Peterson, K. J., & Telford, M. J. (2011). Acoelomorph flatworms are deuterostomes related to Xenoturbella. Nature, 470(7333), 255–258. https://doi.org/10.1038/nature09676	accepted			Animalia	Xenacoelomorpha				
19	7ddf754f-d193-4cc9-b351-99906754a03b	1			Phoronida		Phoronida	Phoronida			phylum			accepted			Animalia	Phoronida				
67	7ddf754f-d193-4cc9-b351-99906754a03b	1			Acanthocephala		Acanthocephala	Acanthocephala			phylum			accepted			Animalia	Acanthocephala				
5963150	7ddf754f-d193-4cc9-b351-99906754a03b	1			Priapulida		Priapulida	Priapulida			phylum			accepted			Animalia	Priapulida				
96	7ddf754f-d193-4cc9-b351-99906754a03b	5			Zygomycota		Zygomycota	Zygomycota			phylum			accepted			Fungi	Zygomycota				
12228025	7ddf754f-d193-4cc9-b351-99906754a03b	6			Langiophytophyta		Langiophytophyta	Langiophytophyta			phylum		Doweld, A. B. (2001). In Prosyllabus Tracheophytorum, tentamen systematis plantarum vascularium (Tracheophyta). Geos. https://www.tropicos.org/reference/9025952	accepted			Plantae	Langiophytophyta				
5967456	7ddf754f-d193-4cc9-b351-99906754a03b	1			Orthonectida		Orthonectida	Orthonectida			phylum			accepted			Animalia	Orthonectida				
35	daacce49-b206-469b-8dc2-2257719f3afa	6			Bryophyta		Bryophyta	Bryophyta			phylum		Schimper, W. P. (1879). Bryophyta. In Zittel, K. A. v., Handbuch der Palaeontologie...Abtheilung Paleophytologie (Vol. 2, Issue 1, p. 152 pp). R. Oldenbourg. https://www.tropicos.org/reference/9029576	accepted			Plantae	Bryophyta				
22	7ddf754f-d193-4cc9-b351-99906754a03b	1			Gastrotricha		Gastrotricha	Gastrotricha			phylum			accepted			Animalia	Gastrotricha				
91	7ddf754f-d193-4cc9-b351-99906754a03b	1			Rotifera		Rotifera	Rotifera			phylum			accepted			Animalia	Rotifera				
63	7ddf754f-d193-4cc9-b351-99906754a03b	1			Nemertea		Nemertea	Nemertea			phylum			accepted			Animalia	Nemertea				
18	7ddf754f-d193-4cc9-b351-99906754a03b	5			Glomeromycota		Glomeromycota	Glomeromycota			phylum			accepted			Fungi	Glomeromycota				
54	daacce49-b206-469b-8dc2-2257719f3afa	1			Arthropoda		Arthropoda	Arthropoda			phylum		von Siebold, C.T. & Stannius, H. Lehrbuch der vergleichenden Anatomie der Wirbellosen Thiere, Erster Theil. 1-679 (1848).	accepted			Animalia	Arthropoda				
43	daacce49-b206-469b-8dc2-2257719f3afa	1			Cnidaria		Cnidaria	Cnidaria			phylum			accepted			Animalia	Cnidaria				
73	7ddf754f-d193-4cc9-b351-99906754a03b	5			Blastocladiomycota		Blastocladiomycota	Blastocladiomycota			phylum			accepted			Fungi	Blastocladiomycota				
95	daacce49-b206-469b-8dc2-2257719f3afa	5			Ascomycota		Ascomycota	Ascomycota			phylum			accepted			Fungi	Ascomycota				
13	7ddf754f-d193-4cc9-b351-99906754a03b	6			Anthocerotophyta		Anthocerotophyta	Anthocerotophyta			phylum		Stotler, R. E., & Crandall-Stotler, B. J. (1977). A checklist of the liverworts and hornworts of North America. The Bryologist, 80, 405–428. https://www.tropicos.org/reference/9009740	accepted			Plantae	Anthocerotophyta				
5967457	7ddf754f-d193-4cc9-b351-99906754a03b	1			Loricifera		Loricifera	Loricifera			phylum		Kristensen, R. M. (1983). Loricifera, A New Phylum with Aschelminthes Characters from the Meiobenthos. Zeitschrift Fur Zoologische Systematik Und Evolutionsforschung, 21: 163–180. https://www.marinespecies.org/aphia.php?p=sourcedetails&id=227946	accepted			Animalia	Loricifera				
11553458	a97f36e5-ded1-49cc-bdec-ac6170fc7b9c	2			Altiarchaeota		Altiarchaeota	Altiarchaeota			phylum			accepted			Archaea	Altiarchaeota				
10895798	a97f36e5-ded1-49cc-bdec-ac6170fc7b9c	2			Methanobacteriota		Methanobacteriota	Methanobacteriota			phylum			accepted			Archaea	Methanobacteriota				
10764301	a97f36e5-ded1-49cc-bdec-ac6170fc7b9c	2			Halobacteriota		Halobacteriota	Halobacteriota			phylum			accepted			Archaea	Halobacteriota				
10697925	a97f36e5-ded1-49cc-bdec-ac6170fc7b9c	2			Huberarchaeota		Huberarchaeota	Huberarchaeota			phylum			accepted			Archaea	Huberarchaeota				
10801891	a97f36e5-ded1-49cc-bdec-ac6170fc7b9c	2			Thermoplasmatota		Thermoplasmatota	Thermoplasmatota			phylum			accepted			Archaea	Thermoplasmatota				
10866795	a97f36e5-ded1-49cc-bdec-ac6170fc7b9c	2			Undinarchaeota		Undinarchaeota	Undinarchaeota			phylum			accepted			Archaea	Undinarchaeota				
10781292	a97f36e5-ded1-49cc-bdec-ac6170fc7b9c	2			Micrarchaeota		Micrarchaeota	Micrarchaeota			phylum			accepted			Archaea	Micrarchaeota				
11499140	a97f36e5-ded1-49cc-bdec-ac6170fc7b9c	2			B1Sed10-29						phylum			accepted			Archaea	B1Sed10-29				
10703048	a97f36e5-ded1-49cc-bdec-ac6170fc7b9c	2			Asgardarchaeota		Asgardarchaeota	Asgardarchaeota			phylum			accepted			Archaea	Asgardarchaeota				
10706191	a97f36e5-ded1-49cc-bdec-ac6170fc7b9c	2			Nanoarchaeota		Nanoarchaeota	Nanoarchaeota			phylum			accepted			Archaea	Nanoarchaeota				
10807497	a97f36e5-ded1-49cc-bdec-ac6170fc7b9c	2			Thermoproteota		Thermoproteota	Thermoproteota			phylum			accepted			Archaea	Thermoproteota				
10881433	aa1bc573-f338-482d-b6aa-f371d57f20f5	2			Altarchaeota		Altarchaeota	Altarchaeota			phylum			accepted			Archaea	Altarchaeota				
10776132	a97f36e5-ded1-49cc-bdec-ac6170fc7b9c	2			Iainarchaeota		Iainarchaeota	Iainarchaeota			phylum			accepted			Archaea	Iainarchaeota				
10748189	a97f36e5-ded1-49cc-bdec-ac6170fc7b9c	2			Nanohaloarchaeota		Nanohaloarchaeota	Nanohaloarchaeota			phylum			accepted			Archaea	Nanohaloarchaeota				
11120771	a97f36e5-ded1-49cc-bdec-ac6170fc7b9c	2			Sp		Sp	Sp			phylum			accepted			Archaea	Sp				
10731797	a97f36e5-ded1-49cc-bdec-ac6170fc7b9c	2			EX4484-52						phylum			accepted			Archaea	EX4484-52				
10832894	a97f36e5-ded1-49cc-bdec-ac6170fc7b9c	2			Aenigmatarchaeota		Aenigmatarchaeota	Aenigmatarchaeota			phylum			accepted			Archaea	Aenigmatarchaeota				
11868776	a97f36e5-ded1-49cc-bdec-ac6170fc7b9c	2			Methanobacteriota_A						phylum			accepted			Archaea	Methanobacteriota_A				
10690978	a97f36e5-ded1-49cc-bdec-ac6170fc7b9c	2			Hadarchaeota		Hadarchaeota	Hadarchaeota			phylum			accepted			Archaea	Hadarchaeota				
11585598	a97f36e5-ded1-49cc-bdec-ac6170fc7b9c	2			Methanobacteriota_B						phylum			accepted			Archaea	Methanobacteriota_B				
10684421	a97f36e5-ded1-49cc-bdec-ac6170fc7b9c	2			Hydrothermarchaeota		Hydrothermarchaeota	Hydrothermarchaeota			phylum			accepted			Archaea	Hydrothermarchaeota				
9697020	7ddf754f-d193-4cc9-b351-99906754a03b	4			Heliozoa		Heliozoa	Heliozoa			phylum			accepted			Chromista	Heliozoa				
8770992	7ea21580-4f06-469d-995b-3f713fdcc37c	4			Myzozoa		Myzozoa	Myzozoa			phylum			accepted			Chromista	Myzozoa				
98	7ea21580-4f06-469d-995b-3f713fdcc37c	4			Ochrophyta		Ochrophyta	Ochrophyta			phylum			accepted			Chromista	Ochrophyta				
70	7ea21580-4f06-469d-995b-3f713fdcc37c	4			Haptophyta		Haptophyta	Haptophyta			phylum			accepted			Chromista	Haptophyta				
8158183	7ddf754f-d193-4cc9-b351-99906754a03b	4			Bigyra		Bigyra	Bigyra			phylum			accepted			Chromista	Bigyra				
7765738	daacce49-b206-469b-8dc2-2257719f3afa	4			Ciliophora		Ciliophora	Ciliophora			phylum			accepted			Chromista	Ciliophora				
32	7ddf754f-d193-4cc9-b351-99906754a03b	4			Oomycota		Oomycota	Oomycota			phylum			accepted			Chromista	Oomycota				
8376456	daacce49-b206-469b-8dc2-2257719f3afa	4			Foraminifera		Foraminifera	Foraminifera			phylum		Orbigny, A. D. d’. (1826). Tableau méthodique de la classe des Céphalopodes. Annales Des Sciences Naturelles, vol. 7: 96–169, 245–314. https://www.marinespecies.org/foraminifera/aphia.php?p=sourcedetails&id=146701	accepted			Chromista	Foraminifera				
9684241	7ddf754f-d193-4cc9-b351-99906754a03b	4			Picozoa		Picozoa	Picozoa			phylum		Seenivasan, R.; Sausen, N.; Medlin, L. K.; Melkonian, M. (2013). Picomonas judraskeda gen. et sp. nov.: the first identified member of the Picozoa phylum nov., a widespread group of picoeukaryotes, formerly known as 'picobiliphytes'. PLoS ONE. 8(3): e59565.	accepted			Chromista	Picozoa				
69	daacce49-b206-469b-8dc2-2257719f3afa	4			Cryptophyta		Cryptophyta	Cryptophyta			phylum			accepted			Chromista	Cryptophyta				
9715305	7ddf754f-d193-4cc9-b351-99906754a03b	4			Acavomonidia		Acavomonidia	Acavomonidia			phylum			accepted			Chromista	Acavomonidia				
38	7ea21580-4f06-469d-995b-3f713fdcc37c	4			Cercozoa		Cercozoa	Cercozoa			phylum			accepted			Chromista	Cercozoa				
9735352	7ddf754f-d193-4cc9-b351-99906754a03b	4			Endohelea		Endohelea	Endohelea			class		Yabuki, A.; Chao, E. E.; Ishida, K.-I.; Cavalier-Smith, T. (2012). Microheliella maris (Microhelida ord. n.), an ultrastructurally highly distinctive new axopodial protist species and genus, and the unity of phylum Heliozoa. Protist. 163(3): 356-388.	accepted			Chromista		Endohelea			
9778081	7ddf754f-d193-4cc9-b351-99906754a03b	7			Calcitarcha		Calcitarcha	Calcitarcha			phylum		Versteegh, G. J. M.; Servais, T.; Streng, M.; Munnecke, A.; Vachard, D. (2009). A discussion and proposal concerning the use of the term Calcispheres. Palaeontology. 52(2): 343-348.	accepted			Protozoa	Calcitarcha				
7813133	7ea21580-4f06-469d-995b-3f713fdcc37c	7			Metamonada		Metamonada	Metamonada			phylum			accepted			Protozoa	Metamonada				
56	7ddf754f-d193-4cc9-b351-99906754a03b	7			Sarcomastigophora		Sarcomastigophora	Sarcomastigophora			phylum			accepted			Protozoa	Sarcomastigophora				
7872314	7ea21580-4f06-469d-995b-3f713fdcc37c	7			Loukozoa		Loukozoa	Loukozoa			phylum		Cavalier-Smith, T. (1999). Principles of protein and lipid targeting in secondary symbiogenesis: Euglenoid, Dinoflagellate, and Sporozoan plastid origins and the eukaryote family tree, 2. The Journal of Eukaryotic Microbiology. 46(4): 347-366.	accepted			Protozoa	Loukozoa				
8199256	7ddf754f-d193-4cc9-b351-99906754a03b	7			Sulcozoa		Sulcozoa	Sulcozoa			phylum		Cavalier-Smith, T. (2013). Early evolution of eukaryote feeding modes, cell structural diversity, and classification of the protozoan phyla Loukozoa, Sulcozoa, and Choanozoa. European Journal of Protistology. 49(2): 115-178.	accepted			Protozoa	Sulcozoa				
33	7ddf754f-d193-4cc9-b351-99906754a03b	7			Mycetozoa		Mycetozoa	Mycetozoa			phylum			accepted			Protozoa	Mycetozoa				
41	daacce49-b206-469b-8dc2-2257719f3afa	7			Euglenozoa		Euglenozoa	Euglenozoa			phylum		Cavalier-Smith, T. (1981). Eukaryote kingdoms: Seven or nine?. Biosystems. 14(3-4): 461-481.	accepted			Protozoa	Euglenozoa				
97	7ddf754f-d193-4cc9-b351-99906754a03b	7			Choanozoa		Choanozoa	Choanozoa			phylum			accepted			Protozoa	Choanozoa				
7501587	7ddf754f-d193-4cc9-b351-99906754a03b	7			Microsporidia		Microsporidia	Microsporidia			phylum			accepted			Protozoa	Microsporidia				
7509337	7ddf754f-d193-4cc9-b351-99906754a03b	7			Amoebozoa		Amoebozoa	Amoebozoa			phylum			accepted			Protozoa	Amoebozoa				
233	7ddf754f-d193-4cc9-b351-99906754a03b	7			Filosia		Filosia	Filosia			class			accepted			Protozoa		Filosia			
7039776	7ddf754f-d193-4cc9-b351-99906754a03b	7			Sporozoa		Sporozoa	Sporozoa			class			accepted			Protozoa		Sporozoa			
234	daacce49-b206-469b-8dc2-2257719f3afa	7			Acantharia		Acantharia	Acantharia			class			accepted			Protozoa		Acantharia			
9793706	7ddf754f-d193-4cc9-b351-99906754a03b	7			Eopharyngea		Eopharyngea	Eopharyngea			class			accepted			Protozoa		Eopharyngea			
232	7ddf754f-d193-4cc9-b351-99906754a03b	7			Haplosporea		Haplosporea	Haplosporea			class			accepted			Protozoa		Haplosporea			
9678982	7ddf754f-d193-4cc9-b351-99906754a03b	7			Carpomonadea		Carpomonadea	Carpomonadea			class		Cavalier-Smith, T. (2013). Early evolution of eukaryote feeding modes, cell structural diversity, and classification of the protozoan phyla Loukozoa, Sulcozoa, and Choanozoa. European Journal of Protistology. 49(2): 115-178.	accepted			Protozoa		Carpomonadea			
10677421	a97f36e5-ded1-49cc-bdec-ac6170fc7b9c	3			UBP14						phylum			accepted			Bacteria	UBP14				
10768823	a97f36e5-ded1-49cc-bdec-ac6170fc7b9c	3			Methylomirabilota		Methylomirabilota	Methylomirabilota			phylum			accepted			Bacteria	Methylomirabilota				
10784423	a97f36e5-ded1-49cc-bdec-ac6170fc7b9c	3			UBA9089						phylum			accepted			Bacteria	UBA9089				
10872546	a97f36e5-ded1-49cc-bdec-ac6170fc7b9c	3			Abyssubacteria		Abyssubacteria	Abyssubacteria			phylum			accepted			Bacteria	Abyssubacteria				
11521612	a97f36e5-ded1-49cc-bdec-ac6170fc7b9c	3			Desulfobacterota_I						phylum			accepted			Bacteria	Desulfobacterota_I				
10860391	a97f36e5-ded1-49cc-bdec-ac6170fc7b9c	3			Nitrospirota		Nitrospirota	Nitrospirota			phylum			accepted			Bacteria	Nitrospirota				
10733136	a97f36e5-ded1-49cc-bdec-ac6170fc7b9c	3			Fibrobacterota		Fibrobacterota	Fibrobacterota			phylum			accepted			Bacteria	Fibrobacterota				
10809235	a97f36e5-ded1-49cc-bdec-ac6170fc7b9c	3			Lindowbacteria		Lindowbacteria	Lindowbacteria			phylum			accepted			Bacteria	Lindowbacteria				
10779951	a97f36e5-ded1-49cc-bdec-ac6170fc7b9c	3			Caldisericota		Caldisericota	Caldisericota			phylum			accepted			Bacteria	Caldisericota				
10716559	a97f36e5-ded1-49cc-bdec-ac6170fc7b9c	3			Bdellovibrionota		Bdellovibrionota	Bdellovibrionota			phylum			accepted			Bacteria	Bdellovibrionota				
10844503	a97f36e5-ded1-49cc-bdec-ac6170fc7b9c	3			Campylobacterota		Campylobacterota	Campylobacterota			phylum			accepted			Bacteria	Campylobacterota				
10828280	a97f36e5-ded1-49cc-bdec-ac6170fc7b9c	3			OLB16						phylum			accepted			Bacteria	OLB16				
10822914	a97f36e5-ded1-49cc-bdec-ac6170fc7b9c	3			Thermodesulfobiota		Thermodesulfobiota	Thermodesulfobiota			phylum			accepted			Bacteria	Thermodesulfobiota				
10760279	a97f36e5-ded1-49cc-bdec-ac6170fc7b9c	3			FCPU426						phylum			accepted			Bacteria	FCPU426				
10716605	a97f36e5-ded1-49cc-bdec-ac6170fc7b9c	3			Omnitrophota		Omnitrophota	Omnitrophota			phylum			accepted			Bacteria	Omnitrophota				
11113732	a97f36e5-ded1-49cc-bdec-ac6170fc7b9c	3			T1Sed10-126						phylum			accepted			Bacteria	T1Sed10-126				
10878553	a97f36e5-ded1-49cc-bdec-ac6170fc7b9c	3			UBP15						phylum			accepted			Bacteria	UBP15				
10707403	a97f36e5-ded1-49cc-bdec-ac6170fc7b9c	3			Spirochaetota		Spirochaetota	Spirochaetota			phylum			accepted			Bacteria	Spirochaetota				
11132851	a97f36e5-ded1-49cc-bdec-ac6170fc7b9c	3			Firmicutes_C						phylum			accepted			Bacteria	Firmicutes_C				
10721259	a97f36e5-ded1-49cc-bdec-ac6170fc7b9c	3			UBA10199						phylum			accepted			Bacteria	UBA10199				
10761143	a97f36e5-ded1-49cc-bdec-ac6170fc7b9c	3			Poribacteria		Poribacteria	Poribacteria			phylum			accepted			Bacteria	Poribacteria				
11617267	a97f36e5-ded1-49cc-bdec-ac6170fc7b9c	3			DRYD01						phylum			accepted			Bacteria	DRYD01				
10779861	a97f36e5-ded1-49cc-bdec-ac6170fc7b9c	3			Dictyoglomota		Dictyoglomota	Dictyoglomota			phylum			accepted			Bacteria	Dictyoglomota				
10815135	a97f36e5-ded1-49cc-bdec-ac6170fc7b9c	3			Planctomycetota		Planctomycetota	Planctomycetota			phylum			accepted			Bacteria	Planctomycetota				
11124379	a97f36e5-ded1-49cc-bdec-ac6170fc7b9c	3			Desulfobacterota_E						phylum			accepted			Bacteria	Desulfobacterota_E				
11509473	a97f36e5-ded1-49cc-bdec-ac6170fc7b9c	3			PUNC01						phylum			accepted			Bacteria	PUNC01				
10717227	a97f36e5-ded1-49cc-bdec-ac6170fc7b9c	3			CG2-30-53-67						phylum			accepted			Bacteria	CG2-30-53-67				
87	a97f36e5-ded1-49cc-bdec-ac6170fc7b9c	3			Firmicutes		Firmicutes	Firmicutes			phylum			accepted			Bacteria	Firmicutes				
11175241	a97f36e5-ded1-49cc-bdec-ac6170fc7b9c	3			JABDJQ01						phylum			accepted			Bacteria	JABDJQ01				
11551840	a97f36e5-ded1-49cc-bdec-ac6170fc7b9c	3			JAFGBW01						phylum			accepted			Bacteria	JAFGBW01				
10816341	a97f36e5-ded1-49cc-bdec-ac6170fc7b9c	3			Cloacimonadota		Cloacimonadota	Cloacimonadota			phylum			accepted			Bacteria	Cloacimonadota				
10781767	a97f36e5-ded1-49cc-bdec-ac6170fc7b9c	3			SAR324						phylum			accepted			Bacteria	SAR324				
10884644	a97f36e5-ded1-49cc-bdec-ac6170fc7b9c	3			Latescibacterota		Latescibacterota	Latescibacterota			phylum			accepted			Bacteria	Latescibacterota				
10831091	a97f36e5-ded1-49cc-bdec-ac6170fc7b9c	3			Deferribacterota		Deferribacterota	Deferribacterota			phylum			accepted			Bacteria	Deferribacterota				
11762567	a97f36e5-ded1-49cc-bdec-ac6170fc7b9c	3			4484-113						phylum			accepted			Bacteria	4484-113				
10691886	a97f36e5-ded1-49cc-bdec-ac6170fc7b9c	3			Aureabacteria		Aureabacteria	Aureabacteria			phylum			accepted			Bacteria	Aureabacteria				
10888259	a97f36e5-ded1-49cc-bdec-ac6170fc7b9c	3			J088						phylum			accepted			Bacteria	J088				
10872018	a97f36e5-ded1-49cc-bdec-ac6170fc7b9c	3			Delongbacteria		Delongbacteria	Delongbacteria			phylum			accepted			Bacteria	Delongbacteria				
10712148	a97f36e5-ded1-49cc-bdec-ac6170fc7b9c	3			UBP7						phylum			accepted			Bacteria	UBP7				
10868768	a97f36e5-ded1-49cc-bdec-ac6170fc7b9c	3			T1SED10-198M						phylum			accepted			Bacteria	T1SED10-198M				
11163779	a97f36e5-ded1-49cc-bdec-ac6170fc7b9c	3			Nitrospirota_A						phylum			accepted			Bacteria	Nitrospirota_A				
11136748	a97f36e5-ded1-49cc-bdec-ac6170fc7b9c	3			Ratteibacteria		Ratteibacteria	Ratteibacteria			phylum			accepted			Bacteria	Ratteibacteria				
111	a97f36e5-ded1-49cc-bdec-ac6170fc7b9c	3			Proteobacteria		Proteobacteria	Proteobacteria			phylum			accepted			Bacteria	Proteobacteria				
11187411	a97f36e5-ded1-49cc-bdec-ac6170fc7b9c	3			CLD3						phylum			accepted			Bacteria	CLD3				
11194308	a97f36e5-ded1-49cc-bdec-ac6170fc7b9c	3			Desulfobacterota_C						phylum			accepted			Bacteria	Desulfobacterota_C				
11626047	a97f36e5-ded1-49cc-bdec-ac6170fc7b9c	3			BS750m-G25						phylum			accepted			Bacteria	BS750m-G25				
10707955	a97f36e5-ded1-49cc-bdec-ac6170fc7b9c	3			Bacteroidota		Bacteroidota	Bacteroidota			phylum			accepted			Bacteria	Bacteroidota				
10848431	a97f36e5-ded1-49cc-bdec-ac6170fc7b9c	3			ARS69						phylum			accepted			Bacteria	ARS69				
10869747	a97f36e5-ded1-49cc-bdec-ac6170fc7b9c	3			SLNR01						phylum			accepted			Bacteria	SLNR01				
10781589	a97f36e5-ded1-49cc-bdec-ac6170fc7b9c	3			UBP13						phylum			accepted			Bacteria	UBP13				
11849343	a97f36e5-ded1-49cc-bdec-ac6170fc7b9c	3			JACQOV01						phylum			accepted			Bacteria	JACQOV01				
10708123	a97f36e5-ded1-49cc-bdec-ac6170fc7b9c	3			TA06						phylum			accepted			Bacteria	TA06				
11203642	a97f36e5-ded1-49cc-bdec-ac6170fc7b9c	3			Firmicutes_G						phylum			accepted			Bacteria	Firmicutes_G				
11200720	a97f36e5-ded1-49cc-bdec-ac6170fc7b9c	3			Gemmatimonadota_A						phylum			accepted			Bacteria	Gemmatimonadota_A				
11145780	a97f36e5-ded1-49cc-bdec-ac6170fc7b9c	3			DUMJ01						phylum			accepted			Bacteria	DUMJ01				
11819347	a97f36e5-ded1-49cc-bdec-ac6170fc7b9c	3			JAAXHH01						phylum			accepted			Bacteria	JAAXHH01				
11141473	a97f36e5-ded1-49cc-bdec-ac6170fc7b9c	3			Chlamydiota		Chlamydiota	Chlamydiota			phylum			accepted			Bacteria	Chlamydiota				
10764983	a97f36e5-ded1-49cc-bdec-ac6170fc7b9c	3			RUG730						phylum			accepted			Bacteria	RUG730				
10768945	a97f36e5-ded1-49cc-bdec-ac6170fc7b9c	3			Dormibacterota		Dormibacterota	Dormibacterota			phylum			accepted			Bacteria	Dormibacterota				
10864992	a97f36e5-ded1-49cc-bdec-ac6170fc7b9c	3			UBP17						phylum			accepted			Bacteria	UBP17				
10863644	a97f36e5-ded1-49cc-bdec-ac6170fc7b9c	3			CSP1-3						phylum			accepted			Bacteria	CSP1-3				
10720360	a97f36e5-ded1-49cc-bdec-ac6170fc7b9c	3			Aerophobota		Aerophobota	Aerophobota			phylum			accepted			Bacteria	Aerophobota				
10849189	a97f36e5-ded1-49cc-bdec-ac6170fc7b9c	3			UBA3054						phylum			accepted			Bacteria	UBA3054				
10747830	a97f36e5-ded1-49cc-bdec-ac6170fc7b9c	3			Patescibacteria		Patescibacteria	Patescibacteria			phylum			accepted			Bacteria	Patescibacteria				
10683393	a97f36e5-ded1-49cc-bdec-ac6170fc7b9c	3			Dependentiae		Dependentiae	Dependentiae			phylum			accepted			Bacteria	Dependentiae				
11143658	a97f36e5-ded1-49cc-bdec-ac6170fc7b9c	3			UBA8481						phylum			accepted			Bacteria	UBA8481				
10848613	a97f36e5-ded1-49cc-bdec-ac6170fc7b9c	3			Firestonebacteria		Firestonebacteria	Firestonebacteria			phylum			accepted			Bacteria	Firestonebacteria				
11775407	a97f36e5-ded1-49cc-bdec-ac6170fc7b9c	3			BS750m-G34						phylum			accepted			Bacteria	BS750m-G34				
10715929	a97f36e5-ded1-49cc-bdec-ac6170fc7b9c	3			Desulfobacterota		Desulfobacterota	Desulfobacterota			phylum			accepted			Bacteria	Desulfobacterota				
11379028	a97f36e5-ded1-49cc-bdec-ac6170fc7b9c	3			Desulfobacterota_D						phylum			accepted			Bacteria	Desulfobacterota_D				
10672378	a97f36e5-ded1-49cc-bdec-ac6170fc7b9c	3			SM23-31						phylum			accepted			Bacteria	SM23-31				
11621874	a97f36e5-ded1-49cc-bdec-ac6170fc7b9c	3			JAGOEH01						phylum			accepted			Bacteria	JAGOEH01				
10748301	aa1bc573-f338-482d-b6aa-f371d57f20f5	3			Caldatribacteriota		Caldatribacteriota	Caldatribacteriota			phylum			accepted			Bacteria	Caldatribacteriota				
10807863	a97f36e5-ded1-49cc-bdec-ac6170fc7b9c	3			Hydrogenedentota		Hydrogenedentota	Hydrogenedentota			phylum			accepted			Bacteria	Hydrogenedentota				
11216019	a97f36e5-ded1-49cc-bdec-ac6170fc7b9c	3			Nitrospinota_B						phylum			accepted			Bacteria	Nitrospinota_B				
10731046	a97f36e5-ded1-49cc-bdec-ac6170fc7b9c	3			CG2-30-70-394						phylum			accepted			Bacteria	CG2-30-70-394				
11179054	a97f36e5-ded1-49cc-bdec-ac6170fc7b9c	3			JACIXR01						phylum			accepted			Bacteria	JACIXR01				
10810028	a97f36e5-ded1-49cc-bdec-ac6170fc7b9c	3			Aquificota		Aquificota	Aquificota			phylum			accepted			Bacteria	Aquificota				
11416891	a97f36e5-ded1-49cc-bdec-ac6170fc7b9c	3			JADJOY01						phylum			accepted			Bacteria	JADJOY01				
10751434	a97f36e5-ded1-49cc-bdec-ac6170fc7b9c	3			4572-55						phylum			accepted			Bacteria	4572-55				
11605907	a97f36e5-ded1-49cc-bdec-ac6170fc7b9c	3			HKB111						phylum			accepted			Bacteria	HKB111				
10821206	a97f36e5-ded1-49cc-bdec-ac6170fc7b9c	3			TA06_A						phylum			accepted			Bacteria	TA06_A				
11810650	a97f36e5-ded1-49cc-bdec-ac6170fc7b9c	3			JACPSX01						phylum			accepted			Bacteria	JACPSX01				
10799514	a97f36e5-ded1-49cc-bdec-ac6170fc7b9c	3			Zixibacteria		Zixibacteria	Zixibacteria			phylum			accepted			Bacteria	Zixibacteria				
10818407	a97f36e5-ded1-49cc-bdec-ac6170fc7b9c	3			UBA2233						phylum			accepted			Bacteria	UBA2233				
11576260	a97f36e5-ded1-49cc-bdec-ac6170fc7b9c	3			UBA6266						phylum			accepted			Bacteria	UBA6266				
11143796	a97f36e5-ded1-49cc-bdec-ac6170fc7b9c	3			Firmicutes_B						phylum			accepted			Bacteria	Firmicutes_B				
11930699	a97f36e5-ded1-49cc-bdec-ac6170fc7b9c	3			VGIX01						phylum			accepted			Bacteria	VGIX01				
10814448	a97f36e5-ded1-49cc-bdec-ac6170fc7b9c	3			Myxococcota		Myxococcota	Myxococcota			phylum			accepted			Bacteria	Myxococcota				
10773962	a97f36e5-ded1-49cc-bdec-ac6170fc7b9c	3			Verrucomicrobiota		Verrucomicrobiota	Verrucomicrobiota			phylum			accepted			Bacteria	Verrucomicrobiota				
10685384	a97f36e5-ded1-49cc-bdec-ac6170fc7b9c	3			Fusobacteriota		Fusobacteriota	Fusobacteriota			phylum			accepted			Bacteria	Fusobacteriota				
10841181	a97f36e5-ded1-49cc-bdec-ac6170fc7b9c	3			Acidobacteriota		Acidobacteriota	Acidobacteriota			phylum			accepted			Bacteria	Acidobacteriota				
10885487	a97f36e5-ded1-49cc-bdec-ac6170fc7b9c	3			UBP18						phylum			accepted			Bacteria	UBP18				
10690675	a97f36e5-ded1-49cc-bdec-ac6170fc7b9c	3			Chloroflexota		Chloroflexota	Chloroflexota			phylum			accepted			Bacteria	Chloroflexota				
10722104	a97f36e5-ded1-49cc-bdec-ac6170fc7b9c	3			Wallbacteria		Wallbacteria	Wallbacteria			phylum			accepted			Bacteria	Wallbacteria				
10742187	a97f36e5-ded1-49cc-bdec-ac6170fc7b9c	3			AABM5-125-24						phylum			accepted			Bacteria	AABM5-125-24				
11472653	a97f36e5-ded1-49cc-bdec-ac6170fc7b9c	3			UBA8248						phylum			accepted			Bacteria	UBA8248				
10897891	a97f36e5-ded1-49cc-bdec-ac6170fc7b9c	3			Thermotogota		Thermotogota	Thermotogota			phylum			accepted			Bacteria	Thermotogota				
11202692	a97f36e5-ded1-49cc-bdec-ac6170fc7b9c	3			QNDG01						phylum			accepted			Bacteria	QNDG01				
10779189	a97f36e5-ded1-49cc-bdec-ac6170fc7b9c	3			Riflebacteria		Riflebacteria	Riflebacteria			phylum			accepted			Bacteria	Riflebacteria				
10760200	a97f36e5-ded1-49cc-bdec-ac6170fc7b9c	3			Nitrospinota		Nitrospinota	Nitrospinota			phylum			accepted			Bacteria	Nitrospinota				
10778520	a97f36e5-ded1-49cc-bdec-ac6170fc7b9c	3			Elusimicrobiota		Elusimicrobiota	Elusimicrobiota			phylum			accepted			Bacteria	Elusimicrobiota				
10853889	a97f36e5-ded1-49cc-bdec-ac6170fc7b9c	3			Thermosulfidibacterota		Thermosulfidibacterota	Thermosulfidibacterota			phylum			accepted			Bacteria	Thermosulfidibacterota				
10779781	a97f36e5-ded1-49cc-bdec-ac6170fc7b9c	3			CSSED10-310						phylum			accepted			Bacteria	CSSED10-310				
11121594	a97f36e5-ded1-49cc-bdec-ac6170fc7b9c	3			Desulfobacterota_G						phylum			accepted			Bacteria	Desulfobacterota_G				
11124691	a97f36e5-ded1-49cc-bdec-ac6170fc7b9c	3			Desulfobacterota_B						phylum			accepted			Bacteria	Desulfobacterota_B				
10804946	a97f36e5-ded1-49cc-bdec-ac6170fc7b9c	3			DTU030						phylum			accepted			Bacteria	DTU030				
10671431	a97f36e5-ded1-49cc-bdec-ac6170fc7b9c	3			B130-G9						phylum			accepted			Bacteria	B130-G9				
10704569	a97f36e5-ded1-49cc-bdec-ac6170fc7b9c	3			UBA6262						phylum			accepted			Bacteria	UBA6262				
11478379	a97f36e5-ded1-49cc-bdec-ac6170fc7b9c	3			JAHJDO01						phylum			accepted			Bacteria	JAHJDO01				
10789133	a97f36e5-ded1-49cc-bdec-ac6170fc7b9c	3			Calescibacterota		Calescibacterota	Calescibacterota			phylum			accepted			Bacteria	Calescibacterota				
10769556	a97f36e5-ded1-49cc-bdec-ac6170fc7b9c	3			Fermentibacterota		Fermentibacterota	Fermentibacterota			phylum			accepted			Bacteria	Fermentibacterota				
11800809	a97f36e5-ded1-49cc-bdec-ac6170fc7b9c	3			JACPUC01						phylum			accepted			Bacteria	JACPUC01				
68	a97f36e5-ded1-49cc-bdec-ac6170fc7b9c	3			Cyanobacteria		Cyanobacteria	Cyanobacteria			phylum			accepted			Bacteria	Cyanobacteria				
10884362	a97f36e5-ded1-49cc-bdec-ac6170fc7b9c	3			Eremiobacterota		Eremiobacterota	Eremiobacterota			phylum			accepted			Bacteria	Eremiobacterota				
11465024	a97f36e5-ded1-49cc-bdec-ac6170fc7b9c	3			Bdellovibrionota_E						phylum			accepted			Bacteria	Bdellovibrionota_E				
10899072	a97f36e5-ded1-49cc-bdec-ac6170fc7b9c	3			Muirbacteria		Muirbacteria	Muirbacteria			phylum			accepted			Bacteria	Muirbacteria				
10682846	a97f36e5-ded1-49cc-bdec-ac6170fc7b9c	3			Krumholzibacteriota		Krumholzibacteriota	Krumholzibacteriota			phylum			accepted			Bacteria	Krumholzibacteriota				
10894271	a97f36e5-ded1-49cc-bdec-ac6170fc7b9c	3			Armatimonadota		Armatimonadota	Armatimonadota			phylum			accepted			Bacteria	Armatimonadota				
10807793	a97f36e5-ded1-49cc-bdec-ac6170fc7b9c	3			Tectomicrobia		Tectomicrobia	Tectomicrobia			phylum			accepted			Bacteria	Tectomicrobia				
10704500	a97f36e5-ded1-49cc-bdec-ac6170fc7b9c	3			Schekmanbacteria		Schekmanbacteria	Schekmanbacteria			phylum			accepted			Bacteria	Schekmanbacteria				
10761313	a97f36e5-ded1-49cc-bdec-ac6170fc7b9c	3			Bipolaricaulota		Bipolaricaulota	Bipolaricaulota			phylum			accepted			Bacteria	Bipolaricaulota				
11872633	a97f36e5-ded1-49cc-bdec-ac6170fc7b9c	3			Chrysiogenota		Chrysiogenota	Chrysiogenota			phylum			accepted			Bacteria	Chrysiogenota				
10739891	a97f36e5-ded1-49cc-bdec-ac6170fc7b9c	3			BMS3Abin14						phylum			accepted			Bacteria	BMS3Abin14				
11844130	a97f36e5-ded1-49cc-bdec-ac6170fc7b9c	3			JACRDZ01						phylum			accepted			Bacteria	JACRDZ01				
11159025	a97f36e5-ded1-49cc-bdec-ac6170fc7b9c	3			JABMQX01						phylum			accepted			Bacteria	JABMQX01				
10781403	a97f36e5-ded1-49cc-bdec-ac6170fc7b9c	3			Goldbacteria		Goldbacteria	Goldbacteria			phylum			accepted			Bacteria	Goldbacteria				
11125874	a97f36e5-ded1-49cc-bdec-ac6170fc7b9c	3			Mcinerneyibacteriota		Mcinerneyibacteriota	Mcinerneyibacteriota			phylum			accepted			Bacteria	Mcinerneyibacteriota				
10810193	a97f36e5-ded1-49cc-bdec-ac6170fc7b9c	3			Desantisbacteria		Desantisbacteria	Desantisbacteria			phylum			accepted			Bacteria	Desantisbacteria				
11866101	a97f36e5-ded1-49cc-bdec-ac6170fc7b9c	3			JAFGOL01						phylum			accepted			Bacteria	JAFGOL01				
11517922	a97f36e5-ded1-49cc-bdec-ac6170fc7b9c	3			Atribacterota		Atribacterota	Atribacterota			phylum			accepted			Bacteria	Atribacterota				
11371390	a97f36e5-ded1-49cc-bdec-ac6170fc7b9c	3			Firmicutes_A						phylum			accepted			Bacteria	Firmicutes_A				
11197078	a97f36e5-ded1-49cc-bdec-ac6170fc7b9c	3			Firmicutes_H						phylum			accepted			Bacteria	Firmicutes_H				
10893982	a97f36e5-ded1-49cc-bdec-ac6170fc7b9c	3			Synergistota		Synergistota	Synergistota			phylum			accepted			Bacteria	Synergistota				
10755940	a97f36e5-ded1-49cc-bdec-ac6170fc7b9c	3			UBP6						phylum			accepted			Bacteria	UBP6				
10696429	a97f36e5-ded1-49cc-bdec-ac6170fc7b9c	3			Eisenbacteria		Eisenbacteria	Eisenbacteria			phylum			accepted			Bacteria	Eisenbacteria				
10831162	a97f36e5-ded1-49cc-bdec-ac6170fc7b9c	3			CG03						phylum			accepted			Bacteria	CG03				
10743742	a97f36e5-ded1-49cc-bdec-ac6170fc7b9c	3			Myxococcota_A						phylum			accepted			Bacteria	Myxococcota_A				
10876920	a97f36e5-ded1-49cc-bdec-ac6170fc7b9c	3			Margulisbacteria		Margulisbacteria	Margulisbacteria			phylum			accepted			Bacteria	Margulisbacteria				
10874215	a97f36e5-ded1-49cc-bdec-ac6170fc7b9c	3			Calditrichota		Calditrichota	Calditrichota			phylum			accepted			Bacteria	Calditrichota				
11620478	a97f36e5-ded1-49cc-bdec-ac6170fc7b9c	3			JACPWU01						phylum			accepted			Bacteria	JACPWU01				
11868475	a97f36e5-ded1-49cc-bdec-ac6170fc7b9c	3			JAFGND01						phylum			accepted			Bacteria	JAFGND01				
10876299	a97f36e5-ded1-49cc-bdec-ac6170fc7b9c	3			UBP4						phylum			accepted			Bacteria	UBP4				
10885010	a97f36e5-ded1-49cc-bdec-ac6170fc7b9c	3			Deinococcota		Deinococcota	Deinococcota			phylum			accepted			Bacteria	Deinococcota				
10844691	a97f36e5-ded1-49cc-bdec-ac6170fc7b9c	3			Coprothermobacterota		Coprothermobacterota	Coprothermobacterota			phylum			accepted			Bacteria	Coprothermobacterota				
10825796	a97f36e5-ded1-49cc-bdec-ac6170fc7b9c	3			Marinisomatota		Marinisomatota	Marinisomatota			phylum			accepted			Bacteria	Marinisomatota				
11217966	a97f36e5-ded1-49cc-bdec-ac6170fc7b9c	3			CAIJMQ01						phylum			accepted			Bacteria	CAIJMQ01				
11193911	a97f36e5-ded1-49cc-bdec-ac6170fc7b9c	3			Firmicutes_D						phylum			accepted			Bacteria	Firmicutes_D				
11639670	a97f36e5-ded1-49cc-bdec-ac6170fc7b9c	3			JAGOBX01						phylum			accepted			Bacteria	JAGOBX01				
10830501	a97f36e5-ded1-49cc-bdec-ac6170fc7b9c	3			Moduliflexota		Moduliflexota	Moduliflexota			phylum			accepted			Bacteria	Moduliflexota				
10813635	a97f36e5-ded1-49cc-bdec-ac6170fc7b9c	3			Actinobacteriota		Actinobacteriota	Actinobacteriota			phylum			accepted			Bacteria	Actinobacteriota				
11766892	a97f36e5-ded1-49cc-bdec-ac6170fc7b9c	3			JACPQY01						phylum			accepted			Bacteria	JACPQY01				
10725132	a97f36e5-ded1-49cc-bdec-ac6170fc7b9c	3			Gemmatimonadota		Gemmatimonadota	Gemmatimonadota			phylum			accepted			Bacteria	Gemmatimonadota				
11619505	a97f36e5-ded1-49cc-bdec-ac6170fc7b9c	3			UBA1439						phylum			accepted			Bacteria	UBA1439				
10707313	a97f36e5-ded1-49cc-bdec-ac6170fc7b9c	3			Edwardsbacteria		Edwardsbacteria	Edwardsbacteria			phylum			accepted			Bacteria	Edwardsbacteria				
11157936	a97f36e5-ded1-49cc-bdec-ac6170fc7b9c	3			Firmicutes_F						phylum			accepted			Bacteria	Firmicutes_F				
11117542	a97f36e5-ded1-49cc-bdec-ac6170fc7b9c	3			Firmicutes_E						phylum			accepted			Bacteria	Firmicutes_E				
11112858	a97f36e5-ded1-49cc-bdec-ac6170fc7b9c	3			Bdellovibrionota_C						phylum			accepted			Bacteria	Bdellovibrionota_C				
10855228	a97f36e5-ded1-49cc-bdec-ac6170fc7b9c	3			KSB1						phylum			accepted			Bacteria	KSB1				
10716523	a97f36e5-ded1-49cc-bdec-ac6170fc7b9c	3			Sumerlaeota		Sumerlaeota	Sumerlaeota			phylum			accepted			Bacteria	Sumerlaeota				
10897559	a97f36e5-ded1-49cc-bdec-ac6170fc7b9c	3			B26-G2						class			accepted			Bacteria		B26-G2			
10682923	a97f36e5-ded1-49cc-bdec-ac6170fc7b9c	3			Hydrothermia		Hydrothermia	Hydrothermia			class			accepted			Bacteria		Hydrothermia			
10724297	a97f36e5-ded1-49cc-bdec-ac6170fc7b9c	3			E44-bin80						class			accepted			Bacteria		E44-bin80			
10676888	a97f36e5-ded1-49cc-bdec-ac6170fc7b9c	3			UBA3073						class			accepted			Bacteria		UBA3073			
10826773	a97f36e5-ded1-49cc-bdec-ac6170fc7b9c	3			32-111						class			accepted			Bacteria		32-111			
10842633	a97f36e5-ded1-49cc-bdec-ac6170fc7b9c	3			UBA3072						class			accepted			Bacteria		UBA3072			
10806450	a97f36e5-ded1-49cc-bdec-ac6170fc7b9c	3			Acidulodesulfobacterales		Acidulodesulfobacterales	Acidulodesulfobacterales			order			accepted			Bacteria			Acidulodesulfobacterales		
10822739	a97f36e5-ded1-49cc-bdec-ac6170fc7b9c	3			UBA2258						order			accepted			Bacteria			UBA2258		
11201378	a97f36e5-ded1-49cc-bdec-ac6170fc7b9c	3			DTGQ01						order			accepted			Bacteria			DTGQ01		
11170286	a97f36e5-ded1-49cc-bdec-ac6170fc7b9c	3			B3-TA06						order			accepted			Bacteria			B3-TA06		
10749670	a97f36e5-ded1-49cc-bdec-ac6170fc7b9c	3			SM23-42						order			accepted			Bacteria			SM23-42		
11856190	7ddf754f-d193-4cc9-b351-99906754a03b	0			Naldaviricetes		Naldaviricetes	Naldaviricetes			class			accepted			incertae sedis		Naldaviricetes			
10839976	a97f36e5-ded1-49cc-bdec-ac6170fc7b9c	11913170			IMC4						order			accepted			Archaea	Altiarchaeota	Altiarchaeia	IMC4		
11513758	a97f36e5-ded1-49cc-bdec-ac6170fc7b9c	11913170			Altiarchaeales		Altiarchaeales	Altiarchaeales			order			accepted			Archaea	Altiarchaeota	Altiarchaeia	Altiarchaeales		
11608357	a97f36e5-ded1-49cc-bdec-ac6170fc7b9c	11913170			JAFGQM01						order			accepted			Archaea	Altiarchaeota	Altiarchaeia	JAFGQM01		
335	7ea21580-4f06-469d-995b-3f713fdcc37c	37			Glaucophyceae		Glaucophyceae	Glaucophyceae			class			accepted			Plantae	Glaucophyta	Glaucophyceae			
12190099	7ddf754f-d193-4cc9-b351-99906754a03b	35			Andreaeobryopsida		Andreaeobryopsida	Andreaeobryopsida			class		Goffinet, B., & Buck, W. R. (2004). Systematics of the Bryophyta (mosses): from molecules to a revised classification. Monographs in Systematic Botany from the Missouri Botanical Garden, 98, 205–239. https://www.tropicos.org/reference/9028085	accepted			Plantae	Bryophyta	Andreaeobryopsida			
12200697	7ddf754f-d193-4cc9-b351-99906754a03b	35			Takakiopsida		Takakiopsida	Takakiopsida			class		Goffinet, B., & Buck, W. R. (2004). Systematics of the Bryophyta (mosses): from molecules to a revised classification. Monographs in Systematic Botany from the Missouri Botanical Garden, 98, 205–239. https://www.tropicos.org/reference/9028085	accepted			Plantae	Bryophyta	Takakiopsida			
327	7ddf754f-d193-4cc9-b351-99906754a03b	35			Bryopsida		Bryopsida	Bryopsida			class		McClatchie, A. J. (1897). Seedless plants of southern California. Protophytes—Pteridophytes. Proceedings of the Southern California Academy of Sciences, 1, 337–395. https://www.tropicos.org/reference/100042889	accepted			Plantae	Bryophyta	Bryopsida			
326	7ddf754f-d193-4cc9-b351-99906754a03b	35			Andreaeopsida		Andreaeopsida	Andreaeopsida			class		Trevisan de Saint-Léon, V. B. A. (1876). Carestiaea, nuovo genere di Andreäacee. Atti Della Società Italiana Di Scienze Naturali, 19, 468–480. https://www.tropicos.org/reference/100036555	accepted			Plantae	Bryophyta	Andreaeopsida			
190	7ddf754f-d193-4cc9-b351-99906754a03b	35			Sphagnopsida		Sphagnopsida	Sphagnopsida			class		Schimper, W. P. (1857). In Mémoire pour servir à l’Histoire Naturelle des Sphaignes. Imprimerie Impériale. https://www.tropicos.org/reference/100042883	accepted			Plantae	Bryophyta	Sphagnopsida			
12259753	7ddf754f-d193-4cc9-b351-99906754a03b	35			Polytrichopsida		Polytrichopsida	Polytrichopsida			class		Doweld, A. B. (2001). In Prosyllabus Tracheophytorum, tentamen systematis plantarum vascularium (Tracheophyta). Geos. https://www.tropicos.org/reference/9025952	accepted			Plantae	Bryophyta	Polytrichopsida			
332	7ea21580-4f06-469d-995b-3f713fdcc37c	36			Trebouxiophyceae		Trebouxiophyceae	Trebouxiophyceae			class			accepted			Plantae	Chlorophyta	Trebouxiophyceae			
193	7ea21580-4f06-469d-995b-3f713fdcc37c	36			Pleurastrophyceae		Pleurastrophyceae	Pleurastrophyceae			class			accepted			Plantae	Chlorophyta	Pleurastrophyceae			
336	7ea21580-4f06-469d-995b-3f713fdcc37c	36			Prasinophyceae		Prasinophyceae	Prasinophyceae			class			accepted			Plantae	Chlorophyta	Prasinophyceae			
9723807	7ddf754f-d193-4cc9-b351-99906754a03b	36			Chloropicophyceae		Chloropicophyceae	Chloropicophyceae			class		Lopes dos Santos, A.; Pollina, T.; Gourvil, P.; Corre, E.; Marie, D.; Garrido, J. L.; Rodríguez, F.; Noël, M.-H.; Vaulot, D.; Eikrem, W. (2017). Chloropicophyceae, a new class of picophytoplanktonic prasinophytes. Scientific Reports. 7(1).	accepted			Plantae	Chlorophyta	Chloropicophyceae			
329	7ea21580-4f06-469d-995b-3f713fdcc37c	36			Chlorophyceae		Chlorophyceae	Chlorophyceae			class			accepted			Plantae	Chlorophyta	Chlorophyceae			
8176772	7ea21580-4f06-469d-995b-3f713fdcc37c	36			Mamiellophyceae		Mamiellophyceae	Mamiellophyceae			class			accepted			Plantae	Chlorophyta	Mamiellophyceae			
195	7ea21580-4f06-469d-995b-3f713fdcc37c	36			Ulvophyceae		Ulvophyceae	Ulvophyceae			class			accepted			Plantae	Chlorophyta	Ulvophyceae			
9397464	7ddf754f-d193-4cc9-b351-99906754a03b	36			Chlorodendrophyceae		Chlorodendrophyceae	Chlorodendrophyceae			class			accepted			Plantae	Chlorophyta	Chlorodendrophyceae			
12203163	7ddf754f-d193-4cc9-b351-99906754a03b	36			Palmophyllophyceae		Palmophyllophyceae	Palmophyllophyceae			class		Leliaert, F.; Tronholm, A.; Lemieux, C.; Turmel, M.; DePriest, M. S.; Bhattacharya, D.; Karol, K. G.; Fredericq, S.; Zechman, F. W.; Lopez-Bautista, J. M. (2016). Chloroplast phylogenomic analyses reveal the deepest-branching lineage of the Chlorophyta, Palmophyllophyceae class. nov. Scientific Reports. 6, 25367.	accepted			Plantae	Chlorophyta	Palmophyllophyceae			
192	7ea21580-4f06-469d-995b-3f713fdcc37c	36			Pedinophyceae		Pedinophyceae	Pedinophyceae			class			accepted			Plantae	Chlorophyta	Pedinophyceae			
7857160	7ea21580-4f06-469d-995b-3f713fdcc37c	36			Nephroselmidophyceae		Nephroselmidophyceae	Nephroselmidophyceae			class			accepted			Plantae	Chlorophyta	Nephroselmidophyceae			
9693427	7ddf754f-d193-4cc9-b351-99906754a03b	36			Pyramimonadophyceae		Pyramimonadophyceae	Pyramimonadophyceae			class		Daugbjerg, N.; Fassel, N. M.; Moestrup, Ø. (2019). Microscopy and phylogeny of Pyramimonas tatianae sp. nov. (Pyramimonadales, Chlorophyta), a scaly quadriflagellate from Golden Horn Bay (eastern Russia) and formal description of Pyramimonadophyceae classis nova. European Journal of Phycology. 55(1): 49-63.	accepted			Plantae	Chlorophyta	Pyramimonadophyceae			
9760172	7ddf754f-d193-4cc9-b351-99906754a03b	36			Picocystophyceae		Picocystophyceae	Picocystophyceae			class		Lopes dos Santos, A.; Pollina, T.; Gourvil, P.; Corre, E.; Marie, D.; Garrido, J. L.; Rodríguez, F.; Noël, M.-H.; Vaulot, D.; Eikrem, W. (2017). Chloropicophyceae, a new class of picophytoplanktonic prasinophytes. Scientific Reports. 7(1).	accepted			Plantae	Chlorophyta	Picocystophyceae			
9646426	7ddf754f-d193-4cc9-b351-99906754a03b	36			Marsupiomonadales		Marsupiomonadales	Marsupiomonadales			order			accepted			Plantae	Chlorophyta		Marsupiomonadales		
10861158	7ddf754f-d193-4cc9-b351-99906754a03b	10685657			Polivirales		Polivirales	Polivirales			order			accepted			Viruses	Cossaviricota	Mouviricetes	Polivirales		
10863763	7ddf754f-d193-4cc9-b351-99906754a03b	10695749			Zurhausenvirales		Zurhausenvirales	Zurhausenvirales			order			accepted			Viruses	Cossaviricota	Papovaviricetes	Zurhausenvirales		
10819697	7ddf754f-d193-4cc9-b351-99906754a03b	10695749			Sepolyvirales		Sepolyvirales	Sepolyvirales			order			accepted			Viruses	Cossaviricota	Papovaviricetes	Sepolyvirales		
125	7ddf754f-d193-4cc9-b351-99906754a03b	9			Marchantiopsida		Marchantiopsida	Marchantiopsida			class		Cronquist, A. J., Takhtajan, A. L., & Zimmermann, W. M. (1966). On the higher taxa of Embryobionta. Taxon, 15(4), 129–134. https://www.tropicos.org/reference/1006256	accepted			Plantae	Marchantiophyta	Marchantiopsida			
126	7ddf754f-d193-4cc9-b351-99906754a03b	9			Jungermanniopsida		Jungermanniopsida	Jungermanniopsida			class		Stotler, R. E., & Crandall-Stotler, B. J. (1977). A checklist of the liverworts and hornworts of North America. The Bryologist, 80, 405–428. https://www.tropicos.org/reference/9009740	accepted			Plantae	Marchantiophyta	Jungermanniopsida			
127	7ddf754f-d193-4cc9-b351-99906754a03b	9			Haplomitriopsida		Haplomitriopsida	Haplomitriopsida			class		Stotler, R. E., & Crandall-Stotler, B. J. (1977). A checklist of the liverworts and hornworts of North America. The Bryologist, 80, 405–428. https://www.tropicos.org/reference/9009740	accepted			Plantae	Marchantiophyta	Haplomitriopsida			
7548319	7ea21580-4f06-469d-995b-3f713fdcc37c	106			Stylonematophyceae		Stylonematophyceae	Stylonematophyceae			class			accepted			Plantae	Rhodophyta	Stylonematophyceae			
340	7ea21580-4f06-469d-995b-3f713fdcc37c	106			Compsopogonophyceae		Compsopogonophyceae	Compsopogonophyceae			class			accepted			Plantae	Rhodophyta	Compsopogonophyceae			
198	7ea21580-4f06-469d-995b-3f713fdcc37c	106			Bangiophyceae		Bangiophyceae	Bangiophyceae			class			accepted			Plantae	Rhodophyta	Bangiophyceae			
343	7ea21580-4f06-469d-995b-3f713fdcc37c	106			Rhodellophyceae		Rhodellophyceae	Rhodellophyceae			class			accepted			Plantae	Rhodophyta	Rhodellophyceae			
7739182	7ea21580-4f06-469d-995b-3f713fdcc37c	106			Porphyridiophyceae		Porphyridiophyceae	Porphyridiophyceae			class			accepted			Plantae	Rhodophyta	Porphyridiophyceae			
342	7ea21580-4f06-469d-995b-3f713fdcc37c	106			Florideophyceae		Florideophyceae	Florideophyceae			class			accepted			Plantae	Rhodophyta	Florideophyceae			
334	7ea21580-4f06-469d-995b-3f713fdcc37c	106			Cyanidiophyceae		Cyanidiophyceae	Cyanidiophyceae			class		Merola, A.; Castaldo, R.; Luca, P. D.; Gambardella, R.; Musacchio, A.; Taddei, R. (1981). Revision of Cyanidium caldarium. Three species of acidophilic algae. Giornale botanico italiano. 115(4-5): 189-195.	accepted			Plantae	Rhodophyta	Cyanidiophyceae			
8029077	7ea21580-4f06-469d-995b-3f713fdcc37c	106			Rhodophyceae		Rhodophyceae	Rhodophyceae			class			accepted			Plantae	Rhodophyta	Rhodophyceae			
9716643	7ddf754f-d193-4cc9-b351-99906754a03b	106			Archaeolithophyllales		Archaeolithophyllales	Archaeolithophyllales			order			accepted			Plantae	Rhodophyta		Archaeolithophyllales		
328	7ea21580-4f06-469d-995b-3f713fdcc37c	7819616			Charophyceae		Charophyceae	Charophyceae			class			accepted			Plantae	Charophyta	Charophyceae			
333	7ea21580-4f06-469d-995b-3f713fdcc37c	7819616			Zygnematophyceae		Zygnematophyceae	Zygnematophyceae			class			accepted			Plantae	Charophyta	Zygnematophyceae			
9659166	7ddf754f-d193-4cc9-b351-99906754a03b	7819616			Coleochaetophyceae		Coleochaetophyceae	Coleochaetophyceae			class			accepted			Plantae	Charophyta	Coleochaetophyceae			
10879408	7ddf754f-d193-4cc9-b351-99906754a03b	7819616			Chlorokybophyceae		Chlorokybophyceae	Chlorokybophyceae			class			accepted			Plantae	Charophyta	Chlorokybophyceae			
330	7ea21580-4f06-469d-995b-3f713fdcc37c	7819616			Klebsormidiophyceae		Klebsormidiophyceae	Klebsormidiophyceae			class			accepted			Plantae	Charophyta	Klebsormidiophyceae			
9748626	7ddf754f-d193-4cc9-b351-99906754a03b	7819616			Conjugatophyceae		Conjugatophyceae	Conjugatophyceae			class			accepted			Plantae	Charophyta	Conjugatophyceae			
331	7ea21580-4f06-469d-995b-3f713fdcc37c	7819616			Mesostigmatophyceae		Mesostigmatophyceae	Mesostigmatophyceae			class			accepted			Plantae	Charophyta	Mesostigmatophyceae			
10701545	a97f36e5-ded1-49cc-bdec-ac6170fc7b9c	10855146			Methylomirabilales		Methylomirabilales	Methylomirabilales			order			accepted			Bacteria	Methylomirabilota	Methylomirabilia	Methylomirabilales		
11162185	a97f36e5-ded1-49cc-bdec-ac6170fc7b9c	10855146			DTKO01						order			accepted			Bacteria	Methylomirabilota	Methylomirabilia	DTKO01		
10679677	a97f36e5-ded1-49cc-bdec-ac6170fc7b9c	10855146			Rokubacteriales		Rokubacteriales	Rokubacteriales			order			accepted			Bacteria	Methylomirabilota	Methylomirabilia	Rokubacteriales		
228	7ddf754f-d193-4cc9-b351-99906754a03b	7707728			Cycadopsida		Cycadopsida	Cycadopsida			class			accepted			Plantae	Tracheophyta	Cycadopsida			
7228684	7ddf754f-d193-4cc9-b351-99906754a03b	7707728			Polypodiopsida		Polypodiopsida	Polypodiopsida			class			accepted			Plantae	Tracheophyta	Polypodiopsida			
196	daacce49-b206-469b-8dc2-2257719f3afa	7707728			Liliopsida		Liliopsida	Liliopsida			class			accepted			Plantae	Tracheophyta	Liliopsida			
194	7ddf754f-d193-4cc9-b351-99906754a03b	7707728			Pinopsida		Pinopsida	Pinopsida			class			accepted			Plantae	Tracheophyta	Pinopsida			
282	7ddf754f-d193-4cc9-b351-99906754a03b	7707728			Gnetopsida		Gnetopsida	Gnetopsida			class			accepted			Plantae	Tracheophyta	Gnetopsida			
244	7ddf754f-d193-4cc9-b351-99906754a03b	7707728			Ginkgoopsida		Ginkgoopsida	Ginkgoopsida			class			accepted			Plantae	Tracheophyta	Ginkgoopsida			
220	daacce49-b206-469b-8dc2-2257719f3afa	7707728			Magnoliopsida		Magnoliopsida	Magnoliopsida			class			accepted			Plantae	Tracheophyta	Magnoliopsida			
245	daacce49-b206-469b-8dc2-2257719f3afa	7707728			Lycopodiopsida		Lycopodiopsida	Lycopodiopsida			class			accepted			Plantae	Tracheophyta	Lycopodiopsida			
10847115	7ddf754f-d193-4cc9-b351-99906754a03b	10776839			Piccovirales		Piccovirales	Piccovirales			order			accepted			Viruses	Cossaviricota	Quintoviricetes	Piccovirales		
132	7ddf754f-d193-4cc9-b351-99906754a03b	13			Anthocerotopsida		Anthocerotopsida	Anthocerotopsida			class		Janczewski, E. (1872). Vergleichende Untersuchungen über die Entwickelungsgeschichte des Archegoniums (Fortsetzung). Botanische Zeitung (Berlin), 30(22), 401–420. https://www.tropicos.org/reference/100043014	accepted			Plantae	Anthocerotophyta	Anthocerotopsida			
241	7ddf754f-d193-4cc9-b351-99906754a03b	13			Leiosporocerotopsida		Leiosporocerotopsida	Leiosporocerotopsida			class		Stotler, R. E., & Crandall-Stotler, B. J. (2005). A revised classification of the Anthocerotophyta and a checklist of the Hornworts of North America, North of Mexico. The Bryologist, 108, 16–26. https://www.tropicos.org/reference/9029422	accepted			Plantae	Anthocerotophyta	Leiosporocerotopsida			
8727671	7ea21580-4f06-469d-995b-3f713fdcc37c	8936985			Dinamoebida		Dinamoebida	Dinamoebida			order			accepted			Chromista	Myzozoa	Peridinea	Dinamoebida		
9112528	7ea21580-4f06-469d-995b-3f713fdcc37c	8936985			Nannoceratopsida		Nannoceratopsida	Nannoceratopsida			order			accepted			Chromista	Myzozoa	Peridinea	Nannoceratopsida		
9003358	7ea21580-4f06-469d-995b-3f713fdcc37c	9049014			Syndiniales		Syndiniales	Syndiniales			order			accepted			Chromista	Myzozoa	Dinophyceae	Syndiniales		
9066259	7ea21580-4f06-469d-995b-3f713fdcc37c	9049014			Actiniscales		Actiniscales	Actiniscales			order			accepted			Chromista	Myzozoa	Dinophyceae	Actiniscales		
9218952	7ea21580-4f06-469d-995b-3f713fdcc37c	9049014			Pyrocystales		Pyrocystales	Pyrocystales			order			accepted			Chromista	Myzozoa	Dinophyceae	Pyrocystales		
8775728	7ea21580-4f06-469d-995b-3f713fdcc37c	9049014			Gonyaulacales		Gonyaulacales	Gonyaulacales			order			accepted			Chromista	Myzozoa	Dinophyceae	Gonyaulacales		
8924724	7ea21580-4f06-469d-995b-3f713fdcc37c	9049014			Coccidiniales		Coccidiniales	Coccidiniales			order			accepted			Chromista	Myzozoa	Dinophyceae	Coccidiniales		
8801054	7ea21580-4f06-469d-995b-3f713fdcc37c	9049014			Lophodiniales		Lophodiniales	Lophodiniales			order			accepted			Chromista	Myzozoa	Dinophyceae	Lophodiniales		
8950312	7ea21580-4f06-469d-995b-3f713fdcc37c	9049014			Thalassomycetales		Thalassomycetales	Thalassomycetales			order			accepted			Chromista	Myzozoa	Dinophyceae	Thalassomycetales		
8907302	7ea21580-4f06-469d-995b-3f713fdcc37c	9049014			Peridiniales		Peridiniales	Peridiniales			order			accepted			Chromista	Myzozoa	Dinophyceae	Peridiniales		
9158113	7ea21580-4f06-469d-995b-3f713fdcc37c	9049014			Oxyrrhinales		Oxyrrhinales	Oxyrrhinales			order			accepted			Chromista	Myzozoa	Dinophyceae	Oxyrrhinales		
9061956	7ea21580-4f06-469d-995b-3f713fdcc37c	9049014			Prorocentrales		Prorocentrales	Prorocentrales			order			accepted			Chromista	Myzozoa	Dinophyceae	Prorocentrales		
8838532	7ea21580-4f06-469d-995b-3f713fdcc37c	9049014			Phytodiniales		Phytodiniales	Phytodiniales			order			accepted			Chromista	Myzozoa	Dinophyceae	Phytodiniales		
8920583	7ea21580-4f06-469d-995b-3f713fdcc37c	9049014			Gymnodiniales		Gymnodiniales	Gymnodiniales			order			accepted			Chromista	Myzozoa	Dinophyceae	Gymnodiniales		
8941098	7ea21580-4f06-469d-995b-3f713fdcc37c	9049014			Blastodiniales		Blastodiniales	Blastodiniales			order			accepted			Chromista	Myzozoa	Dinophyceae	Blastodiniales		
9223475	7ea21580-4f06-469d-995b-3f713fdcc37c	9049014			Amphilothales		Amphilothales	Amphilothales			order			accepted			Chromista	Myzozoa	Dinophyceae	Amphilothales		
8808938	7ea21580-4f06-469d-995b-3f713fdcc37c	9049014			Noctilucales		Noctilucales	Noctilucales			order			accepted			Chromista	Myzozoa	Dinophyceae	Noctilucales		
8972078	7ea21580-4f06-469d-995b-3f713fdcc37c	9049014			Desmomastigales		Desmomastigales	Desmomastigales			order			accepted			Chromista	Myzozoa	Dinophyceae	Desmomastigales		
9135156	7ea21580-4f06-469d-995b-3f713fdcc37c	9049014			Brachidiniales		Brachidiniales	Brachidiniales			order			accepted			Chromista	Myzozoa	Dinophyceae	Brachidiniales		
9098517	7ea21580-4f06-469d-995b-3f713fdcc37c	9049014			Suessiales		Suessiales	Suessiales			order			accepted			Chromista	Myzozoa	Dinophyceae	Suessiales		
8998220	7ea21580-4f06-469d-995b-3f713fdcc37c	9049014			Dinophysiales		Dinophysiales	Dinophysiales			order			accepted			Chromista	Myzozoa	Dinophyceae	Dinophysiales		
9162541	7ea21580-4f06-469d-995b-3f713fdcc37c	9049014			Thoracosphaerales		Thoracosphaerales	Thoracosphaerales			order			accepted			Chromista	Myzozoa	Dinophyceae	Thoracosphaerales		
10845767	7ddf754f-d193-4cc9-b351-99906754a03b	9053329			Rastrimonadida		Rastrimonadida	Rastrimonadida			order			accepted			Chromista	Myzozoa	Syndinea	Rastrimonadida		
9101837	7ea21580-4f06-469d-995b-3f713fdcc37c	9196674			Piroplasmorida		Piroplasmorida	Piroplasmorida			order			accepted			Chromista	Myzozoa	Aconoidasida	Piroplasmorida		
8858586	7ea21580-4f06-469d-995b-3f713fdcc37c	9196674			Haemospororida		Haemospororida	Haemospororida			order			accepted			Chromista	Myzozoa	Aconoidasida	Haemospororida		
9210049	7ea21580-4f06-469d-995b-3f713fdcc37c	8959627			Algovorida		Algovorida	Algovorida			order			accepted			Chromista	Myzozoa	Colponemea	Algovorida		
8846497	7ea21580-4f06-469d-995b-3f713fdcc37c	8959627			Colponemida		Colponemida	Colponemida			order			accepted			Chromista	Myzozoa	Colponemea	Colponemida		
8362112	7ea21580-4f06-469d-995b-3f713fdcc37c	7531158			Eucoccidiorida		Eucoccidiorida	Eucoccidiorida			order			accepted			Chromista	Myzozoa	Conoidasida	Eucoccidiorida		
8736197	7ea21580-4f06-469d-995b-3f713fdcc37c	7531158			Neogregarinorida		Neogregarinorida	Neogregarinorida			order			accepted			Chromista	Myzozoa	Conoidasida	Neogregarinorida		
8856420	7ea21580-4f06-469d-995b-3f713fdcc37c	7531158			Eugregarinorida		Eugregarinorida	Eugregarinorida			order			accepted			Chromista	Myzozoa	Conoidasida	Eugregarinorida		
8927832	7ea21580-4f06-469d-995b-3f713fdcc37c	7531158			Protococcidiorida		Protococcidiorida	Protococcidiorida			order			accepted			Chromista	Myzozoa	Conoidasida	Protococcidiorida		
8783502	7ea21580-4f06-469d-995b-3f713fdcc37c	7531158			Agamococcidiorida		Agamococcidiorida	Agamococcidiorida			order			accepted			Chromista	Myzozoa	Conoidasida	Agamococcidiorida		
9122153	7ea21580-4f06-469d-995b-3f713fdcc37c	7531158			Ixorheorida		Ixorheorida	Ixorheorida			order			accepted			Chromista	Myzozoa	Conoidasida	Ixorheorida		
8837571	7ea21580-4f06-469d-995b-3f713fdcc37c	7531158			Archigregarinorida		Archigregarinorida	Archigregarinorida			order			accepted			Chromista	Myzozoa	Conoidasida	Archigregarinorida		
8990843	7ea21580-4f06-469d-995b-3f713fdcc37c	8816809			Perkinsida		Perkinsida	Perkinsida			order			accepted			Chromista	Myzozoa	Perkinsea	Perkinsida		
8899100	7ea21580-4f06-469d-995b-3f713fdcc37c	8906350			Ellobiopsida		Ellobiopsida	Ellobiopsida			order			accepted			Chromista	Myzozoa	Ellobiopsea	Ellobiopsida		
8902258	7ea21580-4f06-469d-995b-3f713fdcc37c	9148275			Voromonadida		Voromonadida	Voromonadida			order			accepted			Chromista	Myzozoa	Myzomonadea	Voromonadida		
8903214	7ea21580-4f06-469d-995b-3f713fdcc37c	9148275			Chilovorida		Chilovorida	Chilovorida			order			accepted			Chromista	Myzozoa	Myzomonadea	Chilovorida		
9006619	7ea21580-4f06-469d-995b-3f713fdcc37c	9040408			Colpodellida		Colpodellida	Colpodellida			order			accepted			Chromista	Myzozoa	Apicomonadea	Colpodellida		
8801964	7ea21580-4f06-469d-995b-3f713fdcc37c	9040408			Acrocoelida		Acrocoelida	Acrocoelida			order		Cavalier-Smith, T.; Chao, E. (2004). Protalveolate phylogeny and systematics and the origins of Sporozoa and dinoflagellates (phylum Myzozoa nom. nov.). European Journal of Protistology. 40(3): 185-212.	accepted			Chromista	Myzozoa	Apicomonadea	Acrocoelida		
8949379	7ea21580-4f06-469d-995b-3f713fdcc37c	9040408			Chromerida		Chromerida	Chromerida			order		Moore, R. B.; Oborník, M.; Janouškovec, J.; Chrudimský, T.; Vancová, M.; Green, D. H.; Wright, S. W.; Davies, N. W.; Bolch, C. J. S.; Heimann, K.; Šlapeta, J.; Hoegh-Guldberg, O.; Logsdon, J. M.; Carter, D. A. (2008). A photosynthetic alveolate closely related to apicomplexan parasites. Nature. 451(7181): 959-963.	accepted			Chromista	Myzozoa	Apicomonadea	Chromerida		
1192	a97f36e5-ded1-49cc-bdec-ac6170fc7b9c	293			Methanobacteriales		Methanobacteriales	Methanobacteriales			order			accepted			Archaea	Methanobacteriota	Methanobacteria	Methanobacteriales		
206	7ddf754f-d193-4cc9-b351-99906754a03b	43			Anthozoa		Anthozoa	Anthozoa			class			accepted			Animalia	Cnidaria	Anthozoa			
11146120	7ddf754f-d193-4cc9-b351-99906754a03b	43			Myxozoa		Myxozoa	Myxozoa			class			accepted			Animalia	Cnidaria	Myxozoa			
205	7ddf754f-d193-4cc9-b351-99906754a03b	43			Hydrozoa		Hydrozoa	Hydrozoa			class		Owen, R.,. (1843). Lectures on the comparative anatomy and physiology of the invertebrate animals. https://www.marinespecies.org/hydrozoa/aphia.php?p=sourcedetails&id=36834	accepted			Animalia	Cnidaria	Hydrozoa			
176	7ddf754f-d193-4cc9-b351-99906754a03b	43			Cubozoa		Cubozoa	Cubozoa			class			accepted			Animalia	Cnidaria	Cubozoa			
352	daacce49-b206-469b-8dc2-2257719f3afa	43			Scyphozoa		Scyphozoa	Scyphozoa			class		Götte, A. (1887). Entwickelungsgeschichte der Aurelia aurita und Cotylorhiza tuberculata. Abhandlungen Zur Entwickelungsgeschichte Der Tiere, 4, 1–79; 9 plates. https://www.marinespecies.org/aphia.php?p=sourcedetails&id=191765	accepted			Animalia	Cnidaria	Scyphozoa			
309	7ddf754f-d193-4cc9-b351-99906754a03b	43			Staurozoa		Staurozoa	Staurozoa			class			accepted			Animalia	Cnidaria	Staurozoa			
10772917	7ddf754f-d193-4cc9-b351-99906754a03b	5967454			Micrognathozoa		Micrognathozoa	Micrognathozoa			class		Kristensen, Reinhardt Møbjerg, & and Peter Funch. (2000). Micrognathozoa: A New Class With Complicated Jaws Like Those of Rotifera and Gnathostomulida. Journal of Morphology, Vol. 246, No. 1.	accepted			Animalia	Micrognathozoa	Micrognathozoa			
836	7ddf754f-d193-4cc9-b351-99906754a03b	5967457			Nanaloricida		Nanaloricida	Nanaloricida			order		Kristensen, R. M. (1983). Loricifera, A New Phylum with Aschelminthes Characters from the Meiobenthos. Zeitschrift Fur Zoologische Systematik Und Evolutionsforschung, 21: 163–180. https://www.marinespecies.org/aphia.php?p=sourcedetails&id=227946	accepted			Animalia	Loricifera		Nanaloricida		
7496922	7ddf754f-d193-4cc9-b351-99906754a03b	67			Polyacanthocephala		Polyacanthocephala	Polyacanthocephala			class			accepted			Animalia	Acanthocephala	Polyacanthocephala			
253	7ddf754f-d193-4cc9-b351-99906754a03b	67			Archiacanthocephala		Archiacanthocephala	Archiacanthocephala			class			accepted			Animalia	Acanthocephala	Archiacanthocephala			
355	7ddf754f-d193-4cc9-b351-99906754a03b	110			Craniata		Craniata	Craniata			class		Williams, A., Carlson, S., Brunton, C. H. C., Holmer, L. E., & Popov, L. E. (1996). A supra-ordinal classification of the Brachiopoda. Philosophical Transactions of the Royal Society, Biological Sciences, 351: 1117–1193. https://www.marinespecies.org/aphia.php?p=sourcedetails&id=222333	accepted			Animalia	Brachiopoda	Craniata			
254	7ddf754f-d193-4cc9-b351-99906754a03b	67			Palaeacanthocephala		Palaeacanthocephala	Palaeacanthocephala			class			accepted			Animalia	Acanthocephala	Palaeacanthocephala			
210	7ddf754f-d193-4cc9-b351-99906754a03b	110			Rhynchonellata		Rhynchonellata	Rhynchonellata			class		Williams, A., Carlson, S., Brunton, C. H. C., Holmer, L. E., & Popov, L. E. (1996). A supra-ordinal classification of the Brachiopoda. Philosophical Transactions of the Royal Society, Biological Sciences, 351: 1117–1193. https://www.marinespecies.org/aphia.php?p=sourcedetails&id=222333	accepted			Animalia	Brachiopoda	Rhynchonellata			
209	7ddf754f-d193-4cc9-b351-99906754a03b	110			Lingulata		Lingulata	Lingulata			class		Gorjansky, V. Y., & Popov, L. E. (1985). Morfologiya, sistematicheskoe polozhenie i proiskhozhdenie bezzamkovykh brakhiopod s karbonatnoj rakovinoj. [The morphology, systematic position, and origin of inarticulate brachiopods with carbonate shells]. Paleontologicheskii Zhurnal, 3: 3–13. https://www.marinespecies.org/aphia.php?p=sourcedetails&id=222335	accepted			Animalia	Brachiopoda	Lingulata			
140	7ddf754f-d193-4cc9-b351-99906754a03b	67			Eoacanthocephala		Eoacanthocephala	Eoacanthocephala			class			accepted			Animalia	Acanthocephala	Eoacanthocephala			
308	7ddf754f-d193-4cc9-b351-99906754a03b	105			Calcarea		Calcarea	Calcarea			class		Bowerbank, J. S. (1862). On the Anatomy and Physiology of the Spongiadae. Part II. Philosophical Transactions of the Royal Society, 152(2): 747–829, pls XXVII–XXXV. https://www.marinespecies.org/porifera/aphia.php?p=sourcedetails&id=7204	accepted			Animalia	Porifera	Calcarea			
5964034	7ddf754f-d193-4cc9-b351-99906754a03b	105			Homoscleromorpha		Homoscleromorpha	Homoscleromorpha			class		Bergquist, P. R. (1978). Sponges. Hutchinson: London, University of California Press, Berkeley & Los Angeles, 1–268. https://www.marinespecies.org/porifera/aphia.php?p=sourcedetails&id=7119	accepted			Animalia	Porifera	Homoscleromorpha			
146	7ddf754f-d193-4cc9-b351-99906754a03b	105			Hexactinellida		Hexactinellida	Hexactinellida			class		Schmidt, O. (1870). Grundzüge einer Spongien-Fauna des atlantischen Gebietes. (Wilhelm Engelmann: Leipzig): iii–iv, 1–88, pls I–VI. https://www.marinespecies.org/porifera/aphia.php?p=sourcedetails&id=8180	accepted			Animalia	Porifera	Hexactinellida			
199	7ddf754f-d193-4cc9-b351-99906754a03b	105			Demospongiae		Demospongiae	Demospongiae			class		Sollas, W. J. (1885). A Classification of the Sponges. Annals and Magazine of Natural History, (5) 16(95): 395. https://www.marinespecies.org/porifera/aphia.php?p=sourcedetails&id=8247	accepted			Animalia	Porifera	Demospongiae			
159	7ddf754f-d193-4cc9-b351-99906754a03b	74			Sipunculidea		Sipunculidea	Sipunculidea			class			accepted			Animalia	Sipuncula	Sipunculidea			
158	7ddf754f-d193-4cc9-b351-99906754a03b	74			Phascolosomatidea		Phascolosomatidea	Phascolosomatidea			class			accepted			Animalia	Sipuncula	Phascolosomatidea			
139	7ddf754f-d193-4cc9-b351-99906754a03b	53			Phylactolaemata		Phylactolaemata	Phylactolaemata			class			accepted			Animalia	Bryozoa	Phylactolaemata			
226	7ddf754f-d193-4cc9-b351-99906754a03b	53			Stenolaemata		Stenolaemata	Stenolaemata			class			accepted			Animalia	Bryozoa	Stenolaemata			
252	7ddf754f-d193-4cc9-b351-99906754a03b	53			Gymnolaemata		Gymnolaemata	Gymnolaemata			class			accepted			Animalia	Bryozoa	Gymnolaemata			
222	7ddf754f-d193-4cc9-b351-99906754a03b	50			Holothuroidea		Holothuroidea	Holothuroidea			class		Blainville, & de, H. M. D. (1834). Manuel d’actinologie ou de zoophytologie. F.G. Levroult. Paris: Strasbourg, 1–2: 1–644, pls. I–C. https://doi.org/10.5962/bhl.title.8768	accepted			Animalia	Echinodermata	Holothuroidea			
350	7ddf754f-d193-4cc9-b351-99906754a03b	50			Ophiuroidea		Ophiuroidea	Ophiuroidea			class			accepted			Animalia	Echinodermata	Ophiuroidea			
215	7ddf754f-d193-4cc9-b351-99906754a03b	50			Crinoidea		Crinoidea	Crinoidea			class		Miller, J. S. (1821). A natural history of the Crinoidea, or lily-shaped animals : with observations on the genera, Asteria, Euryale, Comatula & Marsupites / by J.S. Miller. https://doi.org/10.5962/bhl.title.32130	accepted			Animalia	Echinodermata	Crinoidea			
221	7ddf754f-d193-4cc9-b351-99906754a03b	50			Echinoidea		Echinoidea	Echinoidea			class		Schumacher, C. F. (1817). Essai d’un nouveau système des habitations des vers testacés. Schultz, Copenghagen., iv + 288 pp., 22 pls. https://www.marinespecies.org/echinoidea/aphia.php?p=sourcedetails&id=40428	accepted			Animalia	Echinodermata	Echinoidea			
214	7ddf754f-d193-4cc9-b351-99906754a03b	50			Asteroidea		Asteroidea	Asteroidea			class			accepted			Animalia	Echinodermata	Asteroidea			
10624161	7ddf754f-d193-4cc9-b351-99906754a03b	5963150			Halicryptomorpha		Halicryptomorpha	Halicryptomorpha			order			accepted			Animalia	Priapulida		Halicryptomorpha		
9926478	7ddf754f-d193-4cc9-b351-99906754a03b	5963150			Meiopriapulomorpha		Meiopriapulomorpha	Meiopriapulomorpha			order			accepted			Animalia	Priapulida		Meiopriapulomorpha		
10513570	7ddf754f-d193-4cc9-b351-99906754a03b	5963150			Priapulomorpha		Priapulomorpha	Priapulomorpha			order			accepted			Animalia	Priapulida		Priapulomorpha		
10472642	7ddf754f-d193-4cc9-b351-99906754a03b	5963150			Seticoronaria		Seticoronaria	Seticoronaria			order		Salvini-Plawen, & von, L. (1974). Zur Morphologie und Systematik der Priapulida: Chaetostephanus praeposteriens, der Vertreter einer neuen Ordnung Seticoronaria. Zeitschrift Für Zoologische Systematik Und Evolutionsforschung, 12(1): 31–54. https://www.marinespecies.org/aphia.php?p=sourcedetails&id=302375	accepted			Animalia	Priapulida		Seticoronaria		
255	daacce49-b206-469b-8dc2-2257719f3afa	42			Clitellata		Clitellata	Clitellata			class			accepted			Animalia	Annelida	Clitellata			
256	7ddf754f-d193-4cc9-b351-99906754a03b	42			Polychaeta		Polychaeta	Polychaeta			class		Grube, & Adolf Eduard. (1850). Die Familien der Anneliden. Archiv Für Naturgeschichte, Berlin, 16(1): 249–364. https://www.marinespecies.org/polychaeta/aphia.php?p=sourcedetails&id=50033	accepted			Animalia	Annelida	Polychaeta			
848	7ddf754f-d193-4cc9-b351-99906754a03b	77			Filospermoidea		Filospermoidea	Filospermoidea			order			accepted			Animalia	Gnathostomulida		Filospermoidea		
742	7ddf754f-d193-4cc9-b351-99906754a03b	77			Bursovaginoidea		Bursovaginoidea	Bursovaginoidea			order			accepted			Animalia	Gnathostomulida		Bursovaginoidea		
12249321	7ddf754f-d193-4cc9-b351-99906754a03b	76			Polyplacotomia		Polyplacotomia	Polyplacotomia			class		Tessler, M.; Neumann, J. S.; Kamm, K.; Osigus, H.-J.; Eshel, G.; Narechania, A.; Burns, J. A.; DeSalle, R.; Schierwater, B. (2022). Phylogenomics and the first higher taxonomy of Placozoa, an ancient and enigmatic animal phylum. Frontiers in Ecology and Evolution, 10. https://doi.org/10.3389/fevo.2022.1016357	accepted			Animalia	Placozoa	Polyplacotomia			
12217645	7ddf754f-d193-4cc9-b351-99906754a03b	76			Uniplacotomia		Uniplacotomia	Uniplacotomia			class		Tessler, M.; Neumann, J. S.; Kamm, K.; Osigus, H.-J.; Eshel, G.; Narechania, A.; Burns, J. A.; DeSalle, R.; Schierwater, B. (2022). Phylogenomics and the first higher taxonomy of Placozoa, an ancient and enigmatic animal phylum. Frontiers in Ecology and Evolution, 10. https://doi.org/10.3389/fevo.2022.1016357	accepted			Animalia	Placozoa	Uniplacotomia			
11592253	7ddf754f-d193-4cc9-b351-99906754a03b	44			Squamata		Squamata	Squamata			class			accepted			Animalia	Chordata	Squamata			
212	daacce49-b206-469b-8dc2-2257719f3afa	44			Aves		Aves	Aves			class			accepted			Animalia	Chordata	Aves			
207	7ddf754f-d193-4cc9-b351-99906754a03b	44			Thaliacea		Thaliacea	Thaliacea			class			accepted			Animalia	Chordata	Thaliacea			
11569602	7ddf754f-d193-4cc9-b351-99906754a03b	44			Sphenodontia		Sphenodontia	Sphenodontia			class			accepted			Animalia	Chordata	Sphenodontia			
120	7ddf754f-d193-4cc9-b351-99906754a03b	44			Holocephali		Holocephali	Holocephali			class			accepted			Animalia	Chordata	Holocephali			
359	daacce49-b206-469b-8dc2-2257719f3afa	44			Mammalia		Mammalia	Mammalia			class			accepted			Animalia	Chordata	Mammalia			
356	7ddf754f-d193-4cc9-b351-99906754a03b	44			Ascidiacea		Ascidiacea	Ascidiacea			class		Blainville, & de, H. M. D. (1824). Mollusques, Mollusca (Malacoz.), pp. 1-392. In: Dictionnaire des Sciences Naturelles (F. Cuvier, ed.), vol. 32. Levrault, Strasbourg et Paris, & Le Normant, Paris. https://www.marinespecies.org/ascidiacea/aphia.php?p=sourcedetails&id=8670	accepted			Animalia	Chordata	Ascidiacea			
11418114	7ddf754f-d193-4cc9-b351-99906754a03b	44			Testudines		Testudines	Testudines			class			accepted			Animalia	Chordata	Testudines			
131	daacce49-b206-469b-8dc2-2257719f3afa	44			Amphibia		Amphibia	Amphibia			class			accepted			Animalia	Chordata	Amphibia			
11733052	7ddf754f-d193-4cc9-b351-99906754a03b	44			Coelacanthi		Coelacanthi	Coelacanthi			class			accepted			Animalia	Chordata	Coelacanthi			
121	7ddf754f-d193-4cc9-b351-99906754a03b	44			Elasmobranchii		Elasmobranchii	Elasmobranchii			class			accepted			Animalia	Chordata	Elasmobranchii			
11493978	7ddf754f-d193-4cc9-b351-99906754a03b	44			Crocodylia		Crocodylia	Crocodylia			class			accepted			Animalia	Chordata	Crocodylia			
11881065	7ddf754f-d193-4cc9-b351-99906754a03b	44			Petromyzonti		Petromyzonti	Petromyzonti			class			accepted			Animalia	Chordata	Petromyzonti			
7375758	7ddf754f-d193-4cc9-b351-99906754a03b	44			Leptocardii		Leptocardii	Leptocardii			class			accepted			Animalia	Chordata	Leptocardii			
11500725	7ddf754f-d193-4cc9-b351-99906754a03b	44			Dipneusti		Dipneusti	Dipneusti			class			accepted			Animalia	Chordata	Dipneusti			
119	7ddf754f-d193-4cc9-b351-99906754a03b	44			Myxini		Myxini	Myxini			class			accepted			Animalia	Chordata	Myxini			
590	7ddf754f-d193-4cc9-b351-99906754a03b	44			Scorpaeniformes		Scorpaeniformes	Scorpaeniformes			order			accepted			Animalia	Chordata		Scorpaeniformes		
1165	7ddf754f-d193-4cc9-b351-99906754a03b	44			Gymnotiformes		Gymnotiformes	Gymnotiformes			order			accepted			Animalia	Chordata		Gymnotiformes		
496	7ddf754f-d193-4cc9-b351-99906754a03b	44			Atheriniformes		Atheriniformes	Atheriniformes			order			accepted			Animalia	Chordata		Atheriniformes		
498	7ddf754f-d193-4cc9-b351-99906754a03b	44			Beloniformes		Beloniformes	Beloniformes			order			accepted			Animalia	Chordata		Beloniformes		
1163	7ddf754f-d193-4cc9-b351-99906754a03b	44			Gobiesociformes		Gobiesociformes	Gobiesociformes			order			accepted			Animalia	Chordata		Gobiesociformes		
1167	7ddf754f-d193-4cc9-b351-99906754a03b	44			Lepisosteiformes		Lepisosteiformes	Lepisosteiformes			order			accepted			Animalia	Chordata		Lepisosteiformes		
774	7ddf754f-d193-4cc9-b351-99906754a03b	44			Stomiiformes		Stomiiformes	Stomiiformes			order			accepted			Animalia	Chordata		Stomiiformes		
499	7ddf754f-d193-4cc9-b351-99906754a03b	44			Beryciformes		Beryciformes	Beryciformes			order			accepted			Animalia	Chordata		Beryciformes		
1153	7ddf754f-d193-4cc9-b351-99906754a03b	44			Cypriniformes		Cypriniformes	Cypriniformes			order			accepted			Animalia	Chordata		Cypriniformes		
888	7ddf754f-d193-4cc9-b351-99906754a03b	44			Zeiformes		Zeiformes	Zeiformes			order			accepted			Animalia	Chordata		Zeiformes		
549	7ddf754f-d193-4cc9-b351-99906754a03b	44			Gadiformes		Gadiformes	Gadiformes			order			accepted			Animalia	Chordata		Gadiformes		
1105	7ddf754f-d193-4cc9-b351-99906754a03b	44			Ateleopodiformes		Ateleopodiformes	Ateleopodiformes			order			accepted			Animalia	Chordata		Ateleopodiformes		
1306	7ddf754f-d193-4cc9-b351-99906754a03b	44			Myctophiformes		Myctophiformes	Myctophiformes			order			accepted			Animalia	Chordata		Myctophiformes		
708	7ddf754f-d193-4cc9-b351-99906754a03b	44			Siluriformes		Siluriformes	Siluriformes			order			accepted			Animalia	Chordata		Siluriformes		
1308	7ddf754f-d193-4cc9-b351-99906754a03b	44			Ophidiiformes		Ophidiiformes	Ophidiiformes			order			accepted			Animalia	Chordata		Ophidiiformes		
1166	7ddf754f-d193-4cc9-b351-99906754a03b	44			Lampriformes		Lampriformes	Lampriformes			order			accepted			Animalia	Chordata		Lampriformes		
497	7ddf754f-d193-4cc9-b351-99906754a03b	44			Aulopiformes		Aulopiformes	Aulopiformes			order			accepted			Animalia	Chordata		Aulopiformes		
550	7ddf754f-d193-4cc9-b351-99906754a03b	44			Gasterosteiformes		Gasterosteiformes	Gasterosteiformes			order			accepted			Animalia	Chordata		Gasterosteiformes		
890	7ddf754f-d193-4cc9-b351-99906754a03b	44			Stephanoberyciformes		Stephanoberyciformes	Stephanoberyciformes			order			accepted			Animalia	Chordata		Stephanoberyciformes		
588	7ddf754f-d193-4cc9-b351-99906754a03b	44			Pleuronectiformes		Pleuronectiformes	Pleuronectiformes			order			accepted			Animalia	Chordata		Pleuronectiformes		
1106	7ddf754f-d193-4cc9-b351-99906754a03b	44			Batrachoidiformes		Batrachoidiformes	Batrachoidiformes			order			accepted			Animalia	Chordata		Batrachoidiformes		
1103	7ddf754f-d193-4cc9-b351-99906754a03b	44			Acipenseriformes		Acipenseriformes	Acipenseriformes			order			accepted			Animalia	Chordata		Acipenseriformes		
1164	7ddf754f-d193-4cc9-b351-99906754a03b	44			Gonorynchiformes		Gonorynchiformes	Gonorynchiformes			order			accepted			Animalia	Chordata		Gonorynchiformes		
772	7ddf754f-d193-4cc9-b351-99906754a03b	44			Tetraodontiformes		Tetraodontiformes	Tetraodontiformes			order			accepted			Animalia	Chordata		Tetraodontiformes		
1307	7ddf754f-d193-4cc9-b351-99906754a03b	44			Notacanthiformes		Notacanthiformes	Notacanthiformes			order			accepted			Animalia	Chordata		Notacanthiformes		
1067	7ddf754f-d193-4cc9-b351-99906754a03b	44			Mugiliformes		Mugiliformes	Mugiliformes			order			accepted			Animalia	Chordata		Mugiliformes		
589	7ddf754f-d193-4cc9-b351-99906754a03b	44			Polymixiiformes		Polymixiiformes	Polymixiiformes			order			accepted			Animalia	Chordata		Polymixiiformes		
537	7ddf754f-d193-4cc9-b351-99906754a03b	44			Characiformes		Characiformes	Characiformes			order			accepted			Animalia	Chordata		Characiformes		
1311	7ddf754f-d193-4cc9-b351-99906754a03b	44			Polypteriformes		Polypteriformes	Polypteriformes			order			accepted			Animalia	Chordata		Polypteriformes		
773	7ddf754f-d193-4cc9-b351-99906754a03b	44			Syngnathiformes		Syngnathiformes	Syngnathiformes			order			accepted			Animalia	Chordata		Syngnathiformes		
548	7ddf754f-d193-4cc9-b351-99906754a03b	44			Esociformes		Esociformes	Esociformes			order			accepted			Animalia	Chordata		Esociformes		
1104	7ddf754f-d193-4cc9-b351-99906754a03b	44			Albuliformes		Albuliformes	Albuliformes			order			accepted			Animalia	Chordata		Albuliformes		
538	7ddf754f-d193-4cc9-b351-99906754a03b	44			Clupeiformes		Clupeiformes	Clupeiformes			order			accepted			Animalia	Chordata		Clupeiformes		
1310	7ddf754f-d193-4cc9-b351-99906754a03b	44			Percopsiformes		Percopsiformes	Percopsiformes			order			accepted			Animalia	Chordata		Percopsiformes		
587	7ddf754f-d193-4cc9-b351-99906754a03b	44			Perciformes		Perciformes	Perciformes			order			accepted			Animalia	Chordata		Perciformes		
8139547	7ddf754f-d193-4cc9-b351-99906754a03b	7190138			Acoela		Acoela	Acoela			order			accepted			Animalia	Xenacoelomorpha		Acoela		
1313	7ddf754f-d193-4cc9-b351-99906754a03b	44			Salmoniformes		Salmoniformes	Salmoniformes			order			accepted			Animalia	Chordata		Salmoniformes		
494	7ddf754f-d193-4cc9-b351-99906754a03b	44			Amiiformes		Amiiformes	Amiiformes			order			accepted			Animalia	Chordata		Amiiformes		
1305	7ddf754f-d193-4cc9-b351-99906754a03b	44			Lophiiformes		Lophiiformes	Lophiiformes			order			accepted			Animalia	Chordata		Lophiiformes		
1107	7ddf754f-d193-4cc9-b351-99906754a03b	44			Cetomimiformes		Cetomimiformes	Cetomimiformes			order			accepted			Animalia	Chordata		Cetomimiformes		
889	7ddf754f-d193-4cc9-b351-99906754a03b	44			Synbranchiformes		Synbranchiformes	Synbranchiformes			order			accepted			Animalia	Chordata		Synbranchiformes		
547	7ddf754f-d193-4cc9-b351-99906754a03b	44			Cyprinodontiformes		Cyprinodontiformes	Cyprinodontiformes			order			accepted			Animalia	Chordata		Cyprinodontiformes		
1068	7ddf754f-d193-4cc9-b351-99906754a03b	44			Osmeriformes		Osmeriformes	Osmeriformes			order			accepted			Animalia	Chordata		Osmeriformes		
8078984	7ddf754f-d193-4cc9-b351-99906754a03b	7190138			Nemertodermatida		Nemertodermatida	Nemertodermatida			order			accepted			Animalia	Xenacoelomorpha		Nemertodermatida		
495	7ddf754f-d193-4cc9-b351-99906754a03b	44			Anguilliformes		Anguilliformes	Anguilliformes			order			accepted			Animalia	Chordata		Anguilliformes		
1069	7ddf754f-d193-4cc9-b351-99906754a03b	44			Osteoglossiformes		Osteoglossiformes	Osteoglossiformes			order			accepted			Animalia	Chordata		Osteoglossiformes		
1162	7ddf754f-d193-4cc9-b351-99906754a03b	44			Elopiformes		Elopiformes	Elopiformes			order			accepted			Animalia	Chordata		Elopiformes		
1312	7ddf754f-d193-4cc9-b351-99906754a03b	44			Saccopharyngiformes		Saccopharyngiformes	Saccopharyngiformes			order			accepted			Animalia	Chordata		Saccopharyngiformes		
134	7ddf754f-d193-4cc9-b351-99906754a03b	14			Eutardigrada		Eutardigrada	Eutardigrada			class			accepted			Animalia	Tardigrada	Eutardigrada			
133	7ddf754f-d193-4cc9-b351-99906754a03b	14			Mesotardigrada		Mesotardigrada	Mesotardigrada			class			accepted			Animalia	Tardigrada	Mesotardigrada			
247	7ddf754f-d193-4cc9-b351-99906754a03b	14			Heterotardigrada		Heterotardigrada	Heterotardigrada			class			accepted			Animalia	Tardigrada	Heterotardigrada			
361	7ddf754f-d193-4cc9-b351-99906754a03b	54			Diplopoda		Diplopoda	Diplopoda			class		Gervais, P. (1844). Études sur les Myriapodes. Annales Des Sciences Naturelles, Série 3, 2: 51–80. https://www.millibase.org/aphia.php?p=sourcedetails&id=244963	accepted			Animalia	Arthropoda	Diplopoda			
11699831	7ddf754f-d193-4cc9-b351-99906754a03b	54			Tantulocarida		Tantulocarida	Tantulocarida			class		Boxshall, G.A. & R.J. Lincoln. (1983). Tantulocarida, a new class of Crustacea ectoparasitic on other crustaceans. Journal of Crustacean Biology, 3(1):1–16, figs. 1–5. (22–ii–1983). https://www.marinespecies.org/aphia.php?p=sourcedetails&id=355989	accepted			Animalia	Arthropoda	Tantulocarida			
11374670	7ddf754f-d193-4cc9-b351-99906754a03b	54			Diplura		Diplura	Diplura			class			accepted			Animalia	Arthropoda	Diplura			
354	7ddf754f-d193-4cc9-b351-99906754a03b	54			Pycnogonida		Pycnogonida	Pycnogonida			class			accepted			Animalia	Arthropoda	Pycnogonida			
143	7ddf754f-d193-4cc9-b351-99906754a03b	54			Pauropoda		Pauropoda	Pauropoda			class			accepted			Animalia	Arthropoda	Pauropoda			
236	7ddf754f-d193-4cc9-b351-99906754a03b	54			Remipedia		Remipedia	Remipedia			class		Yager, J. (1981). A new class of Crustacea from a marine cave in the Bahamas. J. Crust. Biol., 1, 328–333. https://www.marinespecies.org/remipedia/aphia.php?p=sourcedetails&id=125742	accepted			Animalia	Arthropoda	Remipedia			
11377931	7ddf754f-d193-4cc9-b351-99906754a03b	54			Protura		Protura	Protura			class			accepted			Animalia	Arthropoda	Protura			
353	7ddf754f-d193-4cc9-b351-99906754a03b	54			Ostracoda		Ostracoda	Ostracoda			class		Latreille, P. A. (1802). Histoire naturelle, générale et particulière des Crustacés et des Insectes. Histoires Des Cypris Et Des Cytherées, 8 (4), 232–254. https://www.marinespecies.org/ostracoda/aphia.php?p=sourcedetails&id=207190	accepted			Animalia	Arthropoda	Ostracoda			
235	7ddf754f-d193-4cc9-b351-99906754a03b	54			Cephalocarida		Cephalocarida	Cephalocarida			class			accepted			Animalia	Arthropoda	Cephalocarida			
216	daacce49-b206-469b-8dc2-2257719f3afa	54			Insecta		Insecta	Insecta			class		Linnaeus, C. Systema naturae per regna tria naturae: secundum classes, ordines, genera, species, cum characteribus, differentiis, synonymis, locis. 1-824 (1758).	accepted			Animalia	Arthropoda	Insecta			
281	daacce49-b206-469b-8dc2-2257719f3afa	54			Branchiopoda		Branchiopoda	Branchiopoda			class			accepted			Animalia	Arthropoda	Branchiopoda			
351	7ddf754f-d193-4cc9-b351-99906754a03b	54			Merostomata		Merostomata	Merostomata			class			accepted			Animalia	Arthropoda	Merostomata			
10713444	7ddf754f-d193-4cc9-b351-99906754a03b	54			Collembola		Collembola	Collembola			class			accepted			Animalia	Arthropoda	Collembola			
203	7ddf754f-d193-4cc9-b351-99906754a03b	54			Maxillopoda		Maxillopoda	Maxillopoda			class			accepted			Animalia	Arthropoda	Maxillopoda			
367	daacce49-b206-469b-8dc2-2257719f3afa	54			Arachnida		Arachnida	Arachnida			class			accepted			Animalia	Arthropoda	Arachnida			
11545536	7ddf754f-d193-4cc9-b351-99906754a03b	54			Copepoda		Copepoda	Copepoda			class		Milne Edwards, H. (1840). Ordre des Copepodes. In: Histoire naturelle des Crustaces, comprenant l’anatomie, la physiologie et la classification de ces animaux. 3: 411–529. https://www.marinespecies.org/copepoda/aphia.php?p=sourcedetails&id=503	accepted			Animalia	Arthropoda	Copepoda			
229	daacce49-b206-469b-8dc2-2257719f3afa	54			Malacostraca		Malacostraca	Malacostraca			class			accepted			Animalia	Arthropoda	Malacostraca			
7742773	7ddf754f-d193-4cc9-b351-99906754a03b	54			Symphyla		Symphyla	Symphyla			class		Ryder, John A. (1880). Scolopendrella as the type of a new order of Articulates (Symphyla). The American Naturalist, Vol. 14, No. 5.	accepted			Animalia	Arthropoda	Symphyla			
9273948	7ddf754f-d193-4cc9-b351-99906754a03b	54			Trilobita		Trilobita	Trilobita			class			accepted			Animalia	Arthropoda	Trilobita			
360	7ddf754f-d193-4cc9-b351-99906754a03b	54			Chilopoda		Chilopoda	Chilopoda			class			accepted			Animalia	Arthropoda	Chilopoda			
696	7ddf754f-d193-4cc9-b351-99906754a03b	54			Mystacocaridida		Mystacocaridida	Mystacocaridida			order			accepted			Animalia	Arthropoda		Mystacocaridida		
654	a97f36e5-ded1-49cc-bdec-ac6170fc7b9c	10836535			Desulfovibrionales		Desulfovibrionales	Desulfovibrionales			order			accepted			Bacteria	Desulfobacterota_I	Desulfovibrionia	Desulfovibrionales		
224	7ddf754f-d193-4cc9-b351-99906754a03b	51			Nuda		Nuda	Nuda			class			accepted			Animalia	Ctenophora	Nuda			
365	daacce49-b206-469b-8dc2-2257719f3afa	51			Tentaculata		Tentaculata	Tentaculata			class			accepted			Animalia	Ctenophora	Tentaculata			
9312928	7ddf754f-d193-4cc9-b351-99906754a03b	51			Scleroctenophora		Scleroctenophora	Scleroctenophora			class			accepted			Animalia	Ctenophora	Scleroctenophora			
11133537	7ddf754f-d193-4cc9-b351-99906754a03b	5967481			Chromadorea		Chromadorea	Chromadorea			class			accepted			Animalia	Nematoda	Chromadorea			
11209881	7ddf754f-d193-4cc9-b351-99906754a03b	5967481			Dioctophymatida		Dioctophymatida	Dioctophymatida			order			accepted			Animalia	Nematoda		Dioctophymatida		
11149121	7ddf754f-d193-4cc9-b351-99906754a03b	5967481			Trichinellida		Trichinellida	Trichinellida			order			accepted			Animalia	Nematoda		Trichinellida		
975	7ddf754f-d193-4cc9-b351-99906754a03b	5967481			Mermithida		Mermithida	Mermithida			order			accepted			Animalia	Nematoda		Mermithida		
976	7ddf754f-d193-4cc9-b351-99906754a03b	5967481			Enoplida		Enoplida	Enoplida			order			accepted			Animalia	Nematoda		Enoplida		
446	7ddf754f-d193-4cc9-b351-99906754a03b	5967481			Dorylaimida		Dorylaimida	Dorylaimida			order			accepted			Animalia	Nematoda		Dorylaimida		
11916066	7ddf754f-d193-4cc9-b351-99906754a03b	5967481			Muspiceida		Muspiceida	Muspiceida			order			accepted			Animalia	Nematoda		Muspiceida		
781	7ddf754f-d193-4cc9-b351-99906754a03b	5967481			Triplonchida		Triplonchida	Triplonchida			order			accepted			Animalia	Nematoda		Triplonchida		
898	7ddf754f-d193-4cc9-b351-99906754a03b	5967481			Mononchida		Mononchida	Mononchida			order			accepted			Animalia	Nematoda		Mononchida		
11218259	7ddf754f-d193-4cc9-b351-99906754a03b	5967481			Isolaimida		Isolaimida	Isolaimida			order			accepted			Animalia	Nematoda		Isolaimida		
213	7ddf754f-d193-4cc9-b351-99906754a03b	45			Eucycliophora		Eucycliophora	Eucycliophora			class		Funch, P. and R. M. Kristensen. (1995). Cycliophora is a new phylum with affinities to Entoprocta and Ectoprocta. Nature, Vol. 378, No. 6558.	accepted			Animalia	Cycliophora	Eucycliophora			
7920181	7ddf754f-d193-4cc9-b351-99906754a03b	55			Sagittoidea		Sagittoidea	Sagittoidea			class			accepted			Animalia	Chaetognatha	Sagittoidea			
307	7ddf754f-d193-4cc9-b351-99906754a03b	91			Eurotatoria		Eurotatoria	Eurotatoria			class			accepted			Animalia	Rotifera	Eurotatoria			
175	7ddf754f-d193-4cc9-b351-99906754a03b	91			Pararotatoria		Pararotatoria	Pararotatoria			class			accepted			Animalia	Rotifera	Pararotatoria			
144	7ddf754f-d193-4cc9-b351-99906754a03b	108			Cestoda		Cestoda	Cestoda			class			accepted			Animalia	Platyhelminthes	Cestoda			
7774442	7ddf754f-d193-4cc9-b351-99906754a03b	108			Monogenea		Monogenea	Monogenea			class			accepted			Animalia	Platyhelminthes	Monogenea			
345	7ddf754f-d193-4cc9-b351-99906754a03b	108			Trematoda		Trematoda	Trematoda			class			accepted			Animalia	Platyhelminthes	Trematoda			
341	7ddf754f-d193-4cc9-b351-99906754a03b	108			Turbellaria		Turbellaria	Turbellaria			class			accepted			Animalia	Platyhelminthes	Turbellaria			
9302304	7ddf754f-d193-4cc9-b351-99906754a03b	108			Dolichomicrostomida		Dolichomicrostomida	Dolichomicrostomida			order		Janssen, T., Vizoso, D. B., Schulte, G., Littlewood, D. T. J., Waeschenbach, A., & Schärer, L. (2015). The first multi-gene phylogeny of the Macrostomorpha sheds light on the evolution of sexual and asexual reproduction in basal Platyhelminthes. Molecular Phylogenetics and Evolution, 92: 82–107. https://doi.org/10.1016/j.ympev.2015.06.004	accepted			Animalia	Platyhelminthes		Dolichomicrostomida		
11857625	7ddf754f-d193-4cc9-b351-99906754a03b	108			Mariplanellida		Mariplanellida	Mariplanellida			order			accepted			Animalia	Platyhelminthes		Mariplanellida		
5967598	7ddf754f-d193-4cc9-b351-99906754a03b	108			Rhabdocoela		Rhabdocoela	Rhabdocoela			order		Ehrenberg, C. G. (1831). Phytozoa Turbellaria africana et asiatica. In: Symbolae Physicae (Hemprich F.W. & Ehrenberg C.G., Eds.). Animalia Evertebrata Exclusis Insectis Recensuit Dr. CG Ehrenberg. Series Prima Cum Tabularum Decade Prima. Berolini. https://www.marinespecies.org/turbellarians/aphia.php?p=sourcedetails&id=235917	accepted			Animalia	Platyhelminthes		Rhabdocoela		
428	7ddf754f-d193-4cc9-b351-99906754a03b	108			Prolecithophora		Prolecithophora	Prolecithophora			order			accepted			Animalia	Platyhelminthes		Prolecithophora		
9602565	7ddf754f-d193-4cc9-b351-99906754a03b	108			Bothrioplanida		Bothrioplanida	Bothrioplanida			order			accepted			Animalia	Platyhelminthes		Bothrioplanida		
9958511	7ddf754f-d193-4cc9-b351-99906754a03b	108			Prorhynchida		Prorhynchida	Prorhynchida			order			accepted			Animalia	Platyhelminthes		Prorhynchida		
427	7ddf754f-d193-4cc9-b351-99906754a03b	108			Tricladida		Tricladida	Tricladida			order			accepted			Animalia	Platyhelminthes		Tricladida		
7846051	7ddf754f-d193-4cc9-b351-99906754a03b	108			Fecampiida		Fecampiida	Fecampiida			order			accepted			Animalia	Platyhelminthes		Fecampiida		
10353829	7ddf754f-d193-4cc9-b351-99906754a03b	108			Gnosonesimida		Gnosonesimida	Gnosonesimida			order			accepted			Animalia	Platyhelminthes		Gnosonesimida		
1110	7ddf754f-d193-4cc9-b351-99906754a03b	108			Proseriata		Proseriata	Proseriata			order			accepted			Animalia	Platyhelminthes		Proseriata		
10482560	7ddf754f-d193-4cc9-b351-99906754a03b	63			Hoplonemertea		Hoplonemertea	Hoplonemertea			class			accepted			Animalia	Nemertea	Hoplonemertea			
9981053	7ddf754f-d193-4cc9-b351-99906754a03b	63			Pilidiophora		Pilidiophora	Pilidiophora			class		Thollesson, M., & Norenburg, J. L. (2003). Ribbon worm relationships: a phylogeny of the phylum Nemertea. Proceedings of the Royal Society of London. Series B: Biological Sciences, 270(1513): 407–415. https://doi.org/10.1098/rspb.2002.2254	accepted			Animalia	Nemertea	Pilidiophora			
11117838	7ddf754f-d193-4cc9-b351-99906754a03b	63			Arhynchocoela		Arhynchocoela	Arhynchocoela			class		Chernyshev, A. V. (1995). O vyssikh taksonakh nemertin s obzorom sistemy podklassa Anopla [On the higher taxa of the phylum Nemertea with the taxonomic review of the subclass Anopla]. Zoologicheskii Zhurnal, 74(1): 7–18. https://www.marinespecies.org/nemertea/aphia.php?p=sourcedetails&id=338248	accepted			Animalia	Nemertea	Arhynchocoela			
7194193	7ddf754f-d193-4cc9-b351-99906754a03b	63			Palaeonemertea		Palaeonemertea	Palaeonemertea			class			accepted			Animalia	Nemertea	Palaeonemertea			
10672903	7ddf754f-d193-4cc9-b351-99906754a03b	8173593			Solitaria		Solitaria	Solitaria			order		Emschermann, P. (1972). Loxokalypus socialis gen. et sp. nov. (Kamptozoa, Loxokalypodidae fam. nov.), ein neuer Kamptozoentyp aus dem nordlichen Pazifischen Ozean. Ein Vorschlag zur Neufassung der Kamptozoensystematik. Marine Biology, Vol. 12, No. 3.	accepted			Animalia	Entoprocta		Solitaria		
10711897	7ddf754f-d193-4cc9-b351-99906754a03b	8173593			Coloniales		Coloniales	Coloniales			order		Emschermann, P. (1972). Loxokalypus socialis gen. et sp. nov. (Kamptozoa, Loxokalypodidae fam. nov.), ein neuer Kamptozoentyp aus dem nordlichen Pazifischen Ozean. Ein Vorschlag zur Neufassung der Kamptozoensystematik. Marine Biology, Vol. 12, No. 3.	accepted			Animalia	Entoprocta		Coloniales		
7188589	7ddf754f-d193-4cc9-b351-99906754a03b	64			Nectonematoida		Nectonematoida	Nectonematoida			class			accepted			Animalia	Nematomorpha	Nectonematoida			
7188530	7ddf754f-d193-4cc9-b351-99906754a03b	64			Gordioida		Gordioida	Gordioida			class			accepted			Animalia	Nematomorpha	Gordioida			
278	7ddf754f-d193-4cc9-b351-99906754a03b	75			Pterobranchia		Pterobranchia	Pterobranchia			class			accepted			Animalia	Hemichordata	Pterobranchia			
277	7ddf754f-d193-4cc9-b351-99906754a03b	75			Enteropneusta		Enteropneusta	Enteropneusta			class			accepted			Animalia	Hemichordata	Enteropneusta			
11221465	7ddf754f-d193-4cc9-b351-99906754a03b	5959089			Allomalorhagida		Allomalorhagida	Allomalorhagida			class		Sørensen, M. V., Dal Zotto, M., Rho, H. S., Herranz, M., Sánchez, N., Pardos, F., & Yamasaki, H. (2015). Phylogeny of Kinorhyncha based on morphology and two molecular loci. PLOS ONE, 10(7): e0133440, 33 pp. https://doi.org/10.1371/journal.pone.0133440	accepted			Animalia	Kinorhyncha	Allomalorhagida			
11198974	7ddf754f-d193-4cc9-b351-99906754a03b	5959089			Cyclorhagida		Cyclorhagida	Cyclorhagida			class		Zelinka, C. (1896). Demonstration der Tafeln der Echinoderes-Monographie. Verhandlungen Der Deutschen Zoologischen Gesellschaft, 6: 197–199. https://www.marinespecies.org/kinorhyncha/aphia.php?p=sourcedetails&id=167763	accepted			Animalia	Kinorhyncha	Cyclorhagida			
11210652	7ddf754f-d193-4cc9-b351-99906754a03b	52			Cricoconarida		Cricoconarida	Cricoconarida			class			accepted			Animalia	Mollusca	Cricoconarida			
276	7ddf754f-d193-4cc9-b351-99906754a03b	52			Scaphopoda		Scaphopoda	Scaphopoda			class		Bronn, H. G. (1862). Die Klassen und Ordnungen der Weichthiere (Malacozoa). Kopflose Weichthiere (Malacozoa Acephala) Weichthiere. Leipzig pp. 1306, 118: pl: https://www.molluscabase.org/aphia.php?p=sourcedetails&id=39319	accepted			Animalia	Mollusca	Scaphopoda			
8365233	7ddf754f-d193-4cc9-b351-99906754a03b	52			Solenogastres		Solenogastres	Solenogastres			class		Gegenbaur, C. (1878). Grundriss der vergleichenden Anatomie. Zweite verbesserte Auflage. Leipzig, W. Engelmann. 655 p. https://www.molluscabase.org/aphia.php?p=sourcedetails&id=127115	accepted			Animalia	Mollusca	Solenogastres			
137	daacce49-b206-469b-8dc2-2257719f3afa	52			Bivalvia		Bivalvia	Bivalvia			class		Linnaeus, C. (1758). Systema Naturae per regna tria naturae, secundum classes, ordines, genera, species, cum characteribus, differentiis, synonymis, locis. Editio Decima, Reformata [10th Revised Edition], Vol. 1: 824 Pp. Laurentius Salvius: Holmiae., Tomus I. Editio Decima, Reformata, [iii], 824 p. Impensis Direct. Laurentii Salvii. Holmiae [Stockholm], 1758. https://doi.org/10.5962/bhl.title.542	accepted			Animalia	Mollusca	Bivalvia			
225	daacce49-b206-469b-8dc2-2257719f3afa	52			Gastropoda		Gastropoda	Gastropoda			class		Cuvier, G. (1795). Second Mémoire sur l’organisation et les rapports des animaux à sang blanc, dans lequel on traite de la structure des Mollusques et de leur division en ordre, lu à la société d’Histoire Naturelle de Paris, le 11 prairial an troisième [30 May 1795]. Magazin Encyclopédique, ou Journal des Sciences, des Lettres et des Arts, 1795 [1. année] 2: 433-449. https://www.molluscabase.org/aphia.php?p=sourcedetails&id=66736	accepted			Animalia	Mollusca	Gastropoda			
136	7ddf754f-d193-4cc9-b351-99906754a03b	52			Cephalopoda		Cephalopoda	Cephalopoda			class		Cuvier, G. (1795). Second Mémoire sur l’organisation et les rapports des animaux à sang blanc, dans lequel on traite de la structure des Mollusques et de leur division en ordre, lu à la société d’Histoire Naturelle de Paris, le 11 prairial an troisième [30 May 1795]. Magazin Encyclopédique, ou Journal des Sciences, des Lettres et des Arts, 1795 [1. année] 2: 433-449. https://www.molluscabase.org/aphia.php?p=sourcedetails&id=66736	accepted			Animalia	Mollusca	Cephalopoda			
347	7ddf754f-d193-4cc9-b351-99906754a03b	52			Monoplacophora		Monoplacophora	Monoplacophora			class		Wenz, W. (1940). Ursprung und frühe Stammesgeschichte der Gastropoden. Archiv für Molluskenkunde 72: 1-110. https://www.molluscabase.org/aphia.php?p=sourcedetails&id=142504	accepted			Animalia	Mollusca	Monoplacophora			
346	7ddf754f-d193-4cc9-b351-99906754a03b	52			Polyplacophora		Polyplacophora	Polyplacophora			class			accepted			Animalia	Mollusca	Polyplacophora			
11186032	7ddf754f-d193-4cc9-b351-99906754a03b	52			Rostroconchia		Rostroconchia	Rostroconchia			class			accepted			Animalia	Mollusca	Rostroconchia			
8066236	7ddf754f-d193-4cc9-b351-99906754a03b	52			Caudofoveata		Caudofoveata	Caudofoveata			class		Boettger, C. R. (1956). Beiträge zur Systematik der Urmollusken (Amphineura). Zoologischer Anzeiger, Supplement, 19: 223–256. https://www.molluscabase.org/aphia.php?p=sourcedetails&id=39258	accepted			Animalia	Mollusca	Caudofoveata			
8355438	7ddf754f-d193-4cc9-b351-99906754a03b	7663989			Rhombozoa		Rhombozoa	Rhombozoa			class			accepted			Animalia	Dicyemida	Rhombozoa			
10809984	a97f36e5-ded1-49cc-bdec-ac6170fc7b9c	7877138			UBA11236						order			accepted			Bacteria	Fibrobacterota	Fibrobacteria	UBA11236		
1210	a97f36e5-ded1-49cc-bdec-ac6170fc7b9c	7877138			Fibrobacterales		Fibrobacterales	Fibrobacterales			order			accepted			Bacteria	Fibrobacterota	Fibrobacteria	Fibrobacterales		
10880955	a97f36e5-ded1-49cc-bdec-ac6170fc7b9c	7877138			UBA5070						order			accepted			Bacteria	Fibrobacterota	Fibrobacteria	UBA5070		
11738603	a97f36e5-ded1-49cc-bdec-ac6170fc7b9c	10889728			JACRHA01						order			accepted			Bacteria	Nitrospirota	Nitrospiria	JACRHA01		
11796728	a97f36e5-ded1-49cc-bdec-ac6170fc7b9c	10889728			JACQCE01						order			accepted			Bacteria	Nitrospirota	Nitrospiria	JACQCE01		
11491222	a97f36e5-ded1-49cc-bdec-ac6170fc7b9c	10889728			JACQBW01						order			accepted			Bacteria	Nitrospirota	Nitrospiria	JACQBW01		
10842726	a97f36e5-ded1-49cc-bdec-ac6170fc7b9c	10889728			SBBL01						order			accepted			Bacteria	Nitrospirota	Nitrospiria	SBBL01		
11506865	a97f36e5-ded1-49cc-bdec-ac6170fc7b9c	10889728			JACQBZ01						order			accepted			Bacteria	Nitrospirota	Nitrospiria	JACQBZ01		
10734209	a97f36e5-ded1-49cc-bdec-ac6170fc7b9c	10889728			2-01-FULL-66-17						order			accepted			Bacteria	Nitrospirota	Nitrospiria	2-01-FULL-66-17		
830	a97f36e5-ded1-49cc-bdec-ac6170fc7b9c	10889728			Nitrospirales		Nitrospirales	Nitrospirales			order			accepted			Bacteria	Nitrospirota	Nitrospiria	Nitrospirales		
10777505	a97f36e5-ded1-49cc-bdec-ac6170fc7b9c	10737870			Thermodesulfovibrionales		Thermodesulfovibrionales	Thermodesulfovibrionales			order			accepted			Bacteria	Nitrospirota	Thermodesulfovibrionia	Thermodesulfovibrionales		
10688686	a97f36e5-ded1-49cc-bdec-ac6170fc7b9c	10737870			UBA6902						order			accepted			Bacteria	Nitrospirota	Thermodesulfovibrionia	UBA6902		
11897989	a97f36e5-ded1-49cc-bdec-ac6170fc7b9c	10737870			JACRGW01						order			accepted			Bacteria	Nitrospirota	Thermodesulfovibrionia	JACRGW01		
10877064	a97f36e5-ded1-49cc-bdec-ac6170fc7b9c	10701574			Chitinivibrionales		Chitinivibrionales	Chitinivibrionales			order			accepted			Bacteria	Fibrobacterota	Chitinivibrionia	Chitinivibrionales		
11718128	a97f36e5-ded1-49cc-bdec-ac6170fc7b9c	10771964			JACRHJ01						order			accepted			Bacteria	Nitrospirota	UBA9217	JACRHJ01		
7575787	7ea21580-4f06-469d-995b-3f713fdcc37c	7925421			Aurearenales		Aurearenales	Aurearenales			order		Kai, A.; Yoshii, Y.; Nakayama, T.; Inouye, I. (2008). Aurearenophyceae classis nova, a new class of Heterokontophyta based on a new marine unicellular alga Aurearena cruciata gen. et sp. nov. inhabiting sandy beaches. Protist. 159(3): 435-457.	accepted			Chromista	Ochrophyta	Aurearenophyceae	Aurearenales		
7073607	7ea21580-4f06-469d-995b-3f713fdcc37c	7073563			Chloramoebales		Chloramoebales	Chloramoebales			order			accepted			Chromista	Ochrophyta	Chrysophyceae	Chloramoebales		
480	7ea21580-4f06-469d-995b-3f713fdcc37c	7073563			Chrysosphaerales		Chrysosphaerales	Chrysosphaerales			order			accepted			Chromista	Ochrophyta	Chrysophyceae	Chrysosphaerales		
7073608	7ea21580-4f06-469d-995b-3f713fdcc37c	7073563			Chromulinales		Chromulinales	Chromulinales			order			accepted			Chromista	Ochrophyta	Chrysophyceae	Chromulinales		
597	7ea21580-4f06-469d-995b-3f713fdcc37c	7073563			Hibberdiales		Hibberdiales	Hibberdiales			order			accepted			Chromista	Ochrophyta	Chrysophyceae	Hibberdiales		
8053995	7ea21580-4f06-469d-995b-3f713fdcc37c	7073563			Hydrurales		Hydrurales	Hydrurales			order			accepted			Chromista	Ochrophyta	Chrysophyceae	Hydrurales		
1090	7ddf754f-d193-4cc9-b351-99906754a03b	7073563			Chrysamoebidales		Chrysamoebidales	Chrysamoebidales			order			accepted			Chromista	Ochrophyta	Chrysophyceae	Chrysamoebidales		
1317	7ea21580-4f06-469d-995b-3f713fdcc37c	7073563			Parmales		Parmales	Parmales			order		Booth, B. C.; Marchant, H. J. (1987). Parmales, a new order of marine chrysophytes, with descriptions of three new genera and seven new species. Journal of Phycology. 23: 245-260.	accepted			Chromista	Ochrophyta	Chrysophyceae	Parmales		
11136272	7ddf754f-d193-4cc9-b351-99906754a03b	7073563			Rhizochrysidales		Rhizochrysidales	Rhizochrysidales			order			accepted			Chromista	Ochrophyta	Chrysophyceae	Rhizochrysidales		
484	7ea21580-4f06-469d-995b-3f713fdcc37c	7073563			Thallochrysidales		Thallochrysidales	Thallochrysidales			order			accepted			Chromista	Ochrophyta	Chrysophyceae	Thallochrysidales		
7073605	7ea21580-4f06-469d-995b-3f713fdcc37c	7073563			Ochromonadales		Ochromonadales	Ochromonadales			order			accepted			Chromista	Ochrophyta	Chrysophyceae	Ochromonadales		
1319	7ea21580-4f06-469d-995b-3f713fdcc37c	7073563			Heterogloeales		Heterogloeales	Heterogloeales			order			accepted			Chromista	Ochrophyta	Chrysophyceae	Heterogloeales		
1092	7ddf754f-d193-4cc9-b351-99906754a03b	7073563			Chrysocapsales		Chrysocapsales	Chrysocapsales			order			accepted			Chromista	Ochrophyta	Chrysophyceae	Chrysocapsales		
600	7ea21580-4f06-469d-995b-3f713fdcc37c	7073563			Synurales		Synurales	Synurales			order			accepted			Chromista	Ochrophyta	Chrysophyceae	Synurales		
8353638	7ea21580-4f06-469d-995b-3f713fdcc37c	7073593			Discosporangiales		Discosporangiales	Discosporangiales			order			accepted			Chromista	Ochrophyta	Phaeophyceae	Discosporangiales		
1180	7ea21580-4f06-469d-995b-3f713fdcc37c	7073593			Dictyotales		Dictyotales	Dictyotales			order			accepted			Chromista	Ochrophyta	Phaeophyceae	Dictyotales		
558	7ea21580-4f06-469d-995b-3f713fdcc37c	7073593			Cutleriales		Cutleriales	Cutleriales			order			accepted			Chromista	Ochrophyta	Phaeophyceae	Cutleriales		
9726609	7ddf754f-d193-4cc9-b351-99906754a03b	7073593			Durvillaeales		Durvillaeales	Durvillaeales			order			accepted			Chromista	Ochrophyta	Phaeophyceae	Durvillaeales		
1309	7ea21580-4f06-469d-995b-3f713fdcc37c	7073593			Scytosiphonales		Scytosiphonales	Scytosiphonales			order			accepted			Chromista	Ochrophyta	Phaeophyceae	Scytosiphonales		
559	7ea21580-4f06-469d-995b-3f713fdcc37c	7073593			Desmarestiales		Desmarestiales	Desmarestiales			order			accepted			Chromista	Ochrophyta	Phaeophyceae	Desmarestiales		
1182	7ea21580-4f06-469d-995b-3f713fdcc37c	7073593			Fucales		Fucales	Fucales			order			accepted			Chromista	Ochrophyta	Phaeophyceae	Fucales		
9803227	7ddf754f-d193-4cc9-b351-99906754a03b	7073593			Chordariales		Chordariales	Chordariales			order			accepted			Chromista	Ochrophyta	Phaeophyceae	Chordariales		
591	7ea21580-4f06-469d-995b-3f713fdcc37c	7073593			Scytothamnales		Scytothamnales	Scytothamnales			order			accepted			Chromista	Ochrophyta	Phaeophyceae	Scytothamnales		
8149417	7ea21580-4f06-469d-995b-3f713fdcc37c	7073593			Onslowiales		Onslowiales	Onslowiales			order			accepted			Chromista	Ochrophyta	Phaeophyceae	Onslowiales		
482	7ea21580-4f06-469d-995b-3f713fdcc37c	7073593			Phaeothamniales		Phaeothamniales	Phaeothamniales			order			accepted			Chromista	Ochrophyta	Phaeophyceae	Phaeothamniales		
1181	7ea21580-4f06-469d-995b-3f713fdcc37c	7073593			Ectocarpales		Ectocarpales	Ectocarpales			order			accepted			Chromista	Ochrophyta	Phaeophyceae	Ectocarpales		
593	7ea21580-4f06-469d-995b-3f713fdcc37c	7073593			Tilopteridales		Tilopteridales	Tilopteridales			order			accepted			Chromista	Ochrophyta	Phaeophyceae	Tilopteridales		
592	7ea21580-4f06-469d-995b-3f713fdcc37c	7073593			Sphacelariales		Sphacelariales	Sphacelariales			order			accepted			Chromista	Ochrophyta	Phaeophyceae	Sphacelariales		
7962243	7ea21580-4f06-469d-995b-3f713fdcc37c	7073593			Ralfsiales		Ralfsiales	Ralfsiales			order			accepted			Chromista	Ochrophyta	Phaeophyceae	Ralfsiales		
7721636	7ea21580-4f06-469d-995b-3f713fdcc37c	7073593			Dictyosiphonales		Dictyosiphonales	Dictyosiphonales			order			accepted			Chromista	Ochrophyta	Phaeophyceae	Dictyosiphonales		
557	7ea21580-4f06-469d-995b-3f713fdcc37c	7073593			Ascoseirales		Ascoseirales	Ascoseirales			order			accepted			Chromista	Ochrophyta	Phaeophyceae	Ascoseirales		
7550865	7ea21580-4f06-469d-995b-3f713fdcc37c	7073593			Asterocladales		Asterocladales	Asterocladales			order			accepted			Chromista	Ochrophyta	Phaeophyceae	Asterocladales		
1315	7ea21580-4f06-469d-995b-3f713fdcc37c	7073593			Syringodermatales		Syringodermatales	Syringodermatales			order			accepted			Chromista	Ochrophyta	Phaeophyceae	Syringodermatales		
560	7ea21580-4f06-469d-995b-3f713fdcc37c	7073593			Laminariales		Laminariales	Laminariales			order			accepted			Chromista	Ochrophyta	Phaeophyceae	Laminariales		
7830475	7ea21580-4f06-469d-995b-3f713fdcc37c	7073593			Pleurochloridellales		Pleurochloridellales	Pleurochloridellales			order			accepted			Chromista	Ochrophyta	Phaeophyceae	Pleurochloridellales		
8181287	7ea21580-4f06-469d-995b-3f713fdcc37c	7073593			Nemodermatales		Nemodermatales	Nemodermatales			order			accepted			Chromista	Ochrophyta	Phaeophyceae	Nemodermatales		
8383295	7ea21580-4f06-469d-995b-3f713fdcc37c	7073593			Choristocarpales		Choristocarpales	Choristocarpales			order			accepted			Chromista	Ochrophyta	Phaeophyceae	Choristocarpales		
7713713	7ea21580-4f06-469d-995b-3f713fdcc37c	7073593			Ishigeales		Ishigeales	Ishigeales			order			accepted			Chromista	Ochrophyta	Phaeophyceae	Ishigeales		
1314	7ea21580-4f06-469d-995b-3f713fdcc37c	7073593			Sporochnales		Sporochnales	Sporochnales			order			accepted			Chromista	Ochrophyta	Phaeophyceae	Sporochnales		
478	7ea21580-4f06-469d-995b-3f713fdcc37c	230			Schizocladiales		Schizocladiales	Schizocladiales			order		Kawai, H; Maeba, S.; Sasaki, H.; Okuda, K.; Henry, E.C. (2003). Schizocladia ischiensis: a new filamentous marine chromophyte belonging to a new class, Schizocladiophyceae. Protist. 154(2): 211-228.	accepted			Chromista	Ochrophyta	Schizocladiophyceae	Schizocladiales		
8373405	7ea21580-4f06-469d-995b-3f713fdcc37c	7541631			Synchromales		Synchromales	Synchromales			order			accepted			Chromista	Ochrophyta	Synchromophyceae	Synchromales		
8024822	7ea21580-4f06-469d-995b-3f713fdcc37c	157			Florenciellales		Florenciellales	Florenciellales			order			accepted			Chromista	Ochrophyta	Dictyochophyceae	Florenciellales		
1316	7ea21580-4f06-469d-995b-3f713fdcc37c	157			Pinguiochrysidales		Pinguiochrysidales	Pinguiochrysidales			order			accepted			Chromista	Ochrophyta	Dictyochophyceae	Pinguiochrysidales		
534	7ea21580-4f06-469d-995b-3f713fdcc37c	157			Pedinellales		Pedinellales	Pedinellales			order			accepted			Chromista	Ochrophyta	Dictyochophyceae	Pedinellales		
481	7ea21580-4f06-469d-995b-3f713fdcc37c	157			Dictyochales		Dictyochales	Dictyochales			order			accepted			Chromista	Ochrophyta	Dictyochophyceae	Dictyochales		
7552401	7ea21580-4f06-469d-995b-3f713fdcc37c	157			Sarcinochrysidales		Sarcinochrysidales	Sarcinochrysidales			order			accepted			Chromista	Ochrophyta	Dictyochophyceae	Sarcinochrysidales		
535	7ea21580-4f06-469d-995b-3f713fdcc37c	157			Rhizochromulinales		Rhizochromulinales	Rhizochromulinales			order			accepted			Chromista	Ochrophyta	Dictyochophyceae	Rhizochromulinales		
1179	7ea21580-4f06-469d-995b-3f713fdcc37c	157			Pelagomonadales		Pelagomonadales	Pelagomonadales			order			accepted			Chromista	Ochrophyta	Dictyochophyceae	Pelagomonadales		
7591381	7ea21580-4f06-469d-995b-3f713fdcc37c	157			Silicoflagellata		Silicoflagellata	Silicoflagellata			order			accepted			Chromista	Ochrophyta	Dictyochophyceae	Silicoflagellata		
7828894	7ea21580-4f06-469d-995b-3f713fdcc37c	7073554			Chattonellales		Chattonellales	Chattonellales			order			accepted			Chromista	Ochrophyta	Raphidophyceae	Chattonellales		
390	7ddf754f-d193-4cc9-b351-99906754a03b	7073554			Actinophryida		Actinophryida	Actinophryida			order			accepted			Chromista	Ochrophyta	Raphidophyceae	Actinophryida		
7669915	7ea21580-4f06-469d-995b-3f713fdcc37c	7073554			Raphidomonadales		Raphidomonadales	Raphidomonadales			order			accepted			Chromista	Ochrophyta	Raphidophyceae	Raphidomonadales		
477	7ea21580-4f06-469d-995b-3f713fdcc37c	7773832			Pavlovales		Pavlovales	Pavlovales			order			accepted			Chromista	Haptophyta	Pavlovophyceae	Pavlovales		
488	7ea21580-4f06-469d-995b-3f713fdcc37c	7947184			Hemiaulales		Hemiaulales	Hemiaulales			order			accepted			Chromista	Ochrophyta	Bacillariophyceae	Hemiaulales		
7763029	7ea21580-4f06-469d-995b-3f713fdcc37c	7947184			Naviculales		Naviculales	Naviculales			order			accepted			Chromista	Ochrophyta	Bacillariophyceae	Naviculales		
485	7ea21580-4f06-469d-995b-3f713fdcc37c	7947184			Arachnoidiscales		Arachnoidiscales	Arachnoidiscales			order			accepted			Chromista	Ochrophyta	Bacillariophyceae	Arachnoidiscales		
7745746	7ea21580-4f06-469d-995b-3f713fdcc37c	7947184			Rhaponeidales		Rhaponeidales	Rhaponeidales			order			accepted			Chromista	Ochrophyta	Bacillariophyceae	Rhaponeidales		
7440861	7ea21580-4f06-469d-995b-3f713fdcc37c	7947184			Cyclophorales		Cyclophorales	Cyclophorales			order			accepted			Chromista	Ochrophyta	Bacillariophyceae	Cyclophorales		
486	7ea21580-4f06-469d-995b-3f713fdcc37c	7947184			Asterolamprales		Asterolamprales	Asterolamprales			order			accepted			Chromista	Ochrophyta	Bacillariophyceae	Asterolamprales		
7383532	7ea21580-4f06-469d-995b-3f713fdcc37c	7947184			Centrales		Centrales	Centrales			order			accepted			Chromista	Ochrophyta	Bacillariophyceae	Centrales		
1095	7ea21580-4f06-469d-995b-3f713fdcc37c	7947184			Aulacoseirales		Aulacoseirales	Aulacoseirales			order			accepted			Chromista	Ochrophyta	Bacillariophyceae	Aulacoseirales		
8339713	7ea21580-4f06-469d-995b-3f713fdcc37c	7947184			Mastogloiales		Mastogloiales	Mastogloiales			order			accepted			Chromista	Ochrophyta	Bacillariophyceae	Mastogloiales		
1101	7ea21580-4f06-469d-995b-3f713fdcc37c	7947184			Fragilariales		Fragilariales	Fragilariales			order			accepted			Chromista	Ochrophyta	Bacillariophyceae	Fragilariales		
7943201	7ea21580-4f06-469d-995b-3f713fdcc37c	7947184			Toxariales		Toxariales	Toxariales			order			accepted			Chromista	Ochrophyta	Bacillariophyceae	Toxariales		
8189641	7ea21580-4f06-469d-995b-3f713fdcc37c	7947184			Striatellales		Striatellales	Striatellales			order			accepted			Chromista	Ochrophyta	Bacillariophyceae	Striatellales		
1178	7ea21580-4f06-469d-995b-3f713fdcc37c	7947184			Licmophorales		Licmophorales	Licmophorales			order			accepted			Chromista	Ochrophyta	Bacillariophyceae	Licmophorales		
7489174	7ea21580-4f06-469d-995b-3f713fdcc37c	7947184			Bacillariales		Bacillariales	Bacillariales			order			accepted			Chromista	Ochrophyta	Bacillariophyceae	Bacillariales		
7798126	7ea21580-4f06-469d-995b-3f713fdcc37c	7947184			Cymbellales		Cymbellales	Cymbellales			order			accepted			Chromista	Ochrophyta	Bacillariophyceae	Cymbellales		
586	7ea21580-4f06-469d-995b-3f713fdcc37c	7947184			Stictodiscales		Stictodiscales	Stictodiscales			order			accepted			Chromista	Ochrophyta	Bacillariophyceae	Stictodiscales		
506	7ea21580-4f06-469d-995b-3f713fdcc37c	7947184			Stictocyclales		Stictocyclales	Stictocyclales			order			accepted			Chromista	Ochrophyta	Bacillariophyceae	Stictocyclales		
8171536	7ea21580-4f06-469d-995b-3f713fdcc37c	7947184			Leptocylindrales		Leptocylindrales	Leptocylindrales			order			accepted			Chromista	Ochrophyta	Bacillariophyceae	Leptocylindrales		
507	7ea21580-4f06-469d-995b-3f713fdcc37c	7947184			Paraliales		Paraliales	Paraliales			order			accepted			Chromista	Ochrophyta	Bacillariophyceae	Paraliales		
508	7ea21580-4f06-469d-995b-3f713fdcc37c	7947184			Thalassiosirales		Thalassiosirales	Thalassiosirales			order			accepted			Chromista	Ochrophyta	Bacillariophyceae	Thalassiosirales		
7383729	7ea21580-4f06-469d-995b-3f713fdcc37c	7947184			Stictocycales		Stictocycales	Stictocycales			order			accepted			Chromista	Ochrophyta	Bacillariophyceae	Stictocycales		
7914523	7ea21580-4f06-469d-995b-3f713fdcc37c	7947184			Chaetocerales		Chaetocerales	Chaetocerales			order			accepted			Chromista	Ochrophyta	Bacillariophyceae	Chaetocerales		
7373171	7ea21580-4f06-469d-995b-3f713fdcc37c	7947184			Lyrellales		Lyrellales	Lyrellales			order			accepted			Chromista	Ochrophyta	Bacillariophyceae	Lyrellales		
7455241	7ea21580-4f06-469d-995b-3f713fdcc37c	7947184			Rhopalodiales		Rhopalodiales	Rhopalodiales			order			accepted			Chromista	Ochrophyta	Bacillariophyceae	Rhopalodiales		
8066503	7ea21580-4f06-469d-995b-3f713fdcc37c	7947184			Rhaphoneidales		Rhaphoneidales	Rhaphoneidales			order			accepted			Chromista	Ochrophyta	Bacillariophyceae	Rhaphoneidales		
8391761	7ea21580-4f06-469d-995b-3f713fdcc37c	7947184			Thalassionematales		Thalassionematales	Thalassionematales			order			accepted			Chromista	Ochrophyta	Bacillariophyceae	Thalassionematales		
7512669	7ea21580-4f06-469d-995b-3f713fdcc37c	7947184			Protoraphidales		Protoraphidales	Protoraphidales			order			accepted			Chromista	Ochrophyta	Bacillariophyceae	Protoraphidales		
1094	7ea21580-4f06-469d-995b-3f713fdcc37c	7947184			Anaulales		Anaulales	Anaulales			order			accepted			Chromista	Ochrophyta	Bacillariophyceae	Anaulales		
8080352	7ea21580-4f06-469d-995b-3f713fdcc37c	7947184			Melosirales		Melosirales	Melosirales			order			accepted			Chromista	Ochrophyta	Bacillariophyceae	Melosirales		
8080177	7ea21580-4f06-469d-995b-3f713fdcc37c	7947184			Thalassiophysales		Thalassiophysales	Thalassiophysales			order			accepted			Chromista	Ochrophyta	Bacillariophyceae	Thalassiophysales		
1100	7ea21580-4f06-469d-995b-3f713fdcc37c	7947184			Ethmodiscales		Ethmodiscales	Ethmodiscales			order			accepted			Chromista	Ochrophyta	Bacillariophyceae	Ethmodiscales		
1151	7ea21580-4f06-469d-995b-3f713fdcc37c	7947184			Triceratiales		Triceratiales	Triceratiales			order			accepted			Chromista	Ochrophyta	Bacillariophyceae	Triceratiales		
8018294	7ea21580-4f06-469d-995b-3f713fdcc37c	7947184			Rhabdonematales		Rhabdonematales	Rhabdonematales			order			accepted			Chromista	Ochrophyta	Bacillariophyceae	Rhabdonematales		
7413647	7ea21580-4f06-469d-995b-3f713fdcc37c	7947184			Lithodesmiales		Lithodesmiales	Lithodesmiales			order			accepted			Chromista	Ochrophyta	Bacillariophyceae	Lithodesmiales		
8062490	7ea21580-4f06-469d-995b-3f713fdcc37c	7947184			Eunotiales		Eunotiales	Eunotiales			order			accepted			Chromista	Ochrophyta	Bacillariophyceae	Eunotiales		
490	7ea21580-4f06-469d-995b-3f713fdcc37c	7947184			Orthoseirales		Orthoseirales	Orthoseirales			order			accepted			Chromista	Ochrophyta	Bacillariophyceae	Orthoseirales		
7868197	7ea21580-4f06-469d-995b-3f713fdcc37c	7947184			Ardissoneales		Ardissoneales	Ardissoneales			order			accepted			Chromista	Ochrophyta	Bacillariophyceae	Ardissoneales		
1099	7ea21580-4f06-469d-995b-3f713fdcc37c	7947184			Cymatosirales		Cymatosirales	Cymatosirales			order			accepted			Chromista	Ochrophyta	Bacillariophyceae	Cymatosirales		
487	7ea21580-4f06-469d-995b-3f713fdcc37c	7947184			Biddulphiales		Biddulphiales	Biddulphiales			order			accepted			Chromista	Ochrophyta	Bacillariophyceae	Biddulphiales		
7993538	7ea21580-4f06-469d-995b-3f713fdcc37c	7947184			Achnanthales		Achnanthales	Achnanthales			order			accepted			Chromista	Ochrophyta	Bacillariophyceae	Achnanthales		
8376048	7ea21580-4f06-469d-995b-3f713fdcc37c	7947184			Chrysanthemodiscales		Chrysanthemodiscales	Chrysanthemodiscales			order			accepted			Chromista	Ochrophyta	Bacillariophyceae	Chrysanthemodiscales		
1112	7ea21580-4f06-469d-995b-3f713fdcc37c	7947184			Rhizosoleniales		Rhizosoleniales	Rhizosoleniales			order			accepted			Chromista	Ochrophyta	Bacillariophyceae	Rhizosoleniales		
8405879	7ea21580-4f06-469d-995b-3f713fdcc37c	7947184			Surirellales		Surirellales	Surirellales			order			accepted			Chromista	Ochrophyta	Bacillariophyceae	Surirellales		
1177	7ea21580-4f06-469d-995b-3f713fdcc37c	7947184			Tabellariales		Tabellariales	Tabellariales			order			accepted			Chromista	Ochrophyta	Bacillariophyceae	Tabellariales		
1096	7ddf754f-d193-4cc9-b351-99906754a03b	7947184			Chaetocerotales		Chaetocerotales	Chaetocerotales			order			accepted			Chromista	Ochrophyta	Bacillariophyceae	Chaetocerotales		
1098	7ea21580-4f06-469d-995b-3f713fdcc37c	7947184			Coscinodiscales		Coscinodiscales	Coscinodiscales			order			accepted			Chromista	Ochrophyta	Bacillariophyceae	Coscinodiscales		
1097	7ea21580-4f06-469d-995b-3f713fdcc37c	7947184			Corethrales		Corethrales	Corethrales			order			accepted			Chromista	Ochrophyta	Bacillariophyceae	Corethrales		
7369356	7ea21580-4f06-469d-995b-3f713fdcc37c	7947184			Climacospheniales		Climacospheniales	Climacospheniales			order			accepted			Chromista	Ochrophyta	Bacillariophyceae	Climacospheniales		
7819949	7ea21580-4f06-469d-995b-3f713fdcc37c	7947184			Dictyoneidales		Dictyoneidales	Dictyoneidales			order			accepted			Chromista	Ochrophyta	Bacillariophyceae	Dictyoneidales		
8408718	7ea21580-4f06-469d-995b-3f713fdcc37c	286			Eustigmatales		Eustigmatales	Eustigmatales			order			accepted			Chromista	Ochrophyta	Eustigmatophyceae	Eustigmatales		
7657718	7ea21580-4f06-469d-995b-3f713fdcc37c	8362057			Chrysomeridales		Chrysomeridales	Chrysomeridales			order			accepted			Chromista	Ochrophyta	Chrysomerophyceae	Chrysomeridales		
479	7ea21580-4f06-469d-995b-3f713fdcc37c	142			Bolidomonadales		Bolidomonadales	Bolidomonadales			order		Guillou, L.; Chrétiennot-Dinet, M.-J.; Medlin, L. K.; Claustre, H.; Loiseaux-de Goër, S.; Vaulot, D. (1999). Bolidomonas: a new genus with two species belonging to a new algal class, the Bolidophyceae (Heterokonta). Journal of Phycology. 35(2): 368-381.	accepted			Chromista	Ochrophyta	Bolidophyceae	Bolidomonadales		
7073606	7ea21580-4f06-469d-995b-3f713fdcc37c	7073629			Rhizochloridales		Rhizochloridales	Rhizochloridales			order			accepted			Chromista	Ochrophyta	Xanthophyceae	Rhizochloridales		
7497094	7ea21580-4f06-469d-995b-3f713fdcc37c	8007267			Chlamydomyxales		Chlamydomyxales	Chlamydomyxales			order			accepted			Chromista	Ochrophyta	Picophagea	Chlamydomyxales		
1320	7ea21580-4f06-469d-995b-3f713fdcc37c	7073629			Mischococcales		Mischococcales	Mischococcales			order			accepted			Chromista	Ochrophyta	Xanthophyceae	Mischococcales		
1321	7ea21580-4f06-469d-995b-3f713fdcc37c	7073629			Vaucheriales		Vaucheriales	Vaucheriales			order			accepted			Chromista	Ochrophyta	Xanthophyceae	Vaucheriales		
7457903	7ea21580-4f06-469d-995b-3f713fdcc37c	8007267			Picophagales		Picophagales	Picophagales			order			accepted			Chromista	Ochrophyta	Picophagea	Picophagales		
8199375	7ea21580-4f06-469d-995b-3f713fdcc37c	7073629			Botrydiales		Botrydiales	Botrydiales			order			accepted			Chromista	Ochrophyta	Xanthophyceae	Botrydiales		
7887219	7ea21580-4f06-469d-995b-3f713fdcc37c	7073629			Phyllosiphonales		Phyllosiphonales	Phyllosiphonales			order			accepted			Chromista	Ochrophyta	Xanthophyceae	Phyllosiphonales		
602	7ea21580-4f06-469d-995b-3f713fdcc37c	7073629			Tribonematales		Tribonematales	Tribonematales			order			accepted			Chromista	Ochrophyta	Xanthophyceae	Tribonematales		
8153610	7ea21580-4f06-469d-995b-3f713fdcc37c	7359086			Placidiales		Placidiales	Placidiales			order			accepted			Chromista	Ochrophyta	Placidiophyceae	Placidiales		
1085	7ea21580-4f06-469d-995b-3f713fdcc37c	258			Isochrysidales		Isochrysidales	Isochrysidales			order			accepted			Chromista	Haptophyta	Prymnesiophyceae	Isochrysidales		
7865601	7ea21580-4f06-469d-995b-3f713fdcc37c	258			Phaeocystales		Phaeocystales	Phaeocystales			order		Edvardsen, B.; Eikrem, W.; Green, J. C.; Andersen, R. A.; Moon-van der Staay, S. Y.; Medlin, L. K. (2000). Phylogenetic reconstructions of the Haptophyta inferred from 18S ribosomal DNA sequences and available morphological data. Phycologia. 39(1): 19-35.	accepted			Chromista	Haptophyta	Prymnesiophyceae	Phaeocystales		
7482910	7ea21580-4f06-469d-995b-3f713fdcc37c	258			Syracosphaerales		Syracosphaerales	Syracosphaerales			order			accepted			Chromista	Haptophyta	Prymnesiophyceae	Syracosphaerales		
1084	7ea21580-4f06-469d-995b-3f713fdcc37c	258			Coccosphaerales		Coccosphaerales	Coccosphaerales			order			accepted			Chromista	Haptophyta	Prymnesiophyceae	Coccosphaerales		
8221594	7ea21580-4f06-469d-995b-3f713fdcc37c	258			Coccolithales		Coccolithales	Coccolithales			order			accepted			Chromista	Haptophyta	Prymnesiophyceae	Coccolithales		
1086	7ea21580-4f06-469d-995b-3f713fdcc37c	258			Prymnesiales		Prymnesiales	Prymnesiales			order			accepted			Chromista	Haptophyta	Prymnesiophyceae	Prymnesiales		
8232986	7ea21580-4f06-469d-995b-3f713fdcc37c	258			Zygodiscales		Zygodiscales	Zygodiscales			order			accepted			Chromista	Haptophyta	Prymnesiophyceae	Zygodiscales		
7525591	7ddf754f-d193-4cc9-b351-99906754a03b	199			Trachycladida		Trachycladida	Trachycladida			order		Morrow, C., & Cárdenas, P. (2015). Proposal for a revised classification of the Demospongiae (Porifera). Frontiers in Zoology, 12: 7. https://doi.org/10.1186/s12983-015-0099-8	accepted			Animalia	Porifera	Demospongiae	Trachycladida		
1239	7ddf754f-d193-4cc9-b351-99906754a03b	199			Haplosclerida		Haplosclerida	Haplosclerida			order		Topsent, E. (1928). Spongiaires de l’Atlantique et de la Méditerranée provenant des croisières du Prince Albert ler de Monaco. Résultats Des Campagnes Scientifiques Accomplies Par Le Prince Albert I. Monaco, 74:1–376, pls I–XI. https://www.marinespecies.org/porifera/aphia.php?p=sourcedetails&id=8393	accepted			Animalia	Porifera	Demospongiae	Haplosclerida		
7756417	7ddf754f-d193-4cc9-b351-99906754a03b	199			Sphaerocladina		Sphaerocladina	Sphaerocladina			order		Schrammen, A. (1924). Die Kieselspongien der oberen Kreide von Nordwestdeutschland. III. und letzter Teil. Monographien Zur Geologie Und Paläontologie, 1, Heft 2: 1–159, I–XVII. https://www.marinespecies.org/porifera/aphia.php?p=sourcedetails&id=8192	accepted			Animalia	Porifera	Demospongiae	Sphaerocladina		
8041835	7ddf754f-d193-4cc9-b351-99906754a03b	199			Scopalinida		Scopalinida	Scopalinida			order		Morrow, C., & Cárdenas, P. (2015). Proposal for a revised classification of the Demospongiae (Porifera). Frontiers in Zoology, 12: 7. https://doi.org/10.1186/s12983-015-0099-8	accepted			Animalia	Porifera	Demospongiae	Scopalinida		
8142847	7ddf754f-d193-4cc9-b351-99906754a03b	199			Chondrosiida		Chondrosiida	Chondrosiida			order		Boury-Esnault, N., & Lopes, M. T. (1985). Les Démosponges littorales de l’Archipel des Açores. Annales De l’Institut Océanographique, 61(2): 149–225. https://www.marinespecies.org/porifera/aphia.php?p=sourcedetails&id=7195	accepted			Animalia	Porifera	Demospongiae	Chondrosiida		
7431046	7ddf754f-d193-4cc9-b351-99906754a03b	199			Clionaida		Clionaida	Clionaida			order		Morrow, C., & Cárdenas, P. (2015). Proposal for a revised classification of the Demospongiae (Porifera). Frontiers in Zoology, 12: 7. https://doi.org/10.1186/s12983-015-0099-8	accepted			Animalia	Porifera	Demospongiae	Clionaida		
7747880	7ddf754f-d193-4cc9-b351-99906754a03b	199			Tethyida		Tethyida	Tethyida			order		Morrow, C., & Cárdenas, P. (2015). Proposal for a revised classification of the Demospongiae (Porifera). Frontiers in Zoology, 12: 7. https://doi.org/10.1186/s12983-015-0099-8	accepted			Animalia	Porifera	Demospongiae	Tethyida		
668	7ddf754f-d193-4cc9-b351-99906754a03b	199			Poecilosclerida		Poecilosclerida	Poecilosclerida			order		Topsent, E. (1928). Spongiaires de l’Atlantique et de la Méditerranée provenant des croisières du Prince Albert ler de Monaco. Résultats Des Campagnes Scientifiques Accomplies Par Le Prince Albert I. Monaco, 74:1–376, pls I–XI. https://www.marinespecies.org/porifera/aphia.php?p=sourcedetails&id=8393	accepted			Animalia	Porifera	Demospongiae	Poecilosclerida		
8095499	7ddf754f-d193-4cc9-b351-99906754a03b	199			Desmacellida		Desmacellida	Desmacellida			order		Morrow, C., & Cárdenas, P. (2015). Proposal for a revised classification of the Demospongiae (Porifera). Frontiers in Zoology, 12: 7. https://doi.org/10.1186/s12983-015-0099-8	accepted			Animalia	Porifera	Demospongiae	Desmacellida		
8248299	7ddf754f-d193-4cc9-b351-99906754a03b	199			Biemnida		Biemnida	Biemnida			order		Morrow, C. C., Redmond, N. E., Picton, B. E., Thacker, R. W., Collins, A. G., Maggs, C. A., Sigwart, J. D., & Allcock, A. L. (2013). Molecular Phylogenies Support Homoplasy of Multiple Morphological Characters Used in the Taxonomy of Heteroscleromorpha (Porifera, Demospongiae). Integrative and Comparative Biology, 53 (3): 428–446. https://doi.org/10.1093/icb/ict065	accepted			Animalia	Porifera	Demospongiae	Biemnida		
8414464	7ddf754f-d193-4cc9-b351-99906754a03b	199			Merliida		Merliida	Merliida			order		Vacelet, J. (1979). Descriptions et affinités d’une éponge sphinctozoaire actuelle. In: Lévi C, Boury-Esnault N (eds) Biologie des Spongiaires. Sponge Biology. Colloques Internationaux Du Centre National De La Recherché Scientifique, Paris, 291, 483–493. https://www.marinespecies.org/porifera/aphia.php?p=sourcedetails&id=277541	accepted			Animalia	Porifera	Demospongiae	Merliida		
8058188	7ddf754f-d193-4cc9-b351-99906754a03b	199			Verongiida		Verongiida	Verongiida			order		Bergquist, P. R. (1978). Sponges. Hutchinson: London, University of California Press, Berkeley & Los Angeles, 1–268. https://www.marinespecies.org/porifera/aphia.php?p=sourcedetails&id=7119	accepted			Animalia	Porifera	Demospongiae	Verongiida		
8189981	7ddf754f-d193-4cc9-b351-99906754a03b	199			Bubarida		Bubarida	Bubarida			order		Morrow, C., & Cárdenas, P. (2015). Proposal for a revised classification of the Demospongiae (Porifera). Frontiers in Zoology, 12: 7. https://doi.org/10.1186/s12983-015-0099-8	accepted			Animalia	Porifera	Demospongiae	Bubarida		
1238	7ddf754f-d193-4cc9-b351-99906754a03b	199			Dendroceratida		Dendroceratida	Dendroceratida			order		Minchin, E. A. (1900). Chapter III. Sponges. Pp. 1-178. In: Lankester, E.R.(Ed.), A Treatise on Zoology. Part II. The Porifera and Coelenterata. 2. (Adam & Charles Black: London). https://www.marinespecies.org/porifera/aphia.php?p=sourcedetails&id=7951	accepted			Animalia	Porifera	Demospongiae	Dendroceratida		
7626496	7ddf754f-d193-4cc9-b351-99906754a03b	199			Axinellida		Axinellida	Axinellida			order		Lévi, C. (1953). Sur une nouvelle classification des Démosponges. Compte Rendu Hebdomadaire Des Séances De l’Académie Des Sciences, Paris, 236 (8): 853–855. https://www.marinespecies.org/porifera/aphia.php?p=sourcedetails&id=7840	accepted			Animalia	Porifera	Demospongiae	Axinellida		
8396282	7ddf754f-d193-4cc9-b351-99906754a03b	199			Polymastiida		Polymastiida	Polymastiida			order		Morrow, C., & Cárdenas, P. (2015). Proposal for a revised classification of the Demospongiae (Porifera). Frontiers in Zoology, 12: 7. https://doi.org/10.1186/s12983-015-0099-8	accepted			Animalia	Porifera	Demospongiae	Polymastiida		
7795505	7ddf754f-d193-4cc9-b351-99906754a03b	199			Chondrillida		Chondrillida	Chondrillida			order		Redmond, N. E., Morrow, C. C., Thacker, R. W., Díaz, M. C., Boury-Esnault, N., Cárdenas, P., Hajdu, E., Lôbo-Hajdu, G., Picton, B. E., Pomponi, S. A., Kayal, E., & Collins, A. G. (2013). Phylogeny and Systematics of Demospongiae in Light of New Small-Subunit Ribosomal DNA (18S) Sequences. Integrative and Comparative Biology, 53 (3): 388–415. https://doi.org/10.1093/icb/ict078	accepted			Animalia	Porifera	Demospongiae	Chondrillida		
7682289	7ddf754f-d193-4cc9-b351-99906754a03b	199			Suberitida		Suberitida	Suberitida			order		Chombard, C., & Boury-Esnault, N. (1999). Good congruence between morphology and molecular phylogeny of Hadromerida, or how to bother sponge taxonomists. In: Hooper JNA (ed) Origin and Outlook. Proceedings of the 5th International Sponge Symposium 1998. Memoirs of the Queensland Museum, 44: 100. https://www.marinespecies.org/porifera/aphia.php?p=sourcedetails&id=7367	accepted			Animalia	Porifera	Demospongiae	Suberitida		
7544483	7ddf754f-d193-4cc9-b351-99906754a03b	199			Tetractinellida		Tetractinellida	Tetractinellida			order		Marshall, W. (1876). Ideen über die Verwandtschaftsverhältnisse der Hexactinelliden. Zeitschrift Für Wissenschaftliche Zoologie, 27(1): 113–136. https://www.marinespecies.org/porifera/aphia.php?p=sourcedetails&id=7922	accepted			Animalia	Porifera	Demospongiae	Tetractinellida		
1009	7ddf754f-d193-4cc9-b351-99906754a03b	199			Dictyoceratida		Dictyoceratida	Dictyoceratida			order		Minchin, E. A. (1900). Chapter III. Sponges. Pp. 1-178. In: Lankester, E.R.(Ed.), A Treatise on Zoology. Part II. The Porifera and Coelenterata. 2. (Adam & Charles Black: London). https://www.marinespecies.org/porifera/aphia.php?p=sourcedetails&id=7951	accepted			Animalia	Porifera	Demospongiae	Dictyoceratida		
1006	7ddf754f-d193-4cc9-b351-99906754a03b	199			Agelasida		Agelasida	Agelasida			order		Hartman, W. D. (1980). Systematics of the Porifera. Pp. 24-51. In: Hartman,W.D.,Wendt, J.W. & Wiedenmayer, F. (Eds), Living and Fossil Sponges, Notes for a Short Course. Sedimenta, 8. (Rosenstiel School of Marine and Atmospheric Science: Miami), 1–274. https://www.marinespecies.org/porifera/aphia.php?p=sourcedetails&id=7594	accepted			Animalia	Porifera	Demospongiae	Agelasida		
8391193	7ddf754f-d193-4cc9-b351-99906754a03b	199			Spongillida		Spongillida	Spongillida			order		Manconi, R., & Pronzato, R. (2002). Suborder Spongillina subord. nov.: Freshwater sponges. Pp. 921-1020. In Hooper, J.N.A.; Van Soest, R.W.M. (Eds) Systema Porifera. A Guide to the Classification of Sponges. 2 Volumes., Kluwer Academic/ Plenum Publishers, New York. 1708 + xvliii. ISBN 0–306–47260–0 (printed version). https://www.marinespecies.org/porifera/aphia.php?p=sourcedetails&id=9068	accepted			Animalia	Porifera	Demospongiae	Spongillida		
1184	7ddf754f-d193-4cc9-b351-99906754a03b	308			Leucosolenida		Leucosolenida	Leucosolenida			order		Hartman, W. D. (1958). Re-examination of Bidder’s classification of the Calcarea. Systematic Zoology, 7 (3): 97–110. https://www.marinespecies.org/porifera/aphia.php?p=sourcedetails&id=132675	accepted			Animalia	Porifera	Calcarea	Leucosolenida		
561	7ddf754f-d193-4cc9-b351-99906754a03b	308			Baerida		Baerida	Baerida			order		Borojevic, R., Boury-Esnault, N., & Vacelet, J. (2000). A revision of the supraspecific classification of the subclass Calcaronea (Porifera, class Calcarea). Zoosystema, 22(2): 203–263. https://www.marinespecies.org/porifera/aphia.php?p=sourcedetails&id=7176	accepted			Animalia	Porifera	Calcarea	Baerida		
562	7ddf754f-d193-4cc9-b351-99906754a03b	308			Lithonida		Lithonida	Lithonida			order		Vacelet, J. (1981). Éponges hypercalcifées (‘Pharétronides’, ‘Sclérosponges’) des cavités des récifs coralliens de Nouvelle-Calédonie. Bulletin Du Muséum National d’Histoire Naturelle (4, A), 3 (2):313–351. https://www.marinespecies.org/porifera/aphia.php?p=sourcedetails&id=8451	accepted			Animalia	Porifera	Calcarea	Lithonida		
1183	7ddf754f-d193-4cc9-b351-99906754a03b	308			Clathrinida		Clathrinida	Clathrinida			order		Hartman, W. D. (1958). Re-examination of Bidder’s classification of the Calcarea. Systematic Zoology, 7 (3): 97–110. https://www.marinespecies.org/porifera/aphia.php?p=sourcedetails&id=132675	accepted			Animalia	Porifera	Calcarea	Clathrinida		
1114	7ddf754f-d193-4cc9-b351-99906754a03b	146			Lychniscosida		Lychniscosida	Lychniscosida			order		Schrammen, A. (1903). Zur Systematik der Kieselspongien. Mitteilungen aus dem Roemer-Museum, Hildesheim 19: 1-21. https://www.marinespecies.org/porifera/aphia.php?p=sourcedetails&id=8189	accepted			Animalia	Porifera	Hexactinellida	Lychniscosida		
9264139	7ddf754f-d193-4cc9-b351-99906754a03b	146			Sceptrulophora		Sceptrulophora	Sceptrulophora			order		Mehl, D. (1992). Die Entwicklung der Hexactinellida seit dem Mesozoikum. Paläobiologie, Phylogenie und Evolutionsökologie. Berliner Geowissenschaftliche Abhandlungen Reihe E (Paläobiologie), 2: 1–164. https://www.marinespecies.org/porifera/aphia.php?p=sourcedetails&id=7935	accepted			Animalia	Porifera	Hexactinellida	Sceptrulophora		
514	7ddf754f-d193-4cc9-b351-99906754a03b	146			Amphidiscosida		Amphidiscosida	Amphidiscosida			order		Schrammen, A. (1924). Die Kieselspongien der oberen Kreide von Nordwestdeutschland. III. und letzter Teil. Monographien Zur Geologie Und Paläontologie, 1, Heft 2: 1–159, I–XVII. https://www.marinespecies.org/porifera/aphia.php?p=sourcedetails&id=8192	accepted			Animalia	Porifera	Hexactinellida	Amphidiscosida		
1113	7ddf754f-d193-4cc9-b351-99906754a03b	146			Lyssacinosida		Lyssacinosida	Lyssacinosida			order		Zittel, K. A. (1877). Studien über fossile Spongien. I: Hexactinellidae. Abhandlungen Der Mathematisch-Physikalischen Classe Der Königlich-Bayerischen Akademie Der Wissenschaften München, 13 (1): 1–63. https://www.marinespecies.org/porifera/aphia.php?p=sourcedetails&id=8613	accepted			Animalia	Porifera	Hexactinellida	Lyssacinosida		
1013	7ddf754f-d193-4cc9-b351-99906754a03b	5964034			Homosclerophorida		Homosclerophorida	Homosclerophorida			order		Dendy, A. (1905). Report on the sponges collected by Professor Herdman,at Ceylon, in 1902. In: Herdman, W.A. (Ed.), Report to the Government of Ceylon on the Pearl Oyster Fisheries of the Gulf of Manaar. 3 (Supplement 18). (Royal Society: London)., Pp. 57–246, pls I–XVI. https://www.marinespecies.org/porifera/aphia.php?p=sourcedetails&id=7402	accepted			Animalia	Porifera	Homoscleromorpha	Homosclerophorida		
10863087	7ddf754f-d193-4cc9-b351-99906754a03b	10760826			Ghabrivirales		Ghabrivirales	Ghabrivirales			order			accepted			Viruses	Duplornaviricota	Chrymotiviricetes	Ghabrivirales		
10815728	7ddf754f-d193-4cc9-b351-99906754a03b	10699744			Reovirales		Reovirales	Reovirales			order			accepted			Viruses	Duplornaviricota	Resentoviricetes	Reovirales		
10843725	7ddf754f-d193-4cc9-b351-99906754a03b	10671848			Mindivirales		Mindivirales	Mindivirales			order			accepted			Viruses	Duplornaviricota	Vidaverviricetes	Mindivirales		
10684289	a97f36e5-ded1-49cc-bdec-ac6170fc7b9c	8396371			Cryosericales		Cryosericales	Cryosericales			order			accepted			Bacteria	Caldisericota	Caldisericia	Cryosericales		
10764216	a97f36e5-ded1-49cc-bdec-ac6170fc7b9c	8396371			B22-G15						order			accepted			Bacteria	Caldisericota	Caldisericia	B22-G15		
7625615	a97f36e5-ded1-49cc-bdec-ac6170fc7b9c	8396371			Caldisericales		Caldisericales	Caldisericales			order			accepted			Bacteria	Caldisericota	Caldisericia	Caldisericales		
10834186	a97f36e5-ded1-49cc-bdec-ac6170fc7b9c	8396371			UBA6126						order			accepted			Bacteria	Caldisericota	Caldisericia	UBA6126		
11132643	a97f36e5-ded1-49cc-bdec-ac6170fc7b9c	8396371			JAAYUI01						order			accepted			Bacteria	Caldisericota	Caldisericia	JAAYUI01		
10744509	a97f36e5-ded1-49cc-bdec-ac6170fc7b9c	10879389			UBA2466						order			accepted			Bacteria	Bdellovibrionota	FAC87	UBA2466		
10684324	a97f36e5-ded1-49cc-bdec-ac6170fc7b9c	10831204			Bacteriovoracales		Bacteriovoracales	Bacteriovoracales			order			accepted			Bacteria	Bdellovibrionota	Bacteriovoracia	Bacteriovoracales		
11156226	a97f36e5-ded1-49cc-bdec-ac6170fc7b9c	11133527			CAIPTA01						order			accepted			Bacteria	Bdellovibrionota	Bdellovibrionia_A	CAIPTA01		
10691066	a97f36e5-ded1-49cc-bdec-ac6170fc7b9c	11133527			UBA1018						order			accepted			Bacteria	Bdellovibrionota	Bdellovibrionia_A	UBA1018		
11141217	a97f36e5-ded1-49cc-bdec-ac6170fc7b9c	10866540			JABDDW01						order			accepted			Bacteria	Bdellovibrionota	Bdellovibrionia	JABDDW01		
652	a97f36e5-ded1-49cc-bdec-ac6170fc7b9c	10866540			Bdellovibrionales		Bdellovibrionales	Bdellovibrionales			order			accepted			Bacteria	Bdellovibrionota	Bdellovibrionia	Bdellovibrionales		
10789797	a97f36e5-ded1-49cc-bdec-ac6170fc7b9c	10808561			Silvanigrellales		Silvanigrellales	Silvanigrellales			order			accepted			Bacteria	Bdellovibrionota	Oligoflexia	Silvanigrellales		
10815316	a97f36e5-ded1-49cc-bdec-ac6170fc7b9c	10808561			Oligoflexales		Oligoflexales	Oligoflexales			order			accepted			Bacteria	Bdellovibrionota	Oligoflexia	Oligoflexales		
657	a97f36e5-ded1-49cc-bdec-ac6170fc7b9c	10860289			Nautiliales		Nautiliales	Nautiliales			order			accepted			Bacteria	Campylobacterota	Campylobacteria	Nautiliales		
1385	a97f36e5-ded1-49cc-bdec-ac6170fc7b9c	10860289			Campylobacterales		Campylobacterales	Campylobacterales			order			accepted			Bacteria	Campylobacterota	Campylobacteria	Campylobacterales		
11198055	a97f36e5-ded1-49cc-bdec-ac6170fc7b9c	10671070			JAADFJ01						order			accepted			Bacteria	Campylobacterota	Desulfurellia	JAADFJ01		
655	a97f36e5-ded1-49cc-bdec-ac6170fc7b9c	10671070			Desulfurellales		Desulfurellales	Desulfurellales			order			accepted			Bacteria	Campylobacterota	Desulfurellia	Desulfurellales		
1504	7ddf754f-d193-4cc9-b351-99906754a03b	127			Calobryales		Calobryales	Calobryales			order		Hamlin, B. G. (1972). Hepaticae of New Zealand, parts I and II. Index of binomials and preliminary checklist. Records of the Dominion Museum, 7(19), 243–366. https://www.tropicos.org/reference/100042583	accepted			Plantae	Marchantiophyta	Haplomitriopsida	Calobryales		
917	7ddf754f-d193-4cc9-b351-99906754a03b	127			Treubiales		Treubiales	Treubiales			order		Schljakov, R. N. (1972). On the higher taxa of liverworts (Hepaticae s. str.). Botanicheskii Zhurnal (Moscow & Leningrad), 57(4), 496–508. https://www.tropicos.org/reference/100043030	accepted			Plantae	Marchantiophyta	Haplomitriopsida	Treubiales		
377	7ddf754f-d193-4cc9-b351-99906754a03b	126			Porellales		Porellales	Porellales			order		Schljakov, R. N. (1972). On the higher taxa of liverworts (Hepaticae s. str.). Botanicheskii Zhurnal (Moscow & Leningrad), 57(4), 496–508. https://www.tropicos.org/reference/100043030	accepted			Plantae	Marchantiophyta	Jungermanniopsida	Porellales		
914	7ddf754f-d193-4cc9-b351-99906754a03b	126			Ptilidiales		Ptilidiales	Ptilidiales			order		Schljakov, R. N. (1972). On the higher taxa of liverworts (Hepaticae s. str.). Botanicheskii Zhurnal (Moscow & Leningrad), 57(4), 496–508. https://www.tropicos.org/reference/100043030	accepted			Plantae	Marchantiophyta	Jungermanniopsida	Ptilidiales		
916	7ddf754f-d193-4cc9-b351-99906754a03b	126			Fossombroniales		Fossombroniales	Fossombroniales			order		Schljakov, R. N. (1972). On the higher taxa of liverworts (Hepaticae s. str.). Botanicheskii Zhurnal (Moscow & Leningrad), 57(4), 496–508. https://www.tropicos.org/reference/100043030	accepted			Plantae	Marchantiophyta	Jungermanniopsida	Fossombroniales		
379	7ddf754f-d193-4cc9-b351-99906754a03b	126			Pallaviciniales		Pallaviciniales	Pallaviciniales			order		Frey, W., & Stech, M. (2005). A morpho-molecular classification of the liverworts (Hepaticophytina, Bryophyta). Nova Hedwigia, 81, 55–78. https://www.tropicos.org/reference/9030357	accepted			Plantae	Marchantiophyta	Jungermanniopsida	Pallaviciniales		
381	7ddf754f-d193-4cc9-b351-99906754a03b	126			Jungermanniales		Jungermanniales	Jungermanniales			order		Klinggräff, H. E. M. v. (1858). In Die Höheren Cryptogamen Preussens. Verlag von Wilhelm Koch. https://www.tropicos.org/reference/100043034	accepted			Plantae	Marchantiophyta	Jungermanniopsida	Jungermanniales		
378	7ddf754f-d193-4cc9-b351-99906754a03b	126			Pleuroziales		Pleuroziales	Pleuroziales			order		Schljakov, R. N. (1972). On the higher taxa of liverworts (Hepaticae s. str.). Botanicheskii Zhurnal (Moscow & Leningrad), 57(4), 496–508. https://www.tropicos.org/reference/100043030	accepted			Plantae	Marchantiophyta	Jungermanniopsida	Pleuroziales		
915	7ddf754f-d193-4cc9-b351-99906754a03b	126			Pelliales		Pelliales	Pelliales			order		He-Nygrén, X.-L.; Juslén, A.; Ahonen, I.; Glenny, D.; Piippo, S. (2006). Illuminating the evolutionary history of liverworts (Marchantiophyta)--- towards a natural classification. Cladistics, 22(1), 1–31. https://www.tropicos.org/reference/9031463	accepted			Plantae	Marchantiophyta	Jungermanniopsida	Pelliales		
380	7ddf754f-d193-4cc9-b351-99906754a03b	126			Metzgeriales		Metzgeriales	Metzgeriales			order		Rosenvinge, L. K. (1913). In Sporeplanterne. Gyldendalske Boghandel Nordisk Forlag. https://www.tropicos.org/reference/100043195	accepted			Plantae	Marchantiophyta	Jungermanniopsida	Metzgeriales		
375	7ddf754f-d193-4cc9-b351-99906754a03b	125			Neohodgsoniales		Neohodgsoniales	Neohodgsoniales			order		Long, D. G. (2006). New higher taxa of complex thalloid liverworts (Marchantiophyta - Marchantiopsida). Edinburgh Journal of Botany, 63, 257–262. https://www.tropicos.org/reference/9032665	accepted			Plantae	Marchantiophyta	Marchantiopsida	Neohodgsoniales		
913	7ddf754f-d193-4cc9-b351-99906754a03b	125			Blasiales		Blasiales	Blasiales			order		Crandall-Stotler, B. J., & Stotler, R. E. (2000). Morphology and classification of the Marchantiophyta. In A. J. Shaw & B. Goffinet, Bryophyte Biology (pp. 21–70). Cambridge University Press. https://www.tropicos.org/reference/9021946	accepted			Plantae	Marchantiophyta	Marchantiopsida	Blasiales		
911	7ddf754f-d193-4cc9-b351-99906754a03b	125			Lunulariales		Lunulariales	Lunulariales			order		Long, D. G. (2006). New higher taxa of complex thalloid liverworts (Marchantiophyta - Marchantiopsida). Edinburgh Journal of Botany, 63, 257–262. https://www.tropicos.org/reference/9032665	accepted			Plantae	Marchantiophyta	Marchantiopsida	Lunulariales		
376	7ddf754f-d193-4cc9-b351-99906754a03b	125			Marchantiales		Marchantiales	Marchantiales			order		Limpricht, K. G. (1877). Lebermoose. In F. J. Cohn, Kryptogamen-Flora von Schlesien (Vol. 1, Issue 2, pp. 225–352). J. U. Kern. https://www.tropicos.org/reference/100042865	accepted			Plantae	Marchantiophyta	Marchantiopsida	Marchantiales		
910	7ddf754f-d193-4cc9-b351-99906754a03b	125			Sphaerocarpales		Sphaerocarpales	Sphaerocarpales			order		Cavers, F. (1910). The Inter-Relationships of the Bryophyta. I. Sphaerocarpales. New Phytologist, 9(3–4), 81–92. https://www.tropicos.org/reference/100043226	accepted			Plantae	Marchantiophyta	Marchantiopsida	Sphaerocarpales		
9468405	7ddf754f-d193-4cc9-b351-99906754a03b	125			Naiaditales		Naiaditales	Naiaditales			order		Katagiri, T., & Hagborg, A. (2015). Validation of ordinal and family names for a Triassic fossil liverwort, Naiadita (Naiaditaceae, Marchantiopsida). Phytotaxa, 222(2), 165–166. https://www.tropicos.org/reference/100020783	accepted			Plantae	Marchantiophyta	Marchantiopsida	Naiaditales		
565	a97f36e5-ded1-49cc-bdec-ac6170fc7b9c	160			Halobacteriales		Halobacteriales	Halobacteriales			order			accepted			Archaea	Halobacteriota	Halobacteria	Halobacteriales		
11583524	a97f36e5-ded1-49cc-bdec-ac6170fc7b9c	160			JAHENH01						order			accepted			Archaea	Halobacteriota	Halobacteria	JAHENH01		
1190	a97f36e5-ded1-49cc-bdec-ac6170fc7b9c	291			Archaeoglobales		Archaeoglobales	Archaeoglobales			order			accepted			Archaea	Halobacteriota	Archaeoglobi	Archaeoglobales		
11215560	a97f36e5-ded1-49cc-bdec-ac6170fc7b9c	10751195			Methanosarcinales_A						order			accepted			Archaea	Halobacteriota	Methanosarcinia	Methanosarcinales_A		
10709616	a97f36e5-ded1-49cc-bdec-ac6170fc7b9c	10751195			Methanotrichales		Methanotrichales	Methanotrichales			order			accepted			Archaea	Halobacteriota	Methanosarcinia	Methanotrichales		
1194	a97f36e5-ded1-49cc-bdec-ac6170fc7b9c	10751195			Methanosarcinales		Methanosarcinales	Methanosarcinales			order			accepted			Archaea	Halobacteriota	Methanosarcinia	Methanosarcinales		
566	a97f36e5-ded1-49cc-bdec-ac6170fc7b9c	162			Methanomicrobiales		Methanomicrobiales	Methanomicrobiales			order			accepted			Archaea	Halobacteriota	Methanomicrobia	Methanomicrobiales		
11480449	a97f36e5-ded1-49cc-bdec-ac6170fc7b9c	10858678			JACQPP01						order			accepted			Archaea	Halobacteriota	Syntropharchaeia	JACQPP01		
10683176	a97f36e5-ded1-49cc-bdec-ac6170fc7b9c	10858678			Syntropharchaeales		Syntropharchaeales	Syntropharchaeales			order			accepted			Archaea	Halobacteriota	Syntropharchaeia	Syntropharchaeales		
11785936	a97f36e5-ded1-49cc-bdec-ac6170fc7b9c	10775835			JAANXF01						order			accepted			Archaea	Halobacteriota	Methanonatronarchaeia	JAANXF01		
10739565	a97f36e5-ded1-49cc-bdec-ac6170fc7b9c	10775835			Methanonatronarchaeales		Methanonatronarchaeales	Methanonatronarchaeales			order			accepted			Archaea	Halobacteriota	Methanonatronarchaeia	Methanonatronarchaeales		
8303780	a97f36e5-ded1-49cc-bdec-ac6170fc7b9c	10692980			Methanocellales		Methanocellales	Methanocellales			order			accepted			Archaea	Halobacteriota	Methanocellia	Methanocellales		
10827034	a97f36e5-ded1-49cc-bdec-ac6170fc7b9c	10797058			Methanoliparales		Methanoliparales	Methanoliparales			order			accepted			Archaea	Halobacteriota	Methanoliparia	Methanoliparales		
10868034	a97f36e5-ded1-49cc-bdec-ac6170fc7b9c	10692532			Thermodesulfobiales		Thermodesulfobiales	Thermodesulfobiales			order			accepted			Bacteria	Thermodesulfobiota	Thermodesulfobiia	Thermodesulfobiales		
12255478	7ddf754f-d193-4cc9-b351-99906754a03b	9748626			Desmidiales		Desmidiales	Desmidiales			order			accepted			Plantae	Charophyta	Conjugatophyceae	Desmidiales		
642	7ea21580-4f06-469d-995b-3f713fdcc37c	333			Zygnematales		Zygnematales	Zygnematales			order			accepted			Plantae	Charophyta	Zygnematophyceae	Zygnematales		
634	7ea21580-4f06-469d-995b-3f713fdcc37c	330			Klebsormidiales		Klebsormidiales	Klebsormidiales			order			accepted			Plantae	Charophyta	Klebsormidiophyceae	Klebsormidiales		
1357	7ea21580-4f06-469d-995b-3f713fdcc37c	331			Mesostigmatales		Mesostigmatales	Mesostigmatales			order			accepted			Plantae	Charophyta	Mesostigmatophyceae	Mesostigmatales		
635	7ea21580-4f06-469d-995b-3f713fdcc37c	331			Chaetosphaeridiales		Chaetosphaeridiales	Chaetosphaeridiales			order			accepted			Plantae	Charophyta	Mesostigmatophyceae	Chaetosphaeridiales		
9755024	7ddf754f-d193-4cc9-b351-99906754a03b	328			Sycidiales		Sycidiales	Sycidiales			order			accepted			Plantae	Charophyta	Charophyceae	Sycidiales		
9819864	7ddf754f-d193-4cc9-b351-99906754a03b	328			Umbellinales		Umbellinales	Umbellinales			order			accepted			Plantae	Charophyta	Charophyceae	Umbellinales		
12263124	7ddf754f-d193-4cc9-b351-99906754a03b	328			Moellerinales		Moellerinales	Moellerinales			order			accepted			Plantae	Charophyta	Charophyceae	Moellerinales		
626	7ea21580-4f06-469d-995b-3f713fdcc37c	328			Charales		Charales	Charales			order			accepted			Plantae	Charophyta	Charophyceae	Charales		
633	7ea21580-4f06-469d-995b-3f713fdcc37c	328			Coleochaetales		Coleochaetales	Coleochaetales			order			accepted			Plantae	Charophyta	Charophyceae	Coleochaetales		
10703850	7ddf754f-d193-4cc9-b351-99906754a03b	10879408			Chlorokybales		Chlorokybales	Chlorokybales			order			accepted			Plantae	Charophyta	Chlorokybophyceae	Chlorokybales		
11496960	7ddf754f-d193-4cc9-b351-99906754a03b	11221465			Anomoirhaga		Anomoirhaga	Anomoirhaga			order		Herranz, M., Stiller, J., Worsaae, K., & Sørensen, M. V. (2022). Phylogenomic analyses of mud dragons (Kinorhyncha). Molecular Phylogenetics and Evolution, 168, 107375: 1–10. https://doi.org/10.1016/j.ympev.2021.107375	accepted			Animalia	Kinorhyncha	Allomalorhagida	Anomoirhaga		
11169061	7ddf754f-d193-4cc9-b351-99906754a03b	11198974			Xenosomata		Xenosomata	Xenosomata			order		Zelinka, C. (1907). Zur Kenntnis der Echinoderen. Zoologischer Anzeiger, 32(5): 130–136. https://www.marinespecies.org/kinorhyncha/aphia.php?p=sourcedetails&id=167991	accepted			Animalia	Kinorhyncha	Cyclorhagida	Xenosomata		
11124621	7ddf754f-d193-4cc9-b351-99906754a03b	11198974			Kentrorhagata		Kentrorhagata	Kentrorhagata			order		Sørensen, M. V., Dal Zotto, M., Rho, H. S., Herranz, M., Sánchez, N., Pardos, F., & Yamasaki, H. (2015). Phylogeny of Kinorhyncha based on morphology and two molecular loci. PLOS ONE, 10(7): e0133440, 33 pp. https://doi.org/10.1371/journal.pone.0133440	accepted			Animalia	Kinorhyncha	Cyclorhagida	Kentrorhagata		
11114807	7ddf754f-d193-4cc9-b351-99906754a03b	11198974			Echinorhagata		Echinorhagata	Echinorhagata			order		Sørensen, M. V., Dal Zotto, M., Rho, H. S., Herranz, M., Sánchez, N., Pardos, F., & Yamasaki, H. (2015). Phylogeny of Kinorhyncha based on morphology and two molecular loci. PLOS ONE, 10(7): e0133440, 33 pp. https://doi.org/10.1371/journal.pone.0133440	accepted			Animalia	Kinorhyncha	Cyclorhagida	Echinorhagata		
977	7ddf754f-d193-4cc9-b351-99906754a03b	11133537			Desmoscolecida		Desmoscolecida	Desmoscolecida			order			accepted			Animalia	Nematoda	Chromadorea	Desmoscolecida		
445	7ddf754f-d193-4cc9-b351-99906754a03b	11133537			Monhysterida		Monhysterida	Monhysterida			order			accepted			Animalia	Nematoda	Chromadorea	Monhysterida		
440	7ddf754f-d193-4cc9-b351-99906754a03b	11133537			Rhabditida		Rhabditida	Rhabditida			order			accepted			Animalia	Nematoda	Chromadorea	Rhabditida		
11166580	7ddf754f-d193-4cc9-b351-99906754a03b	11133537			Plectida		Plectida	Plectida			order			accepted			Animalia	Nematoda	Chromadorea	Plectida		
447	7ddf754f-d193-4cc9-b351-99906754a03b	11133537			Desmodorida		Desmodorida	Desmodorida			order			accepted			Animalia	Nematoda	Chromadorea	Desmodorida		
978	7ddf754f-d193-4cc9-b351-99906754a03b	11133537			Araeolaimida		Araeolaimida	Araeolaimida			order			accepted			Animalia	Nematoda	Chromadorea	Araeolaimida		
11124797	7ddf754f-d193-4cc9-b351-99906754a03b	11133537			Chromadorida		Chromadorida	Chromadorida			order			accepted			Animalia	Nematoda	Chromadorea	Chromadorida		
11433457	a97f36e5-ded1-49cc-bdec-ac6170fc7b9c	10715842			JACROU01						order			accepted			Bacteria	Omnitrophota	Omnitrophia	JACROU01		
11680584	a97f36e5-ded1-49cc-bdec-ac6170fc7b9c	10715842			JACQQS01						order			accepted			Bacteria	Omnitrophota	Omnitrophia	JACQQS01		
11692037	a97f36e5-ded1-49cc-bdec-ac6170fc7b9c	10715842			JAHJGZ01						order			accepted			Bacteria	Omnitrophota	Omnitrophia	JAHJGZ01		
10891406	a97f36e5-ded1-49cc-bdec-ac6170fc7b9c	10715842			Omnitrophales		Omnitrophales	Omnitrophales			order			accepted			Bacteria	Omnitrophota	Omnitrophia	Omnitrophales		
11111523	a97f36e5-ded1-49cc-bdec-ac6170fc7b9c	11142561			JABMRJ01						order			accepted			Bacteria	Omnitrophota	Koll11	JABMRJ01		
10837837	a97f36e5-ded1-49cc-bdec-ac6170fc7b9c	11142561			2-02-FULL-51-18						order			accepted			Bacteria	Omnitrophota	Koll11	2-02-FULL-51-18		
11151300	a97f36e5-ded1-49cc-bdec-ac6170fc7b9c	11142561			JABMQH01						order			accepted			Bacteria	Omnitrophota	Koll11	JABMQH01		
11118705	a97f36e5-ded1-49cc-bdec-ac6170fc7b9c	11142561			JABMRG01						order			accepted			Bacteria	Omnitrophota	Koll11	JABMRG01		
11163078	a97f36e5-ded1-49cc-bdec-ac6170fc7b9c	11142561			NDHX01						order			accepted			Bacteria	Omnitrophota	Koll11	NDHX01		
10718935	a97f36e5-ded1-49cc-bdec-ac6170fc7b9c	11142561			CG1-02-43-210						order			accepted			Bacteria	Omnitrophota	Koll11	CG1-02-43-210		
11135640	a97f36e5-ded1-49cc-bdec-ac6170fc7b9c	11142561			4484-49						order			accepted			Bacteria	Omnitrophota	Koll11	4484-49		
11811005	a97f36e5-ded1-49cc-bdec-ac6170fc7b9c	11142561			JABMRN01						order			accepted			Bacteria	Omnitrophota	Koll11	JABMRN01		
11875189	a97f36e5-ded1-49cc-bdec-ac6170fc7b9c	11142561			JACOVV01						order			accepted			Bacteria	Omnitrophota	Koll11	JACOVV01		
11655099	a97f36e5-ded1-49cc-bdec-ac6170fc7b9c	11142561			S143-82						order			accepted			Bacteria	Omnitrophota	Koll11	S143-82		
10827503	a97f36e5-ded1-49cc-bdec-ac6170fc7b9c	11142561			UBA9649						order			accepted			Bacteria	Omnitrophota	Koll11	UBA9649		
10751276	a97f36e5-ded1-49cc-bdec-ac6170fc7b9c	11142561			UBA10183						order			accepted			Bacteria	Omnitrophota	Koll11	UBA10183		
11220476	a97f36e5-ded1-49cc-bdec-ac6170fc7b9c	11142561			DTHP01						order			accepted			Bacteria	Omnitrophota	Koll11	DTHP01		
11844512	a97f36e5-ded1-49cc-bdec-ac6170fc7b9c	11142561			JAFGGP01						order			accepted			Bacteria	Omnitrophota	Koll11	JAFGGP01		
10744551	a97f36e5-ded1-49cc-bdec-ac6170fc7b9c	11142561			1-14-0-20-64-10						order			accepted			Bacteria	Omnitrophota	Koll11	1-14-0-20-64-10		
10853102	a97f36e5-ded1-49cc-bdec-ac6170fc7b9c	11142561			1-14-0-20-42-13						order			accepted			Bacteria	Omnitrophota	Koll11	1-14-0-20-42-13		
10764806	a97f36e5-ded1-49cc-bdec-ac6170fc7b9c	11142561			UBA1560						order			accepted			Bacteria	Omnitrophota	Koll11	UBA1560		
11510769	a97f36e5-ded1-49cc-bdec-ac6170fc7b9c	11142561			JAFGIU01						order			accepted			Bacteria	Omnitrophota	Koll11	JAFGIU01		
10859756	a97f36e5-ded1-49cc-bdec-ac6170fc7b9c	11142561			B26-G9						order			accepted			Bacteria	Omnitrophota	Koll11	B26-G9		
11627641	a97f36e5-ded1-49cc-bdec-ac6170fc7b9c	11142561			2-01-FULL-45-10						order			accepted			Bacteria	Omnitrophota	Koll11	2-01-FULL-45-10		
11610612	a97f36e5-ded1-49cc-bdec-ac6170fc7b9c	11142561			JACQQV01						order			accepted			Bacteria	Omnitrophota	Koll11	JACQQV01		
10703190	a97f36e5-ded1-49cc-bdec-ac6170fc7b9c	11142561			UBA1572						order			accepted			Bacteria	Omnitrophota	Koll11	UBA1572		
10802016	a97f36e5-ded1-49cc-bdec-ac6170fc7b9c	11142561			UBA10015						order			accepted			Bacteria	Omnitrophota	Koll11	UBA10015		
11846760	a97f36e5-ded1-49cc-bdec-ac6170fc7b9c	11142561			JAHIPI01						order			accepted			Bacteria	Omnitrophota	Koll11	JAHIPI01		
11514957	a97f36e5-ded1-49cc-bdec-ac6170fc7b9c	11142561			M55B152						order			accepted			Bacteria	Omnitrophota	Koll11	M55B152		
10898281	a97f36e5-ded1-49cc-bdec-ac6170fc7b9c	11142561			UBA6215						order			accepted			Bacteria	Omnitrophota	Koll11	UBA6215		
10681942	a97f36e5-ded1-49cc-bdec-ac6170fc7b9c	11142561			4484-171						order			accepted			Bacteria	Omnitrophota	Koll11	4484-171		
11621405	a97f36e5-ded1-49cc-bdec-ac6170fc7b9c	11142561			JAFGHF01						order			accepted			Bacteria	Omnitrophota	Koll11	JAFGHF01		
11552207	a97f36e5-ded1-49cc-bdec-ac6170fc7b9c	11142561			VGKN01						order			accepted			Bacteria	Omnitrophota	Koll11	VGKN01		
10709694	a97f36e5-ded1-49cc-bdec-ac6170fc7b9c	11142561			GIF10						order			accepted			Bacteria	Omnitrophota	Koll11	GIF10		
739	7ddf754f-d193-4cc9-b351-99906754a03b	10833896			Herpesvirales		Herpesvirales	Herpesvirales			order			accepted			Viruses	Peploviricota	Herviviricetes	Herpesvirales		
11667042	a97f36e5-ded1-49cc-bdec-ac6170fc7b9c	10746900			COTS27						order			accepted			Bacteria	Spirochaetota	UBA12135	COTS27		
10673923	a97f36e5-ded1-49cc-bdec-ac6170fc7b9c	10774599			GWB1-36-13						order			accepted			Bacteria	Spirochaetota	UBA6919	GWB1-36-13		
11130601	a97f36e5-ded1-49cc-bdec-ac6170fc7b9c	10855393			DTOW01						order			accepted			Bacteria	Spirochaetota	Brevinematia	DTOW01		
10679913	a97f36e5-ded1-49cc-bdec-ac6170fc7b9c	10855393			Brevinematales		Brevinematales	Brevinematales			order			accepted			Bacteria	Spirochaetota	Brevinematia	Brevinematales		
11158753	a97f36e5-ded1-49cc-bdec-ac6170fc7b9c	10829842			CADAEX01						order			accepted			Bacteria	Spirochaetota	Spirochaetia	CADAEX01		
11184505	a97f36e5-ded1-49cc-bdec-ac6170fc7b9c	10829842			Spirochaetales_A						order			accepted			Bacteria	Spirochaetota	Spirochaetia	Spirochaetales_A		
11450837	a97f36e5-ded1-49cc-bdec-ac6170fc7b9c	10829842			JAFGXN01						order			accepted			Bacteria	Spirochaetota	Spirochaetia	JAFGXN01		
11128521	a97f36e5-ded1-49cc-bdec-ac6170fc7b9c	10829842			WTKD01						order			accepted			Bacteria	Spirochaetota	Spirochaetia	WTKD01		
11697898	a97f36e5-ded1-49cc-bdec-ac6170fc7b9c	10829842			JAFGDJ01						order			accepted			Bacteria	Spirochaetota	Spirochaetia	JAFGDJ01		
11616597	a97f36e5-ded1-49cc-bdec-ac6170fc7b9c	10829842			PWKH01						order			accepted			Bacteria	Spirochaetota	Spirochaetia	PWKH01		
10899171	a97f36e5-ded1-49cc-bdec-ac6170fc7b9c	10829842			Sphaerochaetales		Sphaerochaetales	Sphaerochaetales			order			accepted			Bacteria	Spirochaetota	Spirochaetia	Sphaerochaetales		
11172299	a97f36e5-ded1-49cc-bdec-ac6170fc7b9c	10829842			JC444						order			accepted			Bacteria	Spirochaetota	Spirochaetia	JC444		
11116298	a97f36e5-ded1-49cc-bdec-ac6170fc7b9c	10829842			JABEVK01						order			accepted			Bacteria	Spirochaetota	Spirochaetia	JABEVK01		
11140807	a97f36e5-ded1-49cc-bdec-ac6170fc7b9c	10829842			ARS1246						order			accepted			Bacteria	Spirochaetota	Spirochaetia	ARS1246		
11144773	a97f36e5-ded1-49cc-bdec-ac6170fc7b9c	10829842			B11-G9						order			accepted			Bacteria	Spirochaetota	Spirochaetia	B11-G9		
11167595	a97f36e5-ded1-49cc-bdec-ac6170fc7b9c	10829842			Spirochaetales_E						order			accepted			Bacteria	Spirochaetota	Spirochaetia	Spirochaetales_E		
10840698	a97f36e5-ded1-49cc-bdec-ac6170fc7b9c	10829842			Borreliales		Borreliales	Borreliales			order			accepted			Bacteria	Spirochaetota	Spirochaetia	Borreliales		
11133922	a97f36e5-ded1-49cc-bdec-ac6170fc7b9c	10829842			JABMQR01						order			accepted			Bacteria	Spirochaetota	Spirochaetia	JABMQR01		
11114721	a97f36e5-ded1-49cc-bdec-ac6170fc7b9c	10829842			WRBN01						order			accepted			Bacteria	Spirochaetota	Spirochaetia	WRBN01		
10685693	a97f36e5-ded1-49cc-bdec-ac6170fc7b9c	10829842			Treponematales		Treponematales	Treponematales			order			accepted			Bacteria	Spirochaetota	Spirochaetia	Treponematales		
11194157	a97f36e5-ded1-49cc-bdec-ac6170fc7b9c	10829842			SPDA01						order			accepted			Bacteria	Spirochaetota	Spirochaetia	SPDA01		
10700652	a97f36e5-ded1-49cc-bdec-ac6170fc7b9c	10814827			Leptospirales		Leptospirales	Leptospirales			order			accepted			Bacteria	Spirochaetota	Leptospirae	Leptospirales		
10798289	a97f36e5-ded1-49cc-bdec-ac6170fc7b9c	10825774			Brachyspirales		Brachyspirales	Brachyspirales			order			accepted			Bacteria	Spirochaetota	Brachyspirae	Brachyspirales		
10694593	a97f36e5-ded1-49cc-bdec-ac6170fc7b9c	10814827			Turneriellales		Turneriellales	Turneriellales			order			accepted			Bacteria	Spirochaetota	Leptospirae	Turneriellales		
963	7ddf754f-d193-4cc9-b351-99906754a03b	133			Thermozodia		Thermozodia	Thermozodia			order		Ramazzotti, G., and W. Maucci. (1983). Il Philum Tardigrada: III edizione riveduta e aggiornata. Memorie dell’Istituto Italiano Di Idrobiologia Dott. Marco De Marchi, Vol. 41.	accepted			Animalia	Tardigrada	Mesotardigrada	Thermozodia		
425	7ddf754f-d193-4cc9-b351-99906754a03b	247			Echiniscoidea		Echiniscoidea	Echiniscoidea			order			accepted			Animalia	Tardigrada	Heterotardigrada	Echiniscoidea		
964	7ddf754f-d193-4cc9-b351-99906754a03b	247			Arthrotardigrada		Arthrotardigrada	Arthrotardigrada			order			accepted			Animalia	Tardigrada	Heterotardigrada	Arthrotardigrada		
426	7ddf754f-d193-4cc9-b351-99906754a03b	134			Parachela		Parachela	Parachela			order		Schuster, R. O., D. R. Nelson, A. A. Grigarick, and D. Christenberry. (1980). Systematic Criteria of the Eutardigrada. Transactions of the American Microscopical Society, Vol. 99, No. 3.	accepted			Animalia	Tardigrada	Eutardigrada	Parachela		
965	7ddf754f-d193-4cc9-b351-99906754a03b	134			Apochela		Apochela	Apochela			order		Schuster, R. O., D. R. Nelson, A. A. Grigarick, and D. Christenberry. (1980). Systematic Criteria of the Eutardigrada. Transactions of the American Microscopical Society, Vol. 99, No. 3.	accepted			Animalia	Tardigrada	Eutardigrada	Apochela		
671	7ea21580-4f06-469d-995b-3f713fdcc37c	198			Goniotrichales		Goniotrichales	Goniotrichales			order			accepted			Plantae	Rhodophyta	Bangiophyceae	Goniotrichales		
1389	7ea21580-4f06-469d-995b-3f713fdcc37c	198			Bangiales		Bangiales	Bangiales			order			accepted			Plantae	Rhodophyta	Bangiophyceae	Bangiales		
1367	7ea21580-4f06-469d-995b-3f713fdcc37c	334			Cyanidiales		Cyanidiales	Cyanidiales			order			accepted			Plantae	Rhodophyta	Cyanidiophyceae	Cyanidiales		
664	7ea21580-4f06-469d-995b-3f713fdcc37c	342			Bonnemaisoniales		Bonnemaisoniales	Bonnemaisoniales			order			accepted			Plantae	Rhodophyta	Florideophyceae	Bonnemaisoniales		
1400	7ea21580-4f06-469d-995b-3f713fdcc37c	342			Gigartinales		Gigartinales	Gigartinales			order			accepted			Plantae	Rhodophyta	Florideophyceae	Gigartinales		
672	7ea21580-4f06-469d-995b-3f713fdcc37c	342			Hildenbrandiales		Hildenbrandiales	Hildenbrandiales			order			accepted			Plantae	Rhodophyta	Florideophyceae	Hildenbrandiales		
675	7ea21580-4f06-469d-995b-3f713fdcc37c	342			Rhodogorgonales		Rhodogorgonales	Rhodogorgonales			order			accepted			Plantae	Rhodophyta	Florideophyceae	Rhodogorgonales		
662	7ea21580-4f06-469d-995b-3f713fdcc37c	342			Ahnfeltiales		Ahnfeltiales	Ahnfeltiales			order			accepted			Plantae	Rhodophyta	Florideophyceae	Ahnfeltiales		
1405	7ea21580-4f06-469d-995b-3f713fdcc37c	342			Thoreales		Thoreales	Thoreales			order			accepted			Plantae	Rhodophyta	Florideophyceae	Thoreales		
1402	7ea21580-4f06-469d-995b-3f713fdcc37c	342			Halymeniales		Halymeniales	Halymeniales			order			accepted			Plantae	Rhodophyta	Florideophyceae	Halymeniales		
670	7ea21580-4f06-469d-995b-3f713fdcc37c	342			Corallinales		Corallinales	Corallinales			order			accepted			Plantae	Rhodophyta	Florideophyceae	Corallinales		
12252174	7ddf754f-d193-4cc9-b351-99906754a03b	342			Catenellopsidales		Catenellopsidales	Catenellopsidales			order		Saunders, G. W.; Filloramo, G.; Dixon, K.; Le Gall, L.; Maggs, C. A.; Kraft, G. T. (2016). Multigene analyses resolve early diverging lineages in the Rhodymeniophycidae (Florideophyceae, Rhodophyta). Journal of Phycology. 52(4): 505-522.	accepted			Plantae	Rhodophyta	Florideophyceae	Catenellopsidales		
1404	7ea21580-4f06-469d-995b-3f713fdcc37c	342			Plocamiales		Plocamiales	Plocamiales			order			accepted			Plantae	Rhodophyta	Florideophyceae	Plocamiales		
7804746	7ea21580-4f06-469d-995b-3f713fdcc37c	342			Nemastomatales		Nemastomatales	Nemastomatales			order			accepted			Plantae	Rhodophyta	Florideophyceae	Nemastomatales		
661	7ea21580-4f06-469d-995b-3f713fdcc37c	342			Acrochaetiales		Acrochaetiales	Acrochaetiales			order			accepted			Plantae	Rhodophyta	Florideophyceae	Acrochaetiales		
1403	7ea21580-4f06-469d-995b-3f713fdcc37c	342			Palmariales		Palmariales	Palmariales			order			accepted			Plantae	Rhodophyta	Florideophyceae	Palmariales		
8321374	7ea21580-4f06-469d-995b-3f713fdcc37c	342			Acrosymphytales		Acrosymphytales	Acrosymphytales			order			accepted			Plantae	Rhodophyta	Florideophyceae	Acrosymphytales		
663	7ea21580-4f06-469d-995b-3f713fdcc37c	342			Batrachospermales		Batrachospermales	Batrachospermales			order			accepted			Plantae	Rhodophyta	Florideophyceae	Batrachospermales		
8287177	7ea21580-4f06-469d-995b-3f713fdcc37c	342			Entwisleiales		Entwisleiales	Entwisleiales			order		Scott, F. J.; Saunders, G. W.; Kraft, G. T. (2013). Entwisleia bella, gen. et sp. nov., a novel marine 'batrachospermaceous' red alga from southeastern Tasmania representing a new family and order in the Nemaliophycidae. European Journal of Phycology. 48(4): 398-410.	accepted			Plantae	Rhodophyta	Florideophyceae	Entwisleiales		
676	7ea21580-4f06-469d-995b-3f713fdcc37c	342			Rhodymeniales		Rhodymeniales	Rhodymeniales			order			accepted			Plantae	Rhodophyta	Florideophyceae	Rhodymeniales		
665	7ea21580-4f06-469d-995b-3f713fdcc37c	342			Ceramiales		Ceramiales	Ceramiales			order			accepted			Plantae	Rhodophyta	Florideophyceae	Ceramiales		
12223249	7ddf754f-d193-4cc9-b351-99906754a03b	342			Atractophorales		Atractophorales	Atractophorales			order		Saunders, G. W.; Filloramo, G.; Dixon, K.; Le Gall, L.; Maggs, C. A.; Kraft, G. T. (2016). Multigene analyses resolve early diverging lineages in the Rhodymeniophycidae (Florideophyceae, Rhodophyta). Journal of Phycology. 52(4): 505-522.	accepted			Plantae	Rhodophyta	Florideophyceae	Atractophorales		
1392	7ea21580-4f06-469d-995b-3f713fdcc37c	342			Balbianiales		Balbianiales	Balbianiales			order			accepted			Plantae	Rhodophyta	Florideophyceae	Balbianiales		
1393	7ea21580-4f06-469d-995b-3f713fdcc37c	342			Balliales		Balliales	Balliales			order			accepted			Plantae	Rhodophyta	Florideophyceae	Balliales		
7887451	7ea21580-4f06-469d-995b-3f713fdcc37c	342			Cryptonemiales		Cryptonemiales	Cryptonemiales			order			accepted			Plantae	Rhodophyta	Florideophyceae	Cryptonemiales		
1401	7ea21580-4f06-469d-995b-3f713fdcc37c	342			Gracilariales		Gracilariales	Gracilariales			order			accepted			Plantae	Rhodophyta	Florideophyceae	Gracilariales		
673	7ea21580-4f06-469d-995b-3f713fdcc37c	342			Nemaliales		Nemaliales	Nemaliales			order			accepted			Plantae	Rhodophyta	Florideophyceae	Nemaliales		
12251238	7ddf754f-d193-4cc9-b351-99906754a03b	342			Corynodactylales		Corynodactylales	Corynodactylales			order		Saunders, G. W.; Wadland, K. L.; Salomaki, E. D.; Lane, C. E. (2017). A contaminant DNA barcode sequence reveals a new red algal order, Corynodactylales (Nemaliophycidae, Florideophyceae). Botany. 95(6): 561-566.	accepted			Plantae	Rhodophyta	Florideophyceae	Corynodactylales		
7704487	7ea21580-4f06-469d-995b-3f713fdcc37c	342			Sebdeniales		Sebdeniales	Sebdeniales			order			accepted			Plantae	Rhodophyta	Florideophyceae	Sebdeniales		
8122853	7ea21580-4f06-469d-995b-3f713fdcc37c	342			Sphaerococcales		Sphaerococcales	Sphaerococcales			order			accepted			Plantae	Rhodophyta	Florideophyceae	Sphaerococcales		
1398	7ea21580-4f06-469d-995b-3f713fdcc37c	342			Gelidiales		Gelidiales	Gelidiales			order			accepted			Plantae	Rhodophyta	Florideophyceae	Gelidiales		
8163140	7ea21580-4f06-469d-995b-3f713fdcc37c	342			Rhodachlyales		Rhodachlyales	Rhodachlyales			order			accepted			Plantae	Rhodophyta	Florideophyceae	Rhodachlyales		
10822867	7ddf754f-d193-4cc9-b351-99906754a03b	342			Sporolithales		Sporolithales	Sporolithales			order			accepted			Plantae	Rhodophyta	Florideophyceae	Sporolithales		
1397	7ea21580-4f06-469d-995b-3f713fdcc37c	342			Colaconematales		Colaconematales	Colaconematales			order			accepted			Plantae	Rhodophyta	Florideophyceae	Colaconematales		
674	7ea21580-4f06-469d-995b-3f713fdcc37c	342			Pihiellales		Pihiellales	Pihiellales			order			accepted			Plantae	Rhodophyta	Florideophyceae	Pihiellales		
8158856	7ea21580-4f06-469d-995b-3f713fdcc37c	342			Peyssonneliales		Peyssonneliales	Peyssonneliales			order			accepted			Plantae	Rhodophyta	Florideophyceae	Peyssonneliales		
12176807	7ddf754f-d193-4cc9-b351-99906754a03b	342			Hapalidiales		Hapalidiales	Hapalidiales			order		Nelson, W. A.; Sutherland, J. E.; Farr, T. J.; Hart, D. R.; Neill, K. F.; Kim, H. J.; Yoon, H. S. (2015). Multi-gene phylogenetic analyses of New Zealand coralline algae: Corallinapetra novaezelandiae gen. et sp. nov. and recognition of the Hapalidiales ord. nov. Journal of Phycology. 51(3): 454-468.	accepted			Plantae	Rhodophyta	Florideophyceae	Hapalidiales		
677	7ea21580-4f06-469d-995b-3f713fdcc37c	7739182			Porphyridiales		Porphyridiales	Porphyridiales			order			accepted			Plantae	Rhodophyta	Porphyridiophyceae	Porphyridiales		
1406	7ea21580-4f06-469d-995b-3f713fdcc37c	7548319			Stylonematales		Stylonematales	Stylonematales			order			accepted			Plantae	Rhodophyta	Stylonematophyceae	Stylonematales		
7953862	7ea21580-4f06-469d-995b-3f713fdcc37c	7548319			Rufusiales		Rufusiales	Rufusiales			order			accepted			Plantae	Rhodophyta	Stylonematophyceae	Rufusiales		
7933786	7ea21580-4f06-469d-995b-3f713fdcc37c	343			Rhodellales		Rhodellales	Rhodellales			order			accepted			Plantae	Rhodophyta	Rhodellophyceae	Rhodellales		
8401546	7ea21580-4f06-469d-995b-3f713fdcc37c	343			Dixoniellales		Dixoniellales	Dixoniellales			order			accepted			Plantae	Rhodophyta	Rhodellophyceae	Dixoniellales		
7878982	7ea21580-4f06-469d-995b-3f713fdcc37c	343			Glaucosphaerales		Glaucosphaerales	Glaucosphaerales			order			accepted			Plantae	Rhodophyta	Rhodellophyceae	Glaucosphaerales		
660	7ea21580-4f06-469d-995b-3f713fdcc37c	340			Erythropeltidales		Erythropeltidales	Erythropeltidales			order			accepted			Plantae	Rhodophyta	Compsopogonophyceae	Erythropeltidales		
1391	7ea21580-4f06-469d-995b-3f713fdcc37c	340			Rhodochaetales		Rhodochaetales	Rhodochaetales			order			accepted			Plantae	Rhodophyta	Compsopogonophyceae	Rhodochaetales		
1390	7ea21580-4f06-469d-995b-3f713fdcc37c	340			Compsopogonales		Compsopogonales	Compsopogonales			order			accepted			Plantae	Rhodophyta	Compsopogonophyceae	Compsopogonales		
7874849	7ea21580-4f06-469d-995b-3f713fdcc37c	7624885			Trimastigida		Trimastigida	Trimastigida			order			accepted			Protozoa	Metamonada	Anaeromonadea	Trimastigida		
7891620	7ea21580-4f06-469d-995b-3f713fdcc37c	7624885			Oxymonadida		Oxymonadida	Oxymonadida			order			accepted			Protozoa	Metamonada	Anaeromonadea	Oxymonadida		
8397173	7ea21580-4f06-469d-995b-3f713fdcc37c	7563721			Carpediemonadida		Carpediemonadida	Carpediemonadida			order			accepted			Protozoa	Metamonada	Carpediemonadea	Carpediemonadida		
8259548	7ea21580-4f06-469d-995b-3f713fdcc37c	7996082			Trichonymphida		Trichonymphida	Trichonymphida			order			accepted			Protozoa	Metamonada	Trichonymphea	Trichonymphida		
8337041	7ea21580-4f06-469d-995b-3f713fdcc37c	7681369			Retortamonadida		Retortamonadida	Retortamonadida			order			accepted			Protozoa	Metamonada	Retortamonadea	Retortamonadida		
8071681	7ea21580-4f06-469d-995b-3f713fdcc37c	7436010			Lophomonadida		Lophomonadida	Lophomonadida			order			accepted			Protozoa	Metamonada	Trichomonadea	Lophomonadida		
10818360	7ddf754f-d193-4cc9-b351-99906754a03b	7436010			Cristamonadida		Cristamonadida	Cristamonadida			order			accepted			Protozoa	Metamonada	Trichomonadea	Cristamonadida		
7938021	7ea21580-4f06-469d-995b-3f713fdcc37c	7436010			Spirotrichonymphida		Spirotrichonymphida	Spirotrichonymphida			order			accepted			Protozoa	Metamonada	Trichomonadea	Spirotrichonymphida		
7375606	7ea21580-4f06-469d-995b-3f713fdcc37c	7636249			Distomatida		Distomatida	Distomatida			order			accepted			Protozoa	Metamonada	Trepomonadea	Distomatida		
8135738	7ea21580-4f06-469d-995b-3f713fdcc37c	7636249			Enteromonadida		Enteromonadida	Enteromonadida			order			accepted			Protozoa	Metamonada	Trepomonadea	Enteromonadida		
7817381	7ea21580-4f06-469d-995b-3f713fdcc37c	7636249			Giardiida		Giardiida	Giardiida			order			accepted			Protozoa	Metamonada	Trepomonadea	Giardiida		
10772085	a97f36e5-ded1-49cc-bdec-ac6170fc7b9c	8005733			UBA1444						order			accepted			Bacteria	Firmicutes_C	Negativicutes	UBA1444		
10790114	a97f36e5-ded1-49cc-bdec-ac6170fc7b9c	8005733			Veillonellales		Veillonellales	Veillonellales			order			accepted			Bacteria	Firmicutes_C	Negativicutes	Veillonellales		
10843597	a97f36e5-ded1-49cc-bdec-ac6170fc7b9c	8005733			Sporomusales		Sporomusales	Sporomusales			order			accepted			Bacteria	Firmicutes_C	Negativicutes	Sporomusales		
11221417	a97f36e5-ded1-49cc-bdec-ac6170fc7b9c	8005733			JAAYSF01						order			accepted			Bacteria	Firmicutes_C	Negativicutes	JAAYSF01		
10813427	a97f36e5-ded1-49cc-bdec-ac6170fc7b9c	8005733			Anaeromusales		Anaeromusales	Anaeromusales			order			accepted			Bacteria	Firmicutes_C	Negativicutes	Anaeromusales		
11481647	a97f36e5-ded1-49cc-bdec-ac6170fc7b9c	8005733			CTSoil-072						order			accepted			Bacteria	Firmicutes_C	Negativicutes	CTSoil-072		
10676427	a97f36e5-ded1-49cc-bdec-ac6170fc7b9c	8005733			UBA11029						order			accepted			Bacteria	Firmicutes_C	Negativicutes	UBA11029		
11735067	a97f36e5-ded1-49cc-bdec-ac6170fc7b9c	8005733			RGIG982						order			accepted			Bacteria	Firmicutes_C	Negativicutes	RGIG982		
11634516	a97f36e5-ded1-49cc-bdec-ac6170fc7b9c	8005733			JAGOZY01						order			accepted			Bacteria	Firmicutes_C	Negativicutes	JAGOZY01		
8003433	a97f36e5-ded1-49cc-bdec-ac6170fc7b9c	8005733			Selenomonadales		Selenomonadales	Selenomonadales			order			accepted			Bacteria	Firmicutes_C	Negativicutes	Selenomonadales		
10845145	a97f36e5-ded1-49cc-bdec-ac6170fc7b9c	8005733			Acidaminococcales		Acidaminococcales	Acidaminococcales			order			accepted			Bacteria	Firmicutes_C	Negativicutes	Acidaminococcales		
10863225	a97f36e5-ded1-49cc-bdec-ac6170fc7b9c	8005733			Propionisporales		Propionisporales	Propionisporales			order			accepted			Bacteria	Firmicutes_C	Negativicutes	Propionisporales		
10784862	a97f36e5-ded1-49cc-bdec-ac6170fc7b9c	8005733			UMGS1260						order			accepted			Bacteria	Firmicutes_C	Negativicutes	UMGS1260		
11823139	a97f36e5-ded1-49cc-bdec-ac6170fc7b9c	8005733			Sporomusales_A						order			accepted			Bacteria	Firmicutes_C	Negativicutes	Sporomusales_A		
11603510	a97f36e5-ded1-49cc-bdec-ac6170fc7b9c	10799978			JACQXL01						order			accepted			Bacteria	Planctomycetota	MHYJ01	JACQXL01		
11209156	a97f36e5-ded1-49cc-bdec-ac6170fc7b9c	10799978			DSWA01						order			accepted			Bacteria	Planctomycetota	MHYJ01	DSWA01		
11129999	a97f36e5-ded1-49cc-bdec-ac6170fc7b9c	10799978			WSZJ01						order			accepted			Bacteria	Planctomycetota	MHYJ01	WSZJ01		
11112962	a97f36e5-ded1-49cc-bdec-ac6170fc7b9c	10865502			SRT547						order			accepted			Bacteria	Planctomycetota	J132	SRT547		
10882722	a97f36e5-ded1-49cc-bdec-ac6170fc7b9c	10674221			SKZP01						order			accepted			Bacteria	Planctomycetota	UBA8742	SKZP01		
10849668	a97f36e5-ded1-49cc-bdec-ac6170fc7b9c	10674221			UBA2392						order			accepted			Bacteria	Planctomycetota	UBA8742	UBA2392		
11458384	a97f36e5-ded1-49cc-bdec-ac6170fc7b9c	10674221			JACQVU01						order			accepted			Bacteria	Planctomycetota	UBA8742	JACQVU01		
10890204	a97f36e5-ded1-49cc-bdec-ac6170fc7b9c	10800853			J103						order			accepted			Bacteria	Planctomycetota	J058	J103		
11147205	a97f36e5-ded1-49cc-bdec-ac6170fc7b9c	10829233			JAADGH01						order			accepted			Bacteria	Planctomycetota	Brocadiae	JAADGH01		
10686298	a97f36e5-ded1-49cc-bdec-ac6170fc7b9c	10829233			SM23-32						order			accepted			Bacteria	Planctomycetota	Brocadiae	SM23-32		
10825459	a97f36e5-ded1-49cc-bdec-ac6170fc7b9c	11196731			SLPQ01						order			accepted			Bacteria	Planctomycetota	DG-23	SLPQ01		
10711782	a97f36e5-ded1-49cc-bdec-ac6170fc7b9c	10829233			Brocadiales		Brocadiales	Brocadiales			order			accepted			Bacteria	Planctomycetota	Brocadiae	Brocadiales		
11167240	a97f36e5-ded1-49cc-bdec-ac6170fc7b9c	10829233			CAIUPP01						order			accepted			Bacteria	Planctomycetota	Brocadiae	CAIUPP01		
10705751	a97f36e5-ded1-49cc-bdec-ac6170fc7b9c	10855741			UBA8890						order			accepted			Bacteria	Planctomycetota	UBA8108	UBA8890		
10772933	a97f36e5-ded1-49cc-bdec-ac6170fc7b9c	10855741			UBA1146						order			accepted			Bacteria	Planctomycetota	UBA8108	UBA1146		
11137094	a97f36e5-ded1-49cc-bdec-ac6170fc7b9c	10671899			DSUN01						order			accepted			Bacteria	Planctomycetota	PUPC01	DSUN01		
11137561	a97f36e5-ded1-49cc-bdec-ac6170fc7b9c	10671899			JABMSA01						order			accepted			Bacteria	Planctomycetota	PUPC01	JABMSA01		
11696366	a97f36e5-ded1-49cc-bdec-ac6170fc7b9c	10671899			JACPCR01						order			accepted			Bacteria	Planctomycetota	PUPC01	JACPCR01		
11890767	a97f36e5-ded1-49cc-bdec-ac6170fc7b9c	10713154			JADGBV01						order			accepted			Bacteria	Planctomycetota	UBA11346	JADGBV01		
10790166	a97f36e5-ded1-49cc-bdec-ac6170fc7b9c	10808249			UBA2386						order			accepted			Bacteria	Planctomycetota	UBA1135	UBA2386		
10730489	a97f36e5-ded1-49cc-bdec-ac6170fc7b9c	8211192			SM23-33						order			accepted			Bacteria	Planctomycetota	Phycisphaerae	SM23-33		
11709771	a97f36e5-ded1-49cc-bdec-ac6170fc7b9c	8211192			Tepidisphaerales		Tepidisphaerales	Tepidisphaerales			order			accepted			Bacteria	Planctomycetota	Phycisphaerae	Tepidisphaerales		
7390951	a97f36e5-ded1-49cc-bdec-ac6170fc7b9c	8211192			Phycisphaerales		Phycisphaerales	Phycisphaerales			order			accepted			Bacteria	Planctomycetota	Phycisphaerae	Phycisphaerales		
10737405	a97f36e5-ded1-49cc-bdec-ac6170fc7b9c	8211192			Sedimentisphaerales		Sedimentisphaerales	Sedimentisphaerales			order			accepted			Bacteria	Planctomycetota	Phycisphaerae	Sedimentisphaerales		
10788733	a97f36e5-ded1-49cc-bdec-ac6170fc7b9c	8211192			UBA1845						order			accepted			Bacteria	Planctomycetota	Phycisphaerae	UBA1845		
11192467	a97f36e5-ded1-49cc-bdec-ac6170fc7b9c	8211192			WQYP01						order			accepted			Bacteria	Planctomycetota	Phycisphaerae	WQYP01		
11185976	a97f36e5-ded1-49cc-bdec-ac6170fc7b9c	8211192			JAACET01						order			accepted			Bacteria	Planctomycetota	Phycisphaerae	JAACET01		
11205122	a97f36e5-ded1-49cc-bdec-ac6170fc7b9c	8211192			JAAYCJ01						order			accepted			Bacteria	Planctomycetota	Phycisphaerae	JAAYCJ01		
10706595	a97f36e5-ded1-49cc-bdec-ac6170fc7b9c	11707077			Isosphaerales		Isosphaerales	Isosphaerales			order			accepted			Bacteria	Planctomycetota	Planctomycetia	Isosphaerales		
1218	a97f36e5-ded1-49cc-bdec-ac6170fc7b9c	11707077			Planctomycetales		Planctomycetales	Planctomycetales			order			accepted			Bacteria	Planctomycetota	Planctomycetia	Planctomycetales		
11151899	a97f36e5-ded1-49cc-bdec-ac6170fc7b9c	11707077			Pan216						order			accepted			Bacteria	Planctomycetota	Planctomycetia	Pan216		
10824553	a97f36e5-ded1-49cc-bdec-ac6170fc7b9c	11707077			Pirellulales		Pirellulales	Pirellulales			order			accepted			Bacteria	Planctomycetota	Planctomycetia	Pirellulales		
10750065	a97f36e5-ded1-49cc-bdec-ac6170fc7b9c	11707077			Gemmatales		Gemmatales	Gemmatales			order			accepted			Bacteria	Planctomycetota	Planctomycetia	Gemmatales		
1209	a97f36e5-ded1-49cc-bdec-ac6170fc7b9c	8351466			Dictyoglomales		Dictyoglomales	Dictyoglomales			order			accepted			Bacteria	Dictyoglomota	Dictyoglomia	Dictyoglomales		
758	7ddf754f-d193-4cc9-b351-99906754a03b	237			Ebriida		Ebriida	Ebriida			order			accepted			Protozoa	Sarcomastigophora	Phytomastigophora	Ebriida		
10720278	a97f36e5-ded1-49cc-bdec-ac6170fc7b9c	10712156			J040						order			accepted			Bacteria	Desulfobacterota_E	MBNT15	J040		
10734162	a97f36e5-ded1-49cc-bdec-ac6170fc7b9c	10781292			Micrarchaeia		Micrarchaeia	Micrarchaeia			class			accepted			Archaea	Micrarchaeota	Micrarchaeia			
10847779	a97f36e5-ded1-49cc-bdec-ac6170fc7b9c	10776132			Iainarchaeia		Iainarchaeia	Iainarchaeia			class			accepted			Archaea	Iainarchaeota	Iainarchaeia			
294	a97f36e5-ded1-49cc-bdec-ac6170fc7b9c	11585598			Thermococci		Thermococci	Thermococci			class			accepted			Archaea	Methanobacteriota_B	Thermococci			
10691317	a97f36e5-ded1-49cc-bdec-ac6170fc7b9c	10866795			Undinarchaeia		Undinarchaeia	Undinarchaeia			class			accepted			Archaea	Undinarchaeota	Undinarchaeia			
10707890	a97f36e5-ded1-49cc-bdec-ac6170fc7b9c	10807497			Nitrososphaeria		Nitrososphaeria	Nitrososphaeria			class			accepted			Archaea	Thermoproteota	Nitrososphaeria			
10705856	a97f36e5-ded1-49cc-bdec-ac6170fc7b9c	10807497			Bathyarchaeia		Bathyarchaeia	Bathyarchaeia			class			accepted			Archaea	Thermoproteota	Bathyarchaeia			
10705623	a97f36e5-ded1-49cc-bdec-ac6170fc7b9c	10807497			Thermoproteia		Thermoproteia	Thermoproteia			class			accepted			Archaea	Thermoproteota	Thermoproteia			
11186290	a97f36e5-ded1-49cc-bdec-ac6170fc7b9c	10807497			QMWL01						class			accepted			Archaea	Thermoproteota	QMWL01			
10824143	a97f36e5-ded1-49cc-bdec-ac6170fc7b9c	10807497			Methanomethylicia		Methanomethylicia	Methanomethylicia			class			accepted			Archaea	Thermoproteota	Methanomethylicia			
11545815	a97f36e5-ded1-49cc-bdec-ac6170fc7b9c	10807497			Nitrososphaeria_A						class			accepted			Archaea	Thermoproteota	Nitrososphaeria_A			
11193846	a97f36e5-ded1-49cc-bdec-ac6170fc7b9c	10807497			EX4484-205						class			accepted			Archaea	Thermoproteota	EX4484-205			
10775312	a97f36e5-ded1-49cc-bdec-ac6170fc7b9c	10807497			Korarchaeia		Korarchaeia	Korarchaeia			class			accepted			Archaea	Thermoproteota	Korarchaeia			
10806414	a97f36e5-ded1-49cc-bdec-ac6170fc7b9c	10817499			Huberarchaeales		Huberarchaeales	Huberarchaeales			order			accepted			Archaea	Huberarchaeota	Huberarchaeia	Huberarchaeales		
10875737	a97f36e5-ded1-49cc-bdec-ac6170fc7b9c	10748189			Nanosalinia		Nanosalinia	Nanosalinia			class			accepted			Archaea	Nanohaloarchaeota	Nanosalinia			
11913170	a97f36e5-ded1-49cc-bdec-ac6170fc7b9c	11553458			Altiarchaeia		Altiarchaeia	Altiarchaeia			class			accepted			Archaea	Altiarchaeota	Altiarchaeia			
163	a97f36e5-ded1-49cc-bdec-ac6170fc7b9c	11868776			Methanopyri		Methanopyri	Methanopyri			class			accepted			Archaea	Methanobacteriota_A	Methanopyri			
161	a97f36e5-ded1-49cc-bdec-ac6170fc7b9c	11868776			Methanococci		Methanococci	Methanococci			class			accepted			Archaea	Methanobacteriota_A	Methanococci			
10817499	a97f36e5-ded1-49cc-bdec-ac6170fc7b9c	10697925			Huberarchaeia		Huberarchaeia	Huberarchaeia			class			accepted			Archaea	Huberarchaeota	Huberarchaeia			
10866444	a97f36e5-ded1-49cc-bdec-ac6170fc7b9c	10690978			Hadarchaeia		Hadarchaeia	Hadarchaeia			class			accepted			Archaea	Hadarchaeota	Hadarchaeia			
10716466	a97f36e5-ded1-49cc-bdec-ac6170fc7b9c	10690978			B88-G9						class			accepted			Archaea	Hadarchaeota	B88-G9			
293	a97f36e5-ded1-49cc-bdec-ac6170fc7b9c	10895798			Methanobacteria		Methanobacteria	Methanobacteria			class			accepted			Archaea	Methanobacteriota	Methanobacteria			
10751195	a97f36e5-ded1-49cc-bdec-ac6170fc7b9c	10764301			Methanosarcinia		Methanosarcinia	Methanosarcinia			class			accepted			Archaea	Halobacteriota	Methanosarcinia			
10692980	a97f36e5-ded1-49cc-bdec-ac6170fc7b9c	10764301			Methanocellia		Methanocellia	Methanocellia			class			accepted			Archaea	Halobacteriota	Methanocellia			
10775835	a97f36e5-ded1-49cc-bdec-ac6170fc7b9c	10764301			Methanonatronarchaeia		Methanonatronarchaeia	Methanonatronarchaeia			class			accepted			Archaea	Halobacteriota	Methanonatronarchaeia			
11833598	a97f36e5-ded1-49cc-bdec-ac6170fc7b9c	10764301			UBA148						class			accepted			Archaea	Halobacteriota	UBA148			
10797058	a97f36e5-ded1-49cc-bdec-ac6170fc7b9c	10764301			Methanoliparia		Methanoliparia	Methanoliparia			class			accepted			Archaea	Halobacteriota	Methanoliparia			
291	a97f36e5-ded1-49cc-bdec-ac6170fc7b9c	10764301			Archaeoglobi		Archaeoglobi	Archaeoglobi			class			accepted			Archaea	Halobacteriota	Archaeoglobi			
162	a97f36e5-ded1-49cc-bdec-ac6170fc7b9c	10764301			Methanomicrobia		Methanomicrobia	Methanomicrobia			class			accepted			Archaea	Halobacteriota	Methanomicrobia			
160	a97f36e5-ded1-49cc-bdec-ac6170fc7b9c	10764301			Halobacteria		Halobacteria	Halobacteria			class			accepted			Archaea	Halobacteriota	Halobacteria			
10858678	a97f36e5-ded1-49cc-bdec-ac6170fc7b9c	10764301			Syntropharchaeia		Syntropharchaeia	Syntropharchaeia			class			accepted			Archaea	Halobacteriota	Syntropharchaeia			
11651949	a97f36e5-ded1-49cc-bdec-ac6170fc7b9c	11499140			WALL01						order			accepted			Archaea	B1Sed10-29		WALL01		
11632544	a97f36e5-ded1-49cc-bdec-ac6170fc7b9c	10703048			LC30						class			accepted			Archaea	Asgardarchaeota	LC30			
11609823	a97f36e5-ded1-49cc-bdec-ac6170fc7b9c	10703048			Odinarchaeia		Odinarchaeia	Odinarchaeia			class			accepted			Archaea	Asgardarchaeota	Odinarchaeia			
10809188	a97f36e5-ded1-49cc-bdec-ac6170fc7b9c	10706191			Nanoarchaeia		Nanoarchaeia	Nanoarchaeia			class			accepted			Archaea	Nanoarchaeota	Nanoarchaeia			
10872566	a97f36e5-ded1-49cc-bdec-ac6170fc7b9c	10703048			Heimdallarchaeia		Heimdallarchaeia	Heimdallarchaeia			class			accepted			Archaea	Asgardarchaeota	Heimdallarchaeia			
11551394	a97f36e5-ded1-49cc-bdec-ac6170fc7b9c	10703048			Jordarchaeia		Jordarchaeia	Jordarchaeia			class			accepted			Archaea	Asgardarchaeota	Jordarchaeia			
10862706	a97f36e5-ded1-49cc-bdec-ac6170fc7b9c	10703048			Thorarchaeia		Thorarchaeia	Thorarchaeia			class			accepted			Archaea	Asgardarchaeota	Thorarchaeia			
11664707	a97f36e5-ded1-49cc-bdec-ac6170fc7b9c	10703048			Wukongarchaeia		Wukongarchaeia	Wukongarchaeia			class			accepted			Archaea	Asgardarchaeota	Wukongarchaeia			
11879226	a97f36e5-ded1-49cc-bdec-ac6170fc7b9c	10703048			Hermodarchaeia		Hermodarchaeia	Hermodarchaeia			class			accepted			Archaea	Asgardarchaeota	Hermodarchaeia			
11766235	a97f36e5-ded1-49cc-bdec-ac6170fc7b9c	10703048			Sifarchaeia		Sifarchaeia	Sifarchaeia			class			accepted			Archaea	Asgardarchaeota	Sifarchaeia			
11824439	a97f36e5-ded1-49cc-bdec-ac6170fc7b9c	10703048			Baldrarchaeia		Baldrarchaeia	Baldrarchaeia			class			accepted			Archaea	Asgardarchaeota	Baldrarchaeia			
10878590	a97f36e5-ded1-49cc-bdec-ac6170fc7b9c	10703048			Lokiarchaeia		Lokiarchaeia	Lokiarchaeia			class			accepted			Archaea	Asgardarchaeota	Lokiarchaeia			
10791168	a97f36e5-ded1-49cc-bdec-ac6170fc7b9c	10832894			Aenigmatarchaeia		Aenigmatarchaeia	Aenigmatarchaeia			class			accepted			Archaea	Aenigmatarchaeota	Aenigmatarchaeia			
10831122	a97f36e5-ded1-49cc-bdec-ac6170fc7b9c	10684421			Hydrothermarchaeia		Hydrothermarchaeia	Hydrothermarchaeia			class			accepted			Archaea	Hydrothermarchaeota	Hydrothermarchaeia			
10695566	a97f36e5-ded1-49cc-bdec-ac6170fc7b9c	10801891			Poseidoniia		Poseidoniia	Poseidoniia			class			accepted			Archaea	Thermoplasmatota	Poseidoniia			
10825924	a97f36e5-ded1-49cc-bdec-ac6170fc7b9c	10801891			B47-G6						class			accepted			Archaea	Thermoplasmatota	B47-G6			
295	a97f36e5-ded1-49cc-bdec-ac6170fc7b9c	10801891			Thermoplasmata		Thermoplasmata	Thermoplasmata			class			accepted			Archaea	Thermoplasmatota	Thermoplasmata			
10730921	a97f36e5-ded1-49cc-bdec-ac6170fc7b9c	10801891			UBA186						class			accepted			Archaea	Thermoplasmatota	UBA186			
10890632	a97f36e5-ded1-49cc-bdec-ac6170fc7b9c	10801891			E2						class			accepted			Archaea	Thermoplasmatota	E2			
11376116	aa1bc573-f338-482d-b6aa-f371d57f20f5	10801891			Poseidoniia_A						class			accepted			Archaea	Thermoplasmatota	Poseidoniia_A			
10691849	a97f36e5-ded1-49cc-bdec-ac6170fc7b9c	10801891			EX4484-6						class			accepted			Archaea	Thermoplasmatota	EX4484-6			
11210260	a97f36e5-ded1-49cc-bdec-ac6170fc7b9c	10801891			SW-10-69-26						class			accepted			Archaea	Thermoplasmatota	SW-10-69-26			
10761100	7ddf754f-d193-4cc9-b351-99906754a03b	10862820			Priklausovirales		Priklausovirales	Priklausovirales			order			accepted			Viruses	Preplasmiviricota	Maveriviricetes	Priklausovirales		
11829910	7ddf754f-d193-4cc9-b351-99906754a03b	11430341			Orthopolintovirales		Orthopolintovirales	Orthopolintovirales			order			accepted			Viruses	Preplasmiviricota	Polintoviricetes	Orthopolintovirales		
10831210	7ddf754f-d193-4cc9-b351-99906754a03b	10888398			Rowavirales		Rowavirales	Rowavirales			order			accepted			Viruses	Preplasmiviricota	Tectiliviricetes	Rowavirales		
10735517	7ddf754f-d193-4cc9-b351-99906754a03b	10888398			Kalamavirales		Kalamavirales	Kalamavirales			order			accepted			Viruses	Preplasmiviricota	Tectiliviricetes	Kalamavirales		
10862111	7ddf754f-d193-4cc9-b351-99906754a03b	10888398			Belfryvirales		Belfryvirales	Belfryvirales			order			accepted			Viruses	Preplasmiviricota	Tectiliviricetes	Belfryvirales		
10872682	7ddf754f-d193-4cc9-b351-99906754a03b	10888398			Vinavirales		Vinavirales	Vinavirales			order			accepted			Viruses	Preplasmiviricota	Tectiliviricetes	Vinavirales		
11123764	7ddf754f-d193-4cc9-b351-99906754a03b	341			Proplicastomata		Proplicastomata	Proplicastomata			order			accepted			Animalia	Platyhelminthes	Turbellaria	Proplicastomata		
7423361	7ddf754f-d193-4cc9-b351-99906754a03b	144			Spathebothriidea		Spathebothriidea	Spathebothriidea			order			accepted			Animalia	Platyhelminthes	Cestoda	Spathebothriidea		
8263452	7ddf754f-d193-4cc9-b351-99906754a03b	144			Rhinebothriidea		Rhinebothriidea	Rhinebothriidea			order			accepted			Animalia	Platyhelminthes	Cestoda	Rhinebothriidea		
8276189	7ddf754f-d193-4cc9-b351-99906754a03b	144			Tetrabothriidea		Tetrabothriidea	Tetrabothriidea			order			accepted			Animalia	Platyhelminthes	Cestoda	Tetrabothriidea		
7885371	7ddf754f-d193-4cc9-b351-99906754a03b	144			Diphyllobothriidea		Diphyllobothriidea	Diphyllobothriidea			order		Kuchta, R., Scholz, T., Brabec, J., & Bray, R. (2008). Suppression of the tapeworm order Pseudophyllidea (Platyhelminthes: Eucestoda) and the proposal of two new orders, Bothriocephalidea and Diphyllobothriidea. International Journal for Parasitology, 38(1): 49–55. https://doi.org/10.1016/j.ijpara.2007.08.005	accepted			Animalia	Platyhelminthes	Cestoda	Diphyllobothriidea		
7909029	7ddf754f-d193-4cc9-b351-99906754a03b	144			Cathetocephalidea		Cathetocephalidea	Cathetocephalidea			order			accepted			Animalia	Platyhelminthes	Cestoda	Cathetocephalidea		
504	7ddf754f-d193-4cc9-b351-99906754a03b	144			Amphilinidea		Amphilinidea	Amphilinidea			order			accepted			Animalia	Platyhelminthes	Cestoda	Amphilinidea		
9549908	7ddf754f-d193-4cc9-b351-99906754a03b	144			Phyllobothriidea		Phyllobothriidea	Phyllobothriidea			order		Caira, J. N., Jensen, K., Waeschenbach, A., Olson, P. D., & Littlewood, D. T. J. (2014). Orders out of chaos – molecular phylogenetics reveals the complexity of shark and stingray tapeworm relationships. International Journal for Parasitology, 44(1): 55–73. https://doi.org/10.1016/j.ijpara.2013.10.004	accepted			Animalia	Platyhelminthes	Cestoda	Phyllobothriidea		
9442768	7ddf754f-d193-4cc9-b351-99906754a03b	144			Haplobothriidea		Haplobothriidea	Haplobothriidea			order			accepted			Animalia	Platyhelminthes	Cestoda	Haplobothriidea		
9311440	7ddf754f-d193-4cc9-b351-99906754a03b	144			Onchoproteocephalidea		Onchoproteocephalidea	Onchoproteocephalidea			order		Caira, J. N., Jensen, K., Waeschenbach, A., Olson, P. D., & Littlewood, D. T. J. (2014). Orders out of chaos – molecular phylogenetics reveals the complexity of shark and stingray tapeworm relationships. International Journal for Parasitology, 44(1): 55–73. https://doi.org/10.1016/j.ijpara.2013.10.004	accepted			Animalia	Platyhelminthes	Cestoda	Onchoproteocephalidea		
7903733	7ddf754f-d193-4cc9-b351-99906754a03b	144			Caryophyllidea		Caryophyllidea	Caryophyllidea			order			accepted			Animalia	Platyhelminthes	Cestoda	Caryophyllidea		
891	7ddf754f-d193-4cc9-b351-99906754a03b	144			Trypanorhyncha		Trypanorhyncha	Trypanorhyncha			order			accepted			Animalia	Platyhelminthes	Cestoda	Trypanorhyncha		
779	7ddf754f-d193-4cc9-b351-99906754a03b	144			Diphyllidea		Diphyllidea	Diphyllidea			order			accepted			Animalia	Platyhelminthes	Cestoda	Diphyllidea		
893	7ddf754f-d193-4cc9-b351-99906754a03b	144			Nippotaeniidea		Nippotaeniidea	Nippotaeniidea			order			accepted			Animalia	Platyhelminthes	Cestoda	Nippotaeniidea		
7839383	7ddf754f-d193-4cc9-b351-99906754a03b	144			Lecanicephalidea		Lecanicephalidea	Lecanicephalidea			order			accepted			Animalia	Platyhelminthes	Cestoda	Lecanicephalidea		
7795406	7ddf754f-d193-4cc9-b351-99906754a03b	144			Bothriocephalidea		Bothriocephalidea	Bothriocephalidea			order		Kuchta, R., Scholz, T., Brabec, J., & Bray, R. (2008). Suppression of the tapeworm order Pseudophyllidea (Platyhelminthes: Eucestoda) and the proposal of two new orders, Bothriocephalidea and Diphyllobothriidea. International Journal for Parasitology, 38(1): 49–55. https://doi.org/10.1016/j.ijpara.2007.08.005	accepted			Animalia	Platyhelminthes	Cestoda	Bothriocephalidea		
780	7ddf754f-d193-4cc9-b351-99906754a03b	144			Cyclophyllidea		Cyclophyllidea	Cyclophyllidea			order			accepted			Animalia	Platyhelminthes	Cestoda	Cyclophyllidea		
8354790	7ddf754f-d193-4cc9-b351-99906754a03b	144			Litobothriidea		Litobothriidea	Litobothriidea			order			accepted			Animalia	Platyhelminthes	Cestoda	Litobothriidea		
503	7ddf754f-d193-4cc9-b351-99906754a03b	144			Gyrocotylidea		Gyrocotylidea	Gyrocotylidea			order			accepted			Animalia	Platyhelminthes	Cestoda	Gyrocotylidea		
776	7ddf754f-d193-4cc9-b351-99906754a03b	144			Tetraphyllidea		Tetraphyllidea	Tetraphyllidea			order			accepted			Animalia	Platyhelminthes	Cestoda	Tetraphyllidea		
7393567	7ddf754f-d193-4cc9-b351-99906754a03b	345			Diplostomida		Diplostomida	Diplostomida			order			accepted			Animalia	Platyhelminthes	Trematoda	Diplostomida		
434	7ddf754f-d193-4cc9-b351-99906754a03b	345			Plagiorchiida		Plagiorchiida	Plagiorchiida			order			accepted			Animalia	Platyhelminthes	Trematoda	Plagiorchiida		
7771769	7ddf754f-d193-4cc9-b351-99906754a03b	345			Stichocotylida		Stichocotylida	Stichocotylida			order		Gibson, D. I., & Chinabut, S. (1984). Rohdella siamensis gen. et sp.nov. (Aspidogastridae: Rohdellinae subfam.nov.) from fresh water fishes in Thailand, with a reorganization of the classification of the subclass Aspidogastrea. Parasitology, 88(03): 383–393. https://doi.org/10.1017/s0031182000054652	accepted			Animalia	Platyhelminthes	Trematoda	Stichocotylida		
7377566	7ddf754f-d193-4cc9-b351-99906754a03b	345			Aspidogastrida		Aspidogastrida	Aspidogastrida			order			accepted			Animalia	Platyhelminthes	Trematoda	Aspidogastrida		
7723770	7ddf754f-d193-4cc9-b351-99906754a03b	7774442			Chimaericolidea		Chimaericolidea	Chimaericolidea			order			accepted			Animalia	Platyhelminthes	Monogenea	Chimaericolidea		
7936126	7ddf754f-d193-4cc9-b351-99906754a03b	7774442			Gyrodactylidea		Gyrodactylidea	Gyrodactylidea			order			accepted			Animalia	Platyhelminthes	Monogenea	Gyrodactylidea		
7914871	7ddf754f-d193-4cc9-b351-99906754a03b	7774442			Dactylogyridea		Dactylogyridea	Dactylogyridea			order			accepted			Animalia	Platyhelminthes	Monogenea	Dactylogyridea		
8226421	7ddf754f-d193-4cc9-b351-99906754a03b	7774442			Monocotylidea		Monocotylidea	Monocotylidea			order			accepted			Animalia	Platyhelminthes	Monogenea	Monocotylidea		
7513076	7ddf754f-d193-4cc9-b351-99906754a03b	7774442			Polystomatidea		Polystomatidea	Polystomatidea			order			accepted			Animalia	Platyhelminthes	Monogenea	Polystomatidea		
11198509	7ddf754f-d193-4cc9-b351-99906754a03b	7774442			Lagarocotylidea		Lagarocotylidea	Lagarocotylidea			order		Kritsky, D. C., Hoberg, E. P., & Aubry, K. B. (1993). Lagarocotyle salamandrae n. gen., n. sp. (Monogenoidea, Polyonchoinea, Lagarocotylidea n. ord.) from the Cloaca of Rhyacotriton cascadae Good and Wake (Caudata, Rhyacotritonidae) in Washington State. The Journal of Parasitology, 79(3): 322. https://doi.org/10.2307/3283565	accepted			Animalia	Platyhelminthes	Monogenea	Lagarocotylidea		
7585315	7ddf754f-d193-4cc9-b351-99906754a03b	7774442			Montchadskyellidea		Montchadskyellidea	Montchadskyellidea			order			accepted			Animalia	Platyhelminthes	Monogenea	Montchadskyellidea		
7723830	7ddf754f-d193-4cc9-b351-99906754a03b	7774442			Capsalidea		Capsalidea	Capsalidea			order			accepted			Animalia	Platyhelminthes	Monogenea	Capsalidea		
7458823	7ddf754f-d193-4cc9-b351-99906754a03b	7774442			Diclybothriidea		Diclybothriidea	Diclybothriidea			order			accepted			Animalia	Platyhelminthes	Monogenea	Diclybothriidea		
8236643	7ddf754f-d193-4cc9-b351-99906754a03b	7774442			Mazocraeidea		Mazocraeidea	Mazocraeidea			order			accepted			Animalia	Platyhelminthes	Monogenea	Mazocraeidea		
10679187	a97f36e5-ded1-49cc-bdec-ac6170fc7b9c	303			Alicyclobacillales		Alicyclobacillales	Alicyclobacillales			order			accepted			Bacteria	Firmicutes	Bacilli	Alicyclobacillales		
10720539	a97f36e5-ded1-49cc-bdec-ac6170fc7b9c	303			Kyrpidiales		Kyrpidiales	Kyrpidiales			order			accepted			Bacteria	Firmicutes	Bacilli	Kyrpidiales		
7367448	a97f36e5-ded1-49cc-bdec-ac6170fc7b9c	303			Haloplasmatales		Haloplasmatales	Haloplasmatales			order			accepted			Bacteria	Firmicutes	Bacilli	Haloplasmatales		
11641994	a97f36e5-ded1-49cc-bdec-ac6170fc7b9c	303			JC228						order			accepted			Bacteria	Firmicutes	Bacilli	JC228		
11177048	a97f36e5-ded1-49cc-bdec-ac6170fc7b9c	303			Bacillales_H						order			accepted			Bacteria	Firmicutes	Bacilli	Bacillales_H		
11171384	a97f36e5-ded1-49cc-bdec-ac6170fc7b9c	303			Bacillales_F						order			accepted			Bacteria	Firmicutes	Bacilli	Bacillales_F		
10781945	a97f36e5-ded1-49cc-bdec-ac6170fc7b9c	303			Paenibacillales		Paenibacillales	Paenibacillales			order			accepted			Bacteria	Firmicutes	Bacilli	Paenibacillales		
10709238	a97f36e5-ded1-49cc-bdec-ac6170fc7b9c	303			Thermicanales		Thermicanales	Thermicanales			order			accepted			Bacteria	Firmicutes	Bacilli	Thermicanales		
10890930	a97f36e5-ded1-49cc-bdec-ac6170fc7b9c	303			Brevibacillales		Brevibacillales	Brevibacillales			order			accepted			Bacteria	Firmicutes	Bacilli	Brevibacillales		
10675930	a97f36e5-ded1-49cc-bdec-ac6170fc7b9c	303			Staphylococcales		Staphylococcales	Staphylococcales			order			accepted			Bacteria	Firmicutes	Bacilli	Staphylococcales		
577	a97f36e5-ded1-49cc-bdec-ac6170fc7b9c	303			Lactobacillales		Lactobacillales	Lactobacillales			order			accepted			Bacteria	Firmicutes	Bacilli	Lactobacillales		
11112783	a97f36e5-ded1-49cc-bdec-ac6170fc7b9c	303			Bacillales_C						order			accepted			Bacteria	Firmicutes	Bacilli	Bacillales_C		
10813502	a97f36e5-ded1-49cc-bdec-ac6170fc7b9c	303			RFN20						order			accepted			Bacteria	Firmicutes	Bacilli	RFN20		
11185180	a97f36e5-ded1-49cc-bdec-ac6170fc7b9c	303			Bacillales_B						order			accepted			Bacteria	Firmicutes	Bacilli	Bacillales_B		
11584769	a97f36e5-ded1-49cc-bdec-ac6170fc7b9c	303			Culicoidibacterales		Culicoidibacterales	Culicoidibacterales			order			accepted			Bacteria	Firmicutes	Bacilli	Culicoidibacterales		
11190411	a97f36e5-ded1-49cc-bdec-ac6170fc7b9c	303			Haloplasmatales_A						order			accepted			Bacteria	Firmicutes	Bacilli	Haloplasmatales_A		
10754500	a97f36e5-ded1-49cc-bdec-ac6170fc7b9c	303			RES148						order			accepted			Bacteria	Firmicutes	Bacilli	RES148		
10730676	a97f36e5-ded1-49cc-bdec-ac6170fc7b9c	303			Exiguobacterales		Exiguobacterales	Exiguobacterales			order			accepted			Bacteria	Firmicutes	Bacilli	Exiguobacterales		
10846122	a97f36e5-ded1-49cc-bdec-ac6170fc7b9c	303			Desulfuribacillales		Desulfuribacillales	Desulfuribacillales			order			accepted			Bacteria	Firmicutes	Bacilli	Desulfuribacillales		
10728876	a97f36e5-ded1-49cc-bdec-ac6170fc7b9c	303			Rubeoparvulales		Rubeoparvulales	Rubeoparvulales			order			accepted			Bacteria	Firmicutes	Bacilli	Rubeoparvulales		
10889520	a97f36e5-ded1-49cc-bdec-ac6170fc7b9c	303			Izemoplasmatales		Izemoplasmatales	Izemoplasmatales			order			accepted			Bacteria	Firmicutes	Bacilli	Izemoplasmatales		
10711916	a97f36e5-ded1-49cc-bdec-ac6170fc7b9c	303			Tumebacillales		Tumebacillales	Tumebacillales			order			accepted			Bacteria	Firmicutes	Bacilli	Tumebacillales		
11205644	a97f36e5-ded1-49cc-bdec-ac6170fc7b9c	303			Bacillales_D						order			accepted			Bacteria	Firmicutes	Bacilli	Bacillales_D		
10723184	a97f36e5-ded1-49cc-bdec-ac6170fc7b9c	303			Aneurinibacillales		Aneurinibacillales	Aneurinibacillales			order			accepted			Bacteria	Firmicutes	Bacilli	Aneurinibacillales		
7446477	a97f36e5-ded1-49cc-bdec-ac6170fc7b9c	303			Erysipelotrichales		Erysipelotrichales	Erysipelotrichales			order			accepted			Bacteria	Firmicutes	Bacilli	Erysipelotrichales		
11527975	a97f36e5-ded1-49cc-bdec-ac6170fc7b9c	303			CAJFEE01						order			accepted			Bacteria	Firmicutes	Bacilli	CAJFEE01		
11130610	a97f36e5-ded1-49cc-bdec-ac6170fc7b9c	303			Bacillales_A						order			accepted			Bacteria	Firmicutes	Bacilli	Bacillales_A		
10713321	a97f36e5-ded1-49cc-bdec-ac6170fc7b9c	303			ML615J-28						order			accepted			Bacteria	Firmicutes	Bacilli	ML615J-28		
10827950	a97f36e5-ded1-49cc-bdec-ac6170fc7b9c	303			Caldalkalibacillales		Caldalkalibacillales	Caldalkalibacillales			order			accepted			Bacteria	Firmicutes	Bacilli	Caldalkalibacillales		
10777296	a97f36e5-ded1-49cc-bdec-ac6170fc7b9c	303			Thermoactinomycetales		Thermoactinomycetales	Thermoactinomycetales			order			accepted			Bacteria	Firmicutes	Bacilli	Thermoactinomycetales		
11174641	a97f36e5-ded1-49cc-bdec-ac6170fc7b9c	303			Bacillales_G						order			accepted			Bacteria	Firmicutes	Bacilli	Bacillales_G		
10805868	a97f36e5-ded1-49cc-bdec-ac6170fc7b9c	303			RF39						order			accepted			Bacteria	Firmicutes	Bacilli	RF39		
11747121	a97f36e5-ded1-49cc-bdec-ac6170fc7b9c	303			JACDOE01						order			accepted			Bacteria	Firmicutes	Bacilli	JACDOE01		
10812091	a97f36e5-ded1-49cc-bdec-ac6170fc7b9c	303			Tepidibacillales		Tepidibacillales	Tepidibacillales			order			accepted			Bacteria	Firmicutes	Bacilli	Tepidibacillales		
11215142	a97f36e5-ded1-49cc-bdec-ac6170fc7b9c	303			Bacillales_E						order			accepted			Bacteria	Firmicutes	Bacilli	Bacillales_E		
1213	a97f36e5-ded1-49cc-bdec-ac6170fc7b9c	303			Acholeplasmatales		Acholeplasmatales	Acholeplasmatales			order			accepted			Bacteria	Firmicutes	Bacilli	Acholeplasmatales		
576	a97f36e5-ded1-49cc-bdec-ac6170fc7b9c	303			Bacillales		Bacillales	Bacillales			order			accepted			Bacteria	Firmicutes	Bacilli	Bacillales		
581	a97f36e5-ded1-49cc-bdec-ac6170fc7b9c	303			Mycoplasmatales		Mycoplasmatales	Mycoplasmatales			order			accepted			Bacteria	Firmicutes	Bacilli	Mycoplasmatales		
10802474	a97f36e5-ded1-49cc-bdec-ac6170fc7b9c	303			Calditerricolales		Calditerricolales	Calditerricolales			order			accepted			Bacteria	Firmicutes	Bacilli	Calditerricolales		
716	7ddf754f-d193-4cc9-b351-99906754a03b	212			Bucerotiformes		Bucerotiformes	Bucerotiformes			order			accepted			Animalia	Chordata	Aves	Bucerotiformes		
1448	7ddf754f-d193-4cc9-b351-99906754a03b	212			Apodiformes		Apodiformes	Apodiformes			order			accepted			Animalia	Chordata	Aves	Apodiformes		
7191426	7ddf754f-d193-4cc9-b351-99906754a03b	212			Phoenicopteriformes		Phoenicopteriformes	Phoenicopteriformes			order			accepted			Animalia	Chordata	Aves	Phoenicopteriformes		
1450	7ddf754f-d193-4cc9-b351-99906754a03b	212			Strigiformes		Strigiformes	Strigiformes			order			accepted			Animalia	Chordata	Aves	Strigiformes		
839	7ddf754f-d193-4cc9-b351-99906754a03b	212			Ciconiiformes		Ciconiiformes	Ciconiiformes			order			accepted			Animalia	Chordata	Aves	Ciconiiformes		
1445	7ddf754f-d193-4cc9-b351-99906754a03b	212			Psittaciformes		Psittaciformes	Psittaciformes			order			accepted			Animalia	Chordata	Aves	Psittaciformes		
10833565	7ddf754f-d193-4cc9-b351-99906754a03b	212			Nyctibiiformes		Nyctibiiformes	Nyctibiiformes			order			accepted			Animalia	Chordata	Aves	Nyctibiiformes		
8481794	7ddf754f-d193-4cc9-b351-99906754a03b	212			Eurypygiformes		Eurypygiformes	Eurypygiformes			order			accepted			Animalia	Chordata	Aves	Eurypygiformes		
7190987	7ddf754f-d193-4cc9-b351-99906754a03b	212			Phaethontiformes		Phaethontiformes	Phaethontiformes			order			accepted			Animalia	Chordata	Aves	Phaethontiformes		
1449	7ddf754f-d193-4cc9-b351-99906754a03b	212			Trogoniformes		Trogoniformes	Trogoniformes			order			accepted			Animalia	Chordata	Aves	Trogoniformes		
8706725	7ddf754f-d193-4cc9-b351-99906754a03b	212			Cariamiformes		Cariamiformes	Cariamiformes			order			accepted			Animalia	Chordata	Aves	Cariamiformes		
1108	7ddf754f-d193-4cc9-b351-99906754a03b	212			Anseriformes		Anseriformes	Anseriformes			order			accepted			Animalia	Chordata	Aves	Anseriformes		
7191407	7ddf754f-d193-4cc9-b351-99906754a03b	212			Falconiformes		Falconiformes	Falconiformes			order			accepted			Animalia	Chordata	Aves	Falconiformes		
726	7ddf754f-d193-4cc9-b351-99906754a03b	212			Tinamiformes		Tinamiformes	Tinamiformes			order			accepted			Animalia	Chordata	Aves	Tinamiformes		
1493	7ddf754f-d193-4cc9-b351-99906754a03b	212			Gruiformes		Gruiformes	Gruiformes			order			accepted			Animalia	Chordata	Aves	Gruiformes		
8454030	7ddf754f-d193-4cc9-b351-99906754a03b	212			Apterygiformes		Apterygiformes	Apterygiformes			order			accepted			Animalia	Chordata	Aves	Apterygiformes		
7192775	7ddf754f-d193-4cc9-b351-99906754a03b	212			Suliformes		Suliformes	Suliformes			order			accepted			Animalia	Chordata	Aves	Suliformes		
7191147	7ddf754f-d193-4cc9-b351-99906754a03b	212			Accipitriformes		Accipitriformes	Accipitriformes			order			accepted			Animalia	Chordata	Aves	Accipitriformes		
725	7ddf754f-d193-4cc9-b351-99906754a03b	212			Struthioniformes		Struthioniformes	Struthioniformes			order			accepted			Animalia	Chordata	Aves	Struthioniformes		
721	7ddf754f-d193-4cc9-b351-99906754a03b	212			Coliiformes		Coliiformes	Coliiformes			order			accepted			Animalia	Chordata	Aves	Coliiformes		
7192402	7ddf754f-d193-4cc9-b351-99906754a03b	212			Charadriiformes		Charadriiformes	Charadriiformes			order			accepted			Animalia	Chordata	Aves	Charadriiformes		
8602104	7ddf754f-d193-4cc9-b351-99906754a03b	212			Casuariiformes		Casuariiformes	Casuariiformes			order			accepted			Animalia	Chordata	Aves	Casuariiformes		
723	7ddf754f-d193-4cc9-b351-99906754a03b	212			Galliformes		Galliformes	Galliformes			order			accepted			Animalia	Chordata	Aves	Galliformes		
8603836	7ddf754f-d193-4cc9-b351-99906754a03b	212			Rheiformes		Rheiformes	Rheiformes			order			accepted			Animalia	Chordata	Aves	Rheiformes		
724	7ddf754f-d193-4cc9-b351-99906754a03b	212			Piciformes		Piciformes	Piciformes			order			accepted			Animalia	Chordata	Aves	Piciformes		
8454707	7ddf754f-d193-4cc9-b351-99906754a03b	212			Leptosomiformes		Leptosomiformes	Leptosomiformes			order			accepted			Animalia	Chordata	Aves	Leptosomiformes		
7190978	7ddf754f-d193-4cc9-b351-99906754a03b	212			Sphenisciformes		Sphenisciformes	Sphenisciformes			order			accepted			Animalia	Chordata	Aves	Sphenisciformes		
1444	7ddf754f-d193-4cc9-b351-99906754a03b	212			Musophagiformes		Musophagiformes	Musophagiformes			order			accepted			Animalia	Chordata	Aves	Musophagiformes		
8617753	7ddf754f-d193-4cc9-b351-99906754a03b	212			Mesitornithiformes		Mesitornithiformes	Mesitornithiformes			order			accepted			Animalia	Chordata	Aves	Mesitornithiformes		
1492	7ddf754f-d193-4cc9-b351-99906754a03b	212			Cuculiformes		Cuculiformes	Cuculiformes			order			accepted			Animalia	Chordata	Aves	Cuculiformes		
7192754	7ddf754f-d193-4cc9-b351-99906754a03b	212			Gaviiformes		Gaviiformes	Gaviiformes			order			accepted			Animalia	Chordata	Aves	Gaviiformes		
8510645	7ddf754f-d193-4cc9-b351-99906754a03b	212			Caprimulgiformes		Caprimulgiformes	Caprimulgiformes			order			accepted			Animalia	Chordata	Aves	Caprimulgiformes		
7192749	7ddf754f-d193-4cc9-b351-99906754a03b	212			Pteroclidiformes		Pteroclidiformes	Pteroclidiformes			order			accepted			Animalia	Chordata	Aves	Pteroclidiformes		
8708973	7ddf754f-d193-4cc9-b351-99906754a03b	212			Otidiformes		Otidiformes	Otidiformes			order			accepted			Animalia	Chordata	Aves	Otidiformes		
7192755	7ddf754f-d193-4cc9-b351-99906754a03b	212			Procellariiformes		Procellariiformes	Procellariiformes			order			accepted			Animalia	Chordata	Aves	Procellariiformes		
8705315	7ddf754f-d193-4cc9-b351-99906754a03b	212			Opisthocomiformes		Opisthocomiformes	Opisthocomiformes			order			accepted			Animalia	Chordata	Aves	Opisthocomiformes		
10726067	7ddf754f-d193-4cc9-b351-99906754a03b	212			Steatornithiformes		Steatornithiformes	Steatornithiformes			order			accepted			Animalia	Chordata	Aves	Steatornithiformes		
7191588	7ddf754f-d193-4cc9-b351-99906754a03b	212			Podicipediformes		Podicipediformes	Podicipediformes			order			accepted			Animalia	Chordata	Aves	Podicipediformes		
7190953	7ddf754f-d193-4cc9-b351-99906754a03b	212			Pelecaniformes		Pelecaniformes	Pelecaniformes			order			accepted			Animalia	Chordata	Aves	Pelecaniformes		
729	7ddf754f-d193-4cc9-b351-99906754a03b	212			Passeriformes		Passeriformes	Passeriformes			order			accepted			Animalia	Chordata	Aves	Passeriformes		
1446	7ddf754f-d193-4cc9-b351-99906754a03b	212			Columbiformes		Columbiformes	Columbiformes			order			accepted			Animalia	Chordata	Aves	Columbiformes		
1447	7ddf754f-d193-4cc9-b351-99906754a03b	212			Coraciiformes		Coraciiformes	Coraciiformes			order			accepted			Animalia	Chordata	Aves	Coraciiformes		
880	7ddf754f-d193-4cc9-b351-99906754a03b	120			Chimaeriformes		Chimaeriformes	Chimaeriformes			order			accepted			Animalia	Chordata	Holocephali	Chimaeriformes		
771	7ddf754f-d193-4cc9-b351-99906754a03b	11881065			Petromyzontiformes		Petromyzontiformes	Petromyzontiformes			order			accepted			Animalia	Chordata	Petromyzonti	Petromyzontiformes		
953	7ddf754f-d193-4cc9-b351-99906754a03b	131			Caudata		Caudata	Caudata			order			accepted			Animalia	Chordata	Amphibia	Caudata		
775	7ddf754f-d193-4cc9-b351-99906754a03b	131			Gymnophiona		Gymnophiona	Gymnophiona			order			accepted			Animalia	Chordata	Amphibia	Gymnophiona		
952	7ddf754f-d193-4cc9-b351-99906754a03b	131			Anura		Anura	Anura			order			accepted			Animalia	Chordata	Amphibia	Anura		
801	7ddf754f-d193-4cc9-b351-99906754a03b	359			Scandentia		Scandentia	Scandentia			order			accepted			Animalia	Chordata	Mammalia	Scandentia		
829	7ddf754f-d193-4cc9-b351-99906754a03b	359			Erinaceomorpha		Erinaceomorpha	Erinaceomorpha			order			accepted			Animalia	Chordata	Mammalia	Erinaceomorpha		
798	daacce49-b206-469b-8dc2-2257719f3afa	359			Primates		Primates	Primates			order			accepted			Animalia	Chordata	Mammalia	Primates		
803	7ddf754f-d193-4cc9-b351-99906754a03b	359			Soricomorpha		Soricomorpha	Soricomorpha			order			accepted			Animalia	Chordata	Mammalia	Soricomorpha		
1452	7ddf754f-d193-4cc9-b351-99906754a03b	359			Diprotodontia		Diprotodontia	Diprotodontia			order			accepted			Animalia	Chordata	Mammalia	Diprotodontia		
1453	7ddf754f-d193-4cc9-b351-99906754a03b	359			Macroscelidea		Macroscelidea	Macroscelidea			order			accepted			Animalia	Chordata	Mammalia	Macroscelidea		
783	7ddf754f-d193-4cc9-b351-99906754a03b	359			Didelphimorphia		Didelphimorphia	Didelphimorphia			order			accepted			Animalia	Chordata	Mammalia	Didelphimorphia		
796	7ddf754f-d193-4cc9-b351-99906754a03b	359			Pholidota		Pholidota	Pholidota			order			accepted			Animalia	Chordata	Mammalia	Pholidota		
785	7ddf754f-d193-4cc9-b351-99906754a03b	359			Lagomorpha		Lagomorpha	Lagomorpha			order			accepted			Animalia	Chordata	Mammalia	Lagomorpha		
1494	7ddf754f-d193-4cc9-b351-99906754a03b	359			Pilosa		Pilosa	Pilosa			order			accepted			Animalia	Chordata	Mammalia	Pilosa		
735	7ddf754f-d193-4cc9-b351-99906754a03b	359			Cingulata		Cingulata	Cingulata			order			accepted			Animalia	Chordata	Mammalia	Cingulata		
1459	7ddf754f-d193-4cc9-b351-99906754a03b	359			Rodentia		Rodentia	Rodentia			order			accepted			Animalia	Chordata	Mammalia	Rodentia		
799	7ddf754f-d193-4cc9-b351-99906754a03b	359			Proboscidea		Proboscidea	Proboscidea			order			accepted			Animalia	Chordata	Mammalia	Proboscidea		
795	7ddf754f-d193-4cc9-b351-99906754a03b	359			Perissodactyla		Perissodactyla	Perissodactyla			order			accepted			Animalia	Chordata	Mammalia	Perissodactyla		
731	7ddf754f-d193-4cc9-b351-99906754a03b	359			Artiodactyla		Artiodactyla	Artiodactyla			order			accepted			Animalia	Chordata	Mammalia	Artiodactyla		
804	7ddf754f-d193-4cc9-b351-99906754a03b	359			Tubulidentata		Tubulidentata	Tubulidentata			order			accepted			Animalia	Chordata	Mammalia	Tubulidentata		
794	7ddf754f-d193-4cc9-b351-99906754a03b	359			Peramelemorphia		Peramelemorphia	Peramelemorphia			order			accepted			Animalia	Chordata	Mammalia	Peramelemorphia		
737	7ddf754f-d193-4cc9-b351-99906754a03b	359			Dermoptera		Dermoptera	Dermoptera			order			accepted			Animalia	Chordata	Mammalia	Dermoptera		
736	7ddf754f-d193-4cc9-b351-99906754a03b	359			Dasyuromorphia		Dasyuromorphia	Dasyuromorphia			order			accepted			Animalia	Chordata	Mammalia	Dasyuromorphia		
802	7ddf754f-d193-4cc9-b351-99906754a03b	359			Sirenia		Sirenia	Sirenia			order			accepted			Animalia	Chordata	Mammalia	Sirenia		
790	7ddf754f-d193-4cc9-b351-99906754a03b	359			Microbiotheria		Microbiotheria	Microbiotheria			order			accepted			Animalia	Chordata	Mammalia	Microbiotheria		
792	7ddf754f-d193-4cc9-b351-99906754a03b	359			Paucituberculata		Paucituberculata	Paucituberculata			order			accepted			Animalia	Chordata	Mammalia	Paucituberculata		
734	7ddf754f-d193-4cc9-b351-99906754a03b	359			Chiroptera		Chiroptera	Chiroptera			order			accepted			Animalia	Chordata	Mammalia	Chiroptera		
1454	7ddf754f-d193-4cc9-b351-99906754a03b	359			Notoryctemorphia		Notoryctemorphia	Notoryctemorphia			order			accepted			Animalia	Chordata	Mammalia	Notoryctemorphia		
733	7ddf754f-d193-4cc9-b351-99906754a03b	359			Cetacea		Cetacea	Cetacea			order			accepted			Animalia	Chordata	Mammalia	Cetacea		
732	7ddf754f-d193-4cc9-b351-99906754a03b	359			Carnivora		Carnivora	Carnivora			order			accepted			Animalia	Chordata	Mammalia	Carnivora		
828	7ddf754f-d193-4cc9-b351-99906754a03b	359			Afrosoricida		Afrosoricida	Afrosoricida			order			accepted			Animalia	Chordata	Mammalia	Afrosoricida		
791	7ddf754f-d193-4cc9-b351-99906754a03b	359			Monotremata		Monotremata	Monotremata			order			accepted			Animalia	Chordata	Mammalia	Monotremata		
784	7ddf754f-d193-4cc9-b351-99906754a03b	359			Hyracoidea		Hyracoidea	Hyracoidea			order			accepted			Animalia	Chordata	Mammalia	Hyracoidea		
766	7ddf754f-d193-4cc9-b351-99906754a03b	119			Myxiniformes		Myxiniformes	Myxiniformes			order			accepted			Animalia	Chordata	Myxini	Myxiniformes		
879	7ddf754f-d193-4cc9-b351-99906754a03b	11500725			Ceratodontiformes		Ceratodontiformes	Ceratodontiformes			order			accepted			Animalia	Chordata	Dipneusti	Ceratodontiformes		
881	7ddf754f-d193-4cc9-b351-99906754a03b	121			Torpediniformes		Torpediniformes	Torpediniformes			order			accepted			Animalia	Chordata	Elasmobranchii	Torpediniformes		
887	7ddf754f-d193-4cc9-b351-99906754a03b	121			Carcharhiniformes		Carcharhiniformes	Carcharhiniformes			order			accepted			Animalia	Chordata	Elasmobranchii	Carcharhiniformes		
885	7ddf754f-d193-4cc9-b351-99906754a03b	121			Lamniformes		Lamniformes	Lamniformes			order			accepted			Animalia	Chordata	Elasmobranchii	Lamniformes		
883	7ddf754f-d193-4cc9-b351-99906754a03b	121			Squaliformes		Squaliformes	Squaliformes			order			accepted			Animalia	Chordata	Elasmobranchii	Squaliformes		
884	7ddf754f-d193-4cc9-b351-99906754a03b	121			Rajiformes		Rajiformes	Rajiformes			order			accepted			Animalia	Chordata	Elasmobranchii	Rajiformes		
770	7ddf754f-d193-4cc9-b351-99906754a03b	121			Hexanchiformes		Hexanchiformes	Hexanchiformes			order			accepted			Animalia	Chordata	Elasmobranchii	Hexanchiformes		
769	7ddf754f-d193-4cc9-b351-99906754a03b	121			Orectolobiformes		Orectolobiformes	Orectolobiformes			order			accepted			Animalia	Chordata	Elasmobranchii	Orectolobiformes		
9412443	7ddf754f-d193-4cc9-b351-99906754a03b	121			Rhinopristiformes		Rhinopristiformes	Rhinopristiformes			order			accepted			Animalia	Chordata	Elasmobranchii	Rhinopristiformes		
886	7ddf754f-d193-4cc9-b351-99906754a03b	121			Heterodontiformes		Heterodontiformes	Heterodontiformes			order			accepted			Animalia	Chordata	Elasmobranchii	Heterodontiformes		
8214029	7ddf754f-d193-4cc9-b351-99906754a03b	121			Myliobatiformes		Myliobatiformes	Myliobatiformes			order			accepted			Animalia	Chordata	Elasmobranchii	Myliobatiformes		
767	7ddf754f-d193-4cc9-b351-99906754a03b	121			Pristiophoriformes		Pristiophoriformes	Pristiophoriformes			order			accepted			Animalia	Chordata	Elasmobranchii	Pristiophoriformes		
882	7ddf754f-d193-4cc9-b351-99906754a03b	121			Squatiniformes		Squatiniformes	Squatiniformes			order			accepted			Animalia	Chordata	Elasmobranchii	Squatiniformes		
1156	7ddf754f-d193-4cc9-b351-99906754a03b	207			Salpida		Salpida	Salpida			order		Lahille, M. F. (1888). Étude systématique des tuniciers. Compt. Rendus Assoc. France Adv. Sci., 16 (2): 667–677. https://www.marinespecies.org/aphia.php?p=sourcedetails&id=43359	accepted			Animalia	Chordata	Thaliacea	Salpida		
540	7ddf754f-d193-4cc9-b351-99906754a03b	207			Pyrosomatida		Pyrosomatida	Pyrosomatida			order		Jones, T. R. (1848). Tunicata. In: Todd’s Cyclopaedia of Anatomy and Physiology. https://www.marinespecies.org/aphia.php?p=sourcedetails&id=166806	accepted			Animalia	Chordata	Thaliacea	Pyrosomatida		
717	7ddf754f-d193-4cc9-b351-99906754a03b	207			Doliolida		Doliolida	Doliolida			order		Delage, Y., & Hérouard, E. (1898). Traité de Zoologie concrète. Les Prochordés, 8: 132-372. https://www.marinespecies.org/aphia.php?p=sourcedetails&id=166426	accepted			Animalia	Chordata	Thaliacea	Doliolida		
765	7ddf754f-d193-4cc9-b351-99906754a03b	11733052			Coelacanthiformes		Coelacanthiformes	Coelacanthiformes			order			accepted			Animalia	Chordata	Coelacanthi	Coelacanthiformes		
9589977	7ddf754f-d193-4cc9-b351-99906754a03b	356			Aplousobranchia		Aplousobranchia	Aplousobranchia			order		Lahille, F. (1886). Sur le classification des Tuniciers. C.R. Acad. Sci. Paris, 16: 1573–1575. https://www.marinespecies.org/ascidiacea/aphia.php?p=sourcedetails&id=221162	accepted			Animalia	Chordata	Ascidiacea	Aplousobranchia		
9469348	7ddf754f-d193-4cc9-b351-99906754a03b	356			Stolidobranchia		Stolidobranchia	Stolidobranchia			order		Lahille, F. (1886). Sur le classification des Tuniciers. C.R. Acad. Sci. Paris, 16: 1573–1575. https://www.marinespecies.org/ascidiacea/aphia.php?p=sourcedetails&id=221162	accepted			Animalia	Chordata	Ascidiacea	Stolidobranchia		
9515881	7ddf754f-d193-4cc9-b351-99906754a03b	356			Phlebobranchia		Phlebobranchia	Phlebobranchia			order		Lahille, F. (1886). Sur le classification des Tuniciers. C.R. Acad. Sci. Paris, 16: 1573–1575. https://www.marinespecies.org/ascidiacea/aphia.php?p=sourcedetails&id=221162	accepted			Animalia	Chordata	Ascidiacea	Phlebobranchia		
10693269	7ddf754f-d193-4cc9-b351-99906754a03b	10868775			Petitvirales		Petitvirales	Petitvirales			order			accepted			Viruses	Phixviricota	Malgrandaviricetes	Petitvirales		
8302948	7ea21580-4f06-469d-995b-3f713fdcc37c	335			Glaucocystales		Glaucocystales	Glaucocystales			order			accepted			Plantae	Glaucophyta	Glaucophyceae	Glaucocystales		
10707799	a97f36e5-ded1-49cc-bdec-ac6170fc7b9c	10807584			Cloacimonadales		Cloacimonadales	Cloacimonadales			order			accepted			Bacteria	Cloacimonadota	Cloacimonadia	Cloacimonadales		
10749040	a97f36e5-ded1-49cc-bdec-ac6170fc7b9c	10709008			Latescibacterales		Latescibacterales	Latescibacterales			order			accepted			Bacteria	Latescibacterota	Latescibacteria	Latescibacterales		
10806369	a97f36e5-ded1-49cc-bdec-ac6170fc7b9c	11873733			B68-G9						order			accepted			Bacteria	Latescibacterota	4484-107	B68-G9		
11183197	a97f36e5-ded1-49cc-bdec-ac6170fc7b9c	10859053			SICM01						order			accepted			Bacteria	Latescibacterota	UBA2968	SICM01		
10792119	a97f36e5-ded1-49cc-bdec-ac6170fc7b9c	10859053			UBA8231						order			accepted			Bacteria	Latescibacterota	UBA2968	UBA8231		
574	a97f36e5-ded1-49cc-bdec-ac6170fc7b9c	301			Deferribacterales		Deferribacterales	Deferribacterales			order			accepted			Bacteria	Deferribacterota	Deferribacteres	Deferribacterales		
853	7ddf754f-d193-4cc9-b351-99906754a03b	7188530			Gordioidea		Gordioidea	Gordioidea			order			accepted			Animalia	Nematomorpha	Gordioida	Gordioidea		
854	7ddf754f-d193-4cc9-b351-99906754a03b	7188589			Nectonematoidea		Nectonematoidea	Nectonematoidea			order			accepted			Animalia	Nematomorpha	Nectonematoida	Nectonematoidea		
1488	daacce49-b206-469b-8dc2-2257719f3afa	365			Lobata		Lobata	Lobata			order			accepted			Animalia	Ctenophora	Tentaculata	Lobata		
1157	7ddf754f-d193-4cc9-b351-99906754a03b	365			Thalassocalycida		Thalassocalycida	Thalassocalycida			order		Madin, L. P., & Harbison, G. R. (1978). Bathocyroe fosteri gen.nov., sp.nov.: a mesopelagic ctenophore observed and collected from a submersible. Journal of the Marine Biological Association of the United Kingdom, 58(3): 559–564. https://doi.org/10.1017/s0025315400041217	accepted			Animalia	Ctenophora	Tentaculata	Thalassocalycida		
9492896	7ddf754f-d193-4cc9-b351-99906754a03b	365			Cryptolobiferida		Cryptolobiferida	Cryptolobiferida			order			accepted			Animalia	Ctenophora	Tentaculata	Cryptolobiferida		
1487	7ddf754f-d193-4cc9-b351-99906754a03b	365			Platyctenida		Platyctenida	Platyctenida			order			accepted			Animalia	Ctenophora	Tentaculata	Platyctenida		
1486	7ddf754f-d193-4cc9-b351-99906754a03b	365			Cestida		Cestida	Cestida			order			accepted			Animalia	Ctenophora	Tentaculata	Cestida		
1489	7ddf754f-d193-4cc9-b351-99906754a03b	365			Cydippida		Cydippida	Cydippida			order			accepted			Animalia	Ctenophora	Tentaculata	Cydippida		
1427	7ddf754f-d193-4cc9-b351-99906754a03b	365			Ganeshida		Ganeshida	Ganeshida			order		Moser, F. (1908). Cténophores de la Baie d’Amboine. Revue Suisse De Zoologie, 16: 1–26. https://doi.org/10.5962/bhl.part.75191	accepted			Animalia	Ctenophora	Tentaculata	Ganeshida		
9585350	7ddf754f-d193-4cc9-b351-99906754a03b	365			Cambojiida		Cambojiida	Cambojiida			order			accepted			Animalia	Ctenophora	Tentaculata	Cambojiida		
824	7ddf754f-d193-4cc9-b351-99906754a03b	224			Beroida		Beroida	Beroida			order			accepted			Animalia	Ctenophora	Nuda	Beroida		
5967455	7ddf754f-d193-4cc9-b351-99906754a03b	10772917			Limnognathida		Limnognathida	Limnognathida			order		Kristensen, Reinhardt Møbjerg, & and Peter Funch. (2000). Micrognathozoa: A New Class With Complicated Jaws Like Those of Rotifera and Gnathostomulida. Journal of Morphology, Vol. 246, No. 1.	accepted			Animalia	Micrognathozoa	Micrognathozoa	Limnognathida		
11610653	7ddf754f-d193-4cc9-b351-99906754a03b	11856190			Lefavirales		Lefavirales	Lefavirales			order			accepted			incertae sedis		Naldaviricetes	Lefavirales		
7921062	7ea21580-4f06-469d-995b-3f713fdcc37c	7579938			Jakobida		Jakobida	Jakobida			order			accepted			Protozoa	Loukozoa	Jakobea	Jakobida		
8414694	7ea21580-4f06-469d-995b-3f713fdcc37c	7608643			Malawimonadida		Malawimonadida	Malawimonadida			order			accepted			Protozoa	Loukozoa	Malawimonadea	Malawimonadida		
9647194	7ddf754f-d193-4cc9-b351-99906754a03b	9775313			Tsukubamonadida		Tsukubamonadida	Tsukubamonadida			order			accepted			Protozoa	Loukozoa	Tsukubea	Tsukubamonadida		
11178555	a97f36e5-ded1-49cc-bdec-ac6170fc7b9c	10751963			CAIWAD01						order			accepted			Bacteria	Delongbacteria	UBA4055	CAIWAD01		
12242673	7ddf754f-d193-4cc9-b351-99906754a03b	12217645			Hoilungea		Hoilungea	Hoilungea			order		Tessler, M.; Neumann, J. S.; Kamm, K.; Osigus, H.-J.; Eshel, G.; Narechania, A.; Burns, J. A.; DeSalle, R.; Schierwater, B. (2022). Phylogenomics and the first higher taxonomy of Placozoa, an ancient and enigmatic animal phylum. Frontiers in Ecology and Evolution, 10. https://doi.org/10.3389/fevo.2022.1016357	accepted			Animalia	Placozoa	Uniplacotomia	Hoilungea		
12211006	7ddf754f-d193-4cc9-b351-99906754a03b	12217645			Cladhexea		Cladhexea	Cladhexea			order		Tessler, M.; Neumann, J. S.; Kamm, K.; Osigus, H.-J.; Eshel, G.; Narechania, A.; Burns, J. A.; DeSalle, R.; Schierwater, B. (2022). Phylogenomics and the first higher taxonomy of Placozoa, an ancient and enigmatic animal phylum. Frontiers in Ecology and Evolution, 10. https://doi.org/10.3389/fevo.2022.1016357	accepted			Animalia	Placozoa	Uniplacotomia	Cladhexea		
12228399	7ddf754f-d193-4cc9-b351-99906754a03b	12217645			Trichoplacea		Trichoplacea	Trichoplacea			order		Tessler, M.; Neumann, J. S.; Kamm, K.; Osigus, H.-J.; Eshel, G.; Narechania, A.; Burns, J. A.; DeSalle, R.; Schierwater, B. (2022). Phylogenomics and the first higher taxonomy of Placozoa, an ancient and enigmatic animal phylum. Frontiers in Ecology and Evolution, 10. https://doi.org/10.3389/fevo.2022.1016357	accepted			Animalia	Placozoa	Uniplacotomia	Trichoplacea		
12175714	7ddf754f-d193-4cc9-b351-99906754a03b	12249321			Polyplacotomea		Polyplacotomea	Polyplacotomea			order		Tessler, M.; Neumann, J. S.; Kamm, K.; Osigus, H.-J.; Eshel, G.; Narechania, A.; Burns, J. A.; DeSalle, R.; Schierwater, B. (2022). Phylogenomics and the first higher taxonomy of Placozoa, an ancient and enigmatic animal phylum. Frontiers in Ecology and Evolution, 10. https://doi.org/10.3389/fevo.2022.1016357	accepted			Animalia	Placozoa	Polyplacotomia	Polyplacotomea		
9771364	7ddf754f-d193-4cc9-b351-99906754a03b	9719611			Planomonadida		Planomonadida	Planomonadida			order			accepted			Protozoa	Sulcozoa	Thecomonadea	Planomonadida		
9669912	7ddf754f-d193-4cc9-b351-99906754a03b	9719611			Apusomonadida		Apusomonadida	Apusomonadida			order			accepted			Protozoa	Sulcozoa	Thecomonadea	Apusomonadida		
10751877	a97f36e5-ded1-49cc-bdec-ac6170fc7b9c	10763596			Leptospirillales		Leptospirillales	Leptospirillales			order			accepted			Bacteria	Nitrospirota_A	Leptospirillia	Leptospirillales		
9739146	7ddf754f-d193-4cc9-b351-99906754a03b	9763792			Diphylleida		Diphylleida	Diphylleida			order			accepted			Protozoa	Sulcozoa	Diphyllatea	Diphylleida		
9712558	7ddf754f-d193-4cc9-b351-99906754a03b	9707701			Rigifilida		Rigifilida	Rigifilida			order			accepted			Protozoa	Sulcozoa	Hilomonadea	Rigifilida		
12252783	7ddf754f-d193-4cc9-b351-99906754a03b	151			Franziozymales		Franziozymales	Franziozymales			order			accepted			Fungi	Basidiomycota	Exobasidiomycetes	Franziozymales		
9718878	7ddf754f-d193-4cc9-b351-99906754a03b	151			Robbauerales		Robbauerales	Robbauerales			order			accepted			Fungi	Basidiomycota	Exobasidiomycetes	Robbauerales		
1135	7ddf754f-d193-4cc9-b351-99906754a03b	151			Entylomatales		Entylomatales	Entylomatales			order			accepted			Fungi	Basidiomycota	Exobasidiomycetes	Entylomatales		
1132	7ddf754f-d193-4cc9-b351-99906754a03b	151			Tilletiales		Tilletiales	Tilletiales			order			accepted			Fungi	Basidiomycota	Exobasidiomycetes	Tilletiales		
524	7ddf754f-d193-4cc9-b351-99906754a03b	151			Exobasidiales		Exobasidiales	Exobasidiales			order			accepted			Fungi	Basidiomycota	Exobasidiomycetes	Exobasidiales		
1134	7ddf754f-d193-4cc9-b351-99906754a03b	151			Georgefischeriales		Georgefischeriales	Georgefischeriales			order			accepted			Fungi	Basidiomycota	Exobasidiomycetes	Georgefischeriales		
1133	7ddf754f-d193-4cc9-b351-99906754a03b	151			Microstromatales		Microstromatales	Microstromatales			order			accepted			Fungi	Basidiomycota	Exobasidiomycetes	Microstromatales		
1136	7ddf754f-d193-4cc9-b351-99906754a03b	151			Doassansiales		Doassansiales	Doassansiales			order			accepted			Fungi	Basidiomycota	Exobasidiomycetes	Doassansiales		
1137	7ddf754f-d193-4cc9-b351-99906754a03b	151			Ceraceosorales		Ceraceosorales	Ceraceosorales			order			accepted			Fungi	Basidiomycota	Exobasidiomycetes	Ceraceosorales		
523	7ddf754f-d193-4cc9-b351-99906754a03b	150			Heterogastridiales		Heterogastridiales	Heterogastridiales			order			accepted			Fungi	Basidiomycota	Microbotryomycetes	Heterogastridiales		
7426817	7ddf754f-d193-4cc9-b351-99906754a03b	150			Kriegeriales		Kriegeriales	Kriegeriales			order			accepted			Fungi	Basidiomycota	Microbotryomycetes	Kriegeriales		
1129	7ddf754f-d193-4cc9-b351-99906754a03b	150			Sporidiobolales		Sporidiobolales	Sporidiobolales			order			accepted			Fungi	Basidiomycota	Microbotryomycetes	Sporidiobolales		
1130	7ddf754f-d193-4cc9-b351-99906754a03b	150			Microbotryales		Microbotryales	Microbotryales			order			accepted			Fungi	Basidiomycota	Microbotryomycetes	Microbotryales		
1131	7ddf754f-d193-4cc9-b351-99906754a03b	150			Leucosporidiales		Leucosporidiales	Leucosporidiales			order			accepted			Fungi	Basidiomycota	Microbotryomycetes	Leucosporidiales		
12239901	7ddf754f-d193-4cc9-b351-99906754a03b	150			Rosettozymales		Rosettozymales	Rosettozymales			order			accepted			Fungi	Basidiomycota	Microbotryomycetes	Rosettozymales		
9708685	7ddf754f-d193-4cc9-b351-99906754a03b	272			Talbotiomycetales		Talbotiomycetales	Talbotiomycetales			order			accepted			Fungi	Basidiomycota	Entorrhizomycetes	Talbotiomycetales		
525	7ddf754f-d193-4cc9-b351-99906754a03b	272			Entorrhizales		Entorrhizales	Entorrhizales			order			accepted			Fungi	Basidiomycota	Entorrhizomycetes	Entorrhizales		
11118059	a97f36e5-ded1-49cc-bdec-ac6170fc7b9c	10798891			MWAK01						order			accepted			Bacteria	Ratteibacteria	UBA8468	MWAK01		
11156597	a97f36e5-ded1-49cc-bdec-ac6170fc7b9c	10798891			B48-G9						order			accepted			Bacteria	Ratteibacteria	UBA8468	B48-G9		
12244519	7ddf754f-d193-4cc9-b351-99906754a03b	148			Quasiramulariales		Quasiramulariales	Quasiramulariales			order			accepted			Fungi	Basidiomycota	Ustilaginomycetes	Quasiramulariales		
9658524	7ddf754f-d193-4cc9-b351-99906754a03b	148			Violaceomycetales		Violaceomycetales	Violaceomycetales			order			accepted			Fungi	Basidiomycota	Ustilaginomycetes	Violaceomycetales		
8035892	7ddf754f-d193-4cc9-b351-99906754a03b	148			Urocystidales		Urocystidales	Urocystidales			order			accepted			Fungi	Basidiomycota	Ustilaginomycetes	Urocystidales		
1121	7ddf754f-d193-4cc9-b351-99906754a03b	148			Ustilaginales		Ustilaginales	Ustilaginales			order			accepted			Fungi	Basidiomycota	Ustilaginomycetes	Ustilaginales		
9694796	7ddf754f-d193-4cc9-b351-99906754a03b	148			Uleiellales		Uleiellales	Uleiellales			order			accepted			Fungi	Basidiomycota	Ustilaginomycetes	Uleiellales		
528	7ddf754f-d193-4cc9-b351-99906754a03b	155			Atractiellales		Atractiellales	Atractiellales			order			accepted			Fungi	Basidiomycota	Atractiellomycetes	Atractiellales		
1120	7ddf754f-d193-4cc9-b351-99906754a03b	269			Wallemiales		Wallemiales	Wallemiales			order			accepted			Fungi	Basidiomycota	Wallemiomycetes	Wallemiales		
7664946	7ddf754f-d193-4cc9-b351-99906754a03b	269			Geminibasidiales		Geminibasidiales	Geminibasidiales			order			accepted			Fungi	Basidiomycota	Wallemiomycetes	Geminibasidiales		
743	7ddf754f-d193-4cc9-b351-99906754a03b	7480949			Malasseziales		Malasseziales	Malasseziales			order			accepted			Fungi	Basidiomycota	Malasseziomycetes	Malasseziales		
1143	7ddf754f-d193-4cc9-b351-99906754a03b	274			Agaricostilbales		Agaricostilbales	Agaricostilbales			order			accepted			Fungi	Basidiomycota	Agaricostilbomycetes	Agaricostilbales		
1138	7ddf754f-d193-4cc9-b351-99906754a03b	273			Dacrymycetales		Dacrymycetales	Dacrymycetales			order			accepted			Fungi	Basidiomycota	Dacrymycetes	Dacrymycetales		
8391101	7ddf754f-d193-4cc9-b351-99906754a03b	273			Unilacrymales		Unilacrymales	Unilacrymales			order			accepted			Fungi	Basidiomycota	Dacrymycetes	Unilacrymales		
1142	7ddf754f-d193-4cc9-b351-99906754a03b	12237871			Spiculogloeales		Spiculogloeales	Spiculogloeales			order			accepted			Fungi	Basidiomycota	Spiculogloeomycetes	Spiculogloeales		
1140	7ddf754f-d193-4cc9-b351-99906754a03b	153			Cryptomycocolacales		Cryptomycocolacales	Cryptomycocolacales			order			accepted			Fungi	Basidiomycota	Cryptomycocolacomycetes	Cryptomycocolacales		
10756000	7ddf754f-d193-4cc9-b351-99906754a03b	152			Buckleyzymales		Buckleyzymales	Buckleyzymales			order			accepted			Fungi	Basidiomycota	Cystobasidiomycetes	Buckleyzymales		
10771936	7ddf754f-d193-4cc9-b351-99906754a03b	152			Sakaguchiales		Sakaguchiales	Sakaguchiales			order			accepted			Fungi	Basidiomycota	Cystobasidiomycetes	Sakaguchiales		
1139	7ddf754f-d193-4cc9-b351-99906754a03b	152			Cystobasidiales		Cystobasidiales	Cystobasidiales			order			accepted			Fungi	Basidiomycota	Cystobasidiomycetes	Cystobasidiales		
9819427	7ddf754f-d193-4cc9-b351-99906754a03b	152			Cyphobasidiales		Cyphobasidiales	Cyphobasidiales			order			accepted			Fungi	Basidiomycota	Cystobasidiomycetes	Cyphobasidiales		
527	7ddf754f-d193-4cc9-b351-99906754a03b	152			Erythrobasidiales		Erythrobasidiales	Erythrobasidiales			order			accepted			Fungi	Basidiomycota	Cystobasidiomycetes	Erythrobasidiales		
526	7ddf754f-d193-4cc9-b351-99906754a03b	152			Naohideales		Naohideales	Naohideales			order			accepted			Fungi	Basidiomycota	Cystobasidiomycetes	Naohideales		
7575076	7ddf754f-d193-4cc9-b351-99906754a03b	149			Trichosporonales		Trichosporonales	Trichosporonales			order			accepted			Fungi	Basidiomycota	Tremellomycetes	Trichosporonales		
1123	7ddf754f-d193-4cc9-b351-99906754a03b	149			Tremellales		Tremellales	Tremellales			order			accepted			Fungi	Basidiomycota	Tremellomycetes	Tremellales		
1124	7ddf754f-d193-4cc9-b351-99906754a03b	149			Filobasidiales		Filobasidiales	Filobasidiales			order			accepted			Fungi	Basidiomycota	Tremellomycetes	Filobasidiales		
1125	7ddf754f-d193-4cc9-b351-99906754a03b	149			Cystofilobasidiales		Cystofilobasidiales	Cystofilobasidiales			order			accepted			Fungi	Basidiomycota	Tremellomycetes	Cystofilobasidiales		
7879843	7ddf754f-d193-4cc9-b351-99906754a03b	149			Holtermanniales		Holtermanniales	Holtermanniales			order			accepted			Fungi	Basidiomycota	Tremellomycetes	Holtermanniales		
1128	7ddf754f-d193-4cc9-b351-99906754a03b	271			Mixiales		Mixiales	Mixiales			order			accepted			Fungi	Basidiomycota	Mixiomycetes	Mixiales		
521	7ddf754f-d193-4cc9-b351-99906754a03b	270			Platygloeales		Platygloeales	Platygloeales			order			accepted			Fungi	Basidiomycota	Pucciniomycetes	Platygloeales		
522	7ddf754f-d193-4cc9-b351-99906754a03b	270			Pachnocybales		Pachnocybales	Pachnocybales			order			accepted			Fungi	Basidiomycota	Pucciniomycetes	Pachnocybales		
1126	7ddf754f-d193-4cc9-b351-99906754a03b	270			Pucciniales		Pucciniales	Pucciniales			order			accepted			Fungi	Basidiomycota	Pucciniomycetes	Pucciniales		
520	7ddf754f-d193-4cc9-b351-99906754a03b	270			Septobasidiales		Septobasidiales	Septobasidiales			order			accepted			Fungi	Basidiomycota	Pucciniomycetes	Septobasidiales		
1127	7ddf754f-d193-4cc9-b351-99906754a03b	270			Helicobasidiales		Helicobasidiales	Helicobasidiales			order			accepted			Fungi	Basidiomycota	Pucciniomycetes	Helicobasidiales		
12215793	7ddf754f-d193-4cc9-b351-99906754a03b	186			Sistotremastrales		Sistotremastrales	Sistotremastrales			order			accepted			Fungi	Basidiomycota	Agaricomycetes	Sistotremastrales		
7939664	7ddf754f-d193-4cc9-b351-99906754a03b	8070058			Tritirachiales		Tritirachiales	Tritirachiales			order			accepted			Fungi	Basidiomycota	Tritirachiomycetes	Tritirachiales		
832	7ddf754f-d193-4cc9-b351-99906754a03b	186			Atheliales		Atheliales	Atheliales			order			accepted			Fungi	Basidiomycota	Agaricomycetes	Atheliales		
1145	7ddf754f-d193-4cc9-b351-99906754a03b	186			Polyporales		Polyporales	Polyporales			order			accepted			Fungi	Basidiomycota	Agaricomycetes	Polyporales		
1304	7ddf754f-d193-4cc9-b351-99906754a03b	186			Hymenochaetales		Hymenochaetales	Hymenochaetales			order			accepted			Fungi	Basidiomycota	Agaricomycetes	Hymenochaetales		
9799109	7ddf754f-d193-4cc9-b351-99906754a03b	186			Stereopsidales		Stereopsidales	Stereopsidales			order			accepted			Fungi	Basidiomycota	Agaricomycetes	Stereopsidales		
532	7ddf754f-d193-4cc9-b351-99906754a03b	186			Phallales		Phallales	Phallales			order			accepted			Fungi	Basidiomycota	Agaricomycetes	Phallales		
1303	7ddf754f-d193-4cc9-b351-99906754a03b	186			Gomphales		Gomphales	Gomphales			order			accepted			Fungi	Basidiomycota	Agaricomycetes	Gomphales		
9662536	7ddf754f-d193-4cc9-b351-99906754a03b	186			Lepidostromatales		Lepidostromatales	Lepidostromatales			order			accepted			Fungi	Basidiomycota	Agaricomycetes	Lepidostromatales		
1063	7ddf754f-d193-4cc9-b351-99906754a03b	186			Boletales		Boletales	Boletales			order			accepted			Fungi	Basidiomycota	Agaricomycetes	Boletales		
1144	7ddf754f-d193-4cc9-b351-99906754a03b	186			Russulales		Russulales	Russulales			order			accepted			Fungi	Basidiomycota	Agaricomycetes	Russulales		
1064	7ddf754f-d193-4cc9-b351-99906754a03b	186			Geastrales		Geastrales	Geastrales			order			accepted			Fungi	Basidiomycota	Agaricomycetes	Geastrales		
531	7ddf754f-d193-4cc9-b351-99906754a03b	186			Sebacinales		Sebacinales	Sebacinales			order			accepted			Fungi	Basidiomycota	Agaricomycetes	Sebacinales		
529	7ddf754f-d193-4cc9-b351-99906754a03b	186			Trechisporales		Trechisporales	Trechisporales			order			accepted			Fungi	Basidiomycota	Agaricomycetes	Trechisporales		
9670195	7ddf754f-d193-4cc9-b351-99906754a03b	186			Tremellodendropsidales		Tremellodendropsidales	Tremellodendropsidales			order			accepted			Fungi	Basidiomycota	Agaricomycetes	Tremellodendropsidales		
7794662	7ddf754f-d193-4cc9-b351-99906754a03b	186			Amylocorticiales		Amylocorticiales	Amylocorticiales			order			accepted			Fungi	Basidiomycota	Agaricomycetes	Amylocorticiales		
1065	7ddf754f-d193-4cc9-b351-99906754a03b	186			Gloeophyllales		Gloeophyllales	Gloeophyllales			order			accepted			Fungi	Basidiomycota	Agaricomycetes	Gloeophyllales		
1300	7ddf754f-d193-4cc9-b351-99906754a03b	186			Cantharellales		Cantharellales	Cantharellales			order			accepted			Fungi	Basidiomycota	Agaricomycetes	Cantharellales		
1301	7ddf754f-d193-4cc9-b351-99906754a03b	186			Corticiales		Corticiales	Corticiales			order			accepted			Fungi	Basidiomycota	Agaricomycetes	Corticiales		
530	7ddf754f-d193-4cc9-b351-99906754a03b	186			Thelephorales		Thelephorales	Thelephorales			order			accepted			Fungi	Basidiomycota	Agaricomycetes	Thelephorales		
1062	7ddf754f-d193-4cc9-b351-99906754a03b	186			Auriculariales		Auriculariales	Auriculariales			order			accepted			Fungi	Basidiomycota	Agaricomycetes	Auriculariales		
9816114	7ddf754f-d193-4cc9-b351-99906754a03b	186			Jaapiales		Jaapiales	Jaapiales			order			accepted			Fungi	Basidiomycota	Agaricomycetes	Jaapiales		
1146	7ddf754f-d193-4cc9-b351-99906754a03b	186			Hysterangiales		Hysterangiales	Hysterangiales			order			accepted			Fungi	Basidiomycota	Agaricomycetes	Hysterangiales		
1499	7ddf754f-d193-4cc9-b351-99906754a03b	186			Agaricales		Agaricales	Agaricales			order			accepted			Fungi	Basidiomycota	Agaricomycetes	Agaricales		
9658432	7ddf754f-d193-4cc9-b351-99906754a03b	12209381			Moniliellales		Moniliellales	Moniliellales			order			accepted			Fungi	Basidiomycota	Moniliellomycetes	Moniliellales		
1141	7ddf754f-d193-4cc9-b351-99906754a03b	154			Classiculales		Classiculales	Classiculales			order			accepted			Fungi	Basidiomycota	Classiculomycetes	Classiculales		
10787605	a97f36e5-ded1-49cc-bdec-ac6170fc7b9c	362			UBA4575						order			accepted			Bacteria	Proteobacteria	Gammaproteobacteria	UBA4575		
10893624	a97f36e5-ded1-49cc-bdec-ac6170fc7b9c	362			Immundisolibacterales		Immundisolibacterales	Immundisolibacterales			order			accepted			Bacteria	Proteobacteria	Gammaproteobacteria	Immundisolibacterales		
11127103	a97f36e5-ded1-49cc-bdec-ac6170fc7b9c	362			CAIQBE01						order			accepted			Bacteria	Proteobacteria	Gammaproteobacteria	CAIQBE01		
10717077	a97f36e5-ded1-49cc-bdec-ac6170fc7b9c	362			VBWC01						order			accepted			Bacteria	Proteobacteria	Gammaproteobacteria	VBWC01		
11165615	a97f36e5-ded1-49cc-bdec-ac6170fc7b9c	362			RKRP01						order			accepted			Bacteria	Proteobacteria	Gammaproteobacteria	RKRP01		
10698601	a97f36e5-ded1-49cc-bdec-ac6170fc7b9c	362			Diplorickettsiales		Diplorickettsiales	Diplorickettsiales			order			accepted			Bacteria	Proteobacteria	Gammaproteobacteria	Diplorickettsiales		
11498473	a97f36e5-ded1-49cc-bdec-ac6170fc7b9c	362			S141-70						order			accepted			Bacteria	Proteobacteria	Gammaproteobacteria	S141-70		
10771515	a97f36e5-ded1-49cc-bdec-ac6170fc7b9c	362			Ga0077554						order			accepted			Bacteria	Proteobacteria	Gammaproteobacteria	Ga0077554		
10672807	a97f36e5-ded1-49cc-bdec-ac6170fc7b9c	362			QNFN01						order			accepted			Bacteria	Proteobacteria	Gammaproteobacteria	QNFN01		
11923671	a97f36e5-ded1-49cc-bdec-ac6170fc7b9c	362			JABHGC01						order			accepted			Bacteria	Proteobacteria	Gammaproteobacteria	JABHGC01		
11820707	a97f36e5-ded1-49cc-bdec-ac6170fc7b9c	362			REEB76						order			accepted			Bacteria	Proteobacteria	Gammaproteobacteria	REEB76		
10840423	a97f36e5-ded1-49cc-bdec-ac6170fc7b9c	362			SAR86						order			accepted			Bacteria	Proteobacteria	Gammaproteobacteria	SAR86		
11123732	a97f36e5-ded1-49cc-bdec-ac6170fc7b9c	362			Sp		Sp	Sp			order			accepted			Bacteria	Proteobacteria	Gammaproteobacteria	Sp		
11128170	a97f36e5-ded1-49cc-bdec-ac6170fc7b9c	362			JACDCP01						order			accepted			Bacteria	Proteobacteria	Gammaproteobacteria	JACDCP01		
10683372	a97f36e5-ded1-49cc-bdec-ac6170fc7b9c	362			Evansiales		Evansiales	Evansiales			order			accepted			Bacteria	Proteobacteria	Gammaproteobacteria	Evansiales		
11439839	a97f36e5-ded1-49cc-bdec-ac6170fc7b9c	362			DRMK01						order			accepted			Bacteria	Proteobacteria	Gammaproteobacteria	DRMK01		
707	a97f36e5-ded1-49cc-bdec-ac6170fc7b9c	362			Legionellales		Legionellales	Legionellales			order			accepted			Bacteria	Proteobacteria	Gammaproteobacteria	Legionellales		
10724202	a97f36e5-ded1-49cc-bdec-ac6170fc7b9c	362			Ga0077536						order			accepted			Bacteria	Proteobacteria	Gammaproteobacteria	Ga0077536		
1474	a97f36e5-ded1-49cc-bdec-ac6170fc7b9c	362			Pseudomonadales		Pseudomonadales	Pseudomonadales			order			accepted			Bacteria	Proteobacteria	Gammaproteobacteria	Pseudomonadales		
10756714	a97f36e5-ded1-49cc-bdec-ac6170fc7b9c	362			Francisellales		Francisellales	Francisellales			order			accepted			Bacteria	Proteobacteria	Gammaproteobacteria	Francisellales		
10876395	a97f36e5-ded1-49cc-bdec-ac6170fc7b9c	362			UBA7916						order			accepted			Bacteria	Proteobacteria	Gammaproteobacteria	UBA7916		
11696092	a97f36e5-ded1-49cc-bdec-ac6170fc7b9c	362			JAAOII01						order			accepted			Bacteria	Proteobacteria	Gammaproteobacteria	JAAOII01		
11203281	a97f36e5-ded1-49cc-bdec-ac6170fc7b9c	362			JAADGQ01						order			accepted			Bacteria	Proteobacteria	Gammaproteobacteria	JAADGQ01		
11493465	a97f36e5-ded1-49cc-bdec-ac6170fc7b9c	362			CAJQNE01						order			accepted			Bacteria	Proteobacteria	Gammaproteobacteria	CAJQNE01		
10877030	a97f36e5-ded1-49cc-bdec-ac6170fc7b9c	362			Thiomicrospirales		Thiomicrospirales	Thiomicrospirales			order			accepted			Bacteria	Proteobacteria	Gammaproteobacteria	Thiomicrospirales		
11187781	a97f36e5-ded1-49cc-bdec-ac6170fc7b9c	362			JACCXJ01						order			accepted			Bacteria	Proteobacteria	Gammaproteobacteria	JACCXJ01		
11900062	a97f36e5-ded1-49cc-bdec-ac6170fc7b9c	362			DRJJ01						order			accepted			Bacteria	Proteobacteria	Gammaproteobacteria	DRJJ01		
10802866	a97f36e5-ded1-49cc-bdec-ac6170fc7b9c	362			Competibacterales		Competibacterales	Competibacterales			order			accepted			Bacteria	Proteobacteria	Gammaproteobacteria	Competibacterales		
11218078	a97f36e5-ded1-49cc-bdec-ac6170fc7b9c	362			CACJXQ01						order			accepted			Bacteria	Proteobacteria	Gammaproteobacteria	CACJXQ01		
10778132	a97f36e5-ded1-49cc-bdec-ac6170fc7b9c	362			Porisulfidales		Porisulfidales	Porisulfidales			order			accepted			Bacteria	Proteobacteria	Gammaproteobacteria	Porisulfidales		
10712073	a97f36e5-ded1-49cc-bdec-ac6170fc7b9c	362			Nevskiales		Nevskiales	Nevskiales			order			accepted			Bacteria	Proteobacteria	Gammaproteobacteria	Nevskiales		
11817923	a97f36e5-ded1-49cc-bdec-ac6170fc7b9c	362			JAFEDO01						order			accepted			Bacteria	Proteobacteria	Gammaproteobacteria	JAFEDO01		
10734026	a97f36e5-ded1-49cc-bdec-ac6170fc7b9c	362			21-64-14						order			accepted			Bacteria	Proteobacteria	Gammaproteobacteria	21-64-14		
11842749	a97f36e5-ded1-49cc-bdec-ac6170fc7b9c	362			JAGOUU01						order			accepted			Bacteria	Proteobacteria	Gammaproteobacteria	JAGOUU01		
11148340	a97f36e5-ded1-49cc-bdec-ac6170fc7b9c	362			Enterobacterales_A						order			accepted			Bacteria	Proteobacteria	Gammaproteobacteria	Enterobacterales_A		
10797448	a97f36e5-ded1-49cc-bdec-ac6170fc7b9c	362			UBA6729						order			accepted			Bacteria	Proteobacteria	Gammaproteobacteria	UBA6729		
10764554	a97f36e5-ded1-49cc-bdec-ac6170fc7b9c	362			PS1						order			accepted			Bacteria	Proteobacteria	Gammaproteobacteria	PS1		
11161004	a97f36e5-ded1-49cc-bdec-ac6170fc7b9c	362			JABCZS01						order			accepted			Bacteria	Proteobacteria	Gammaproteobacteria	JABCZS01		
10688915	a97f36e5-ded1-49cc-bdec-ac6170fc7b9c	362			HK1						order			accepted			Bacteria	Proteobacteria	Gammaproteobacteria	HK1		
10886588	a97f36e5-ded1-49cc-bdec-ac6170fc7b9c	362			PIVX01						order			accepted			Bacteria	Proteobacteria	Gammaproteobacteria	PIVX01		
11216204	a97f36e5-ded1-49cc-bdec-ac6170fc7b9c	362			DTRM01						order			accepted			Bacteria	Proteobacteria	Gammaproteobacteria	DTRM01		
10809823	a97f36e5-ded1-49cc-bdec-ac6170fc7b9c	362			UBA1113						order			accepted			Bacteria	Proteobacteria	Gammaproteobacteria	UBA1113		
667	a97f36e5-ded1-49cc-bdec-ac6170fc7b9c	362			Chromatiales		Chromatiales	Chromatiales			order			accepted			Bacteria	Proteobacteria	Gammaproteobacteria	Chromatiales		
10688653	a97f36e5-ded1-49cc-bdec-ac6170fc7b9c	362			UBA7966						order			accepted			Bacteria	Proteobacteria	Gammaproteobacteria	UBA7966		
11734629	a97f36e5-ded1-49cc-bdec-ac6170fc7b9c	362			JABXHR01						order			accepted			Bacteria	Proteobacteria	Gammaproteobacteria	JABXHR01		
11173551	a97f36e5-ded1-49cc-bdec-ac6170fc7b9c	362			JABDLF01						order			accepted			Bacteria	Proteobacteria	Gammaproteobacteria	JABDLF01		
1503	a97f36e5-ded1-49cc-bdec-ac6170fc7b9c	362			Thiotrichales		Thiotrichales	Thiotrichales			order			accepted			Bacteria	Proteobacteria	Gammaproteobacteria	Thiotrichales		
10848445	a97f36e5-ded1-49cc-bdec-ac6170fc7b9c	362			UBA11654						order			accepted			Bacteria	Proteobacteria	Gammaproteobacteria	UBA11654		
10889964	a97f36e5-ded1-49cc-bdec-ac6170fc7b9c	362			UBA12402						order			accepted			Bacteria	Proteobacteria	Gammaproteobacteria	UBA12402		
10771791	a97f36e5-ded1-49cc-bdec-ac6170fc7b9c	362			Thiohalomonadales		Thiohalomonadales	Thiohalomonadales			order			accepted			Bacteria	Proteobacteria	Gammaproteobacteria	Thiohalomonadales		
10764238	a97f36e5-ded1-49cc-bdec-ac6170fc7b9c	362			Granulosicoccales		Granulosicoccales	Granulosicoccales			order			accepted			Bacteria	Proteobacteria	Gammaproteobacteria	Granulosicoccales		
10797194	a97f36e5-ded1-49cc-bdec-ac6170fc7b9c	362			J113						order			accepted			Bacteria	Proteobacteria	Gammaproteobacteria	J113		
10777147	a97f36e5-ded1-49cc-bdec-ac6170fc7b9c	362			UBA5335						order			accepted			Bacteria	Proteobacteria	Gammaproteobacteria	UBA5335		
10893889	a97f36e5-ded1-49cc-bdec-ac6170fc7b9c	362			UBA5859						order			accepted			Bacteria	Proteobacteria	Gammaproteobacteria	UBA5859		
11884466	a97f36e5-ded1-49cc-bdec-ac6170fc7b9c	362			SMWH01						order			accepted			Bacteria	Proteobacteria	Gammaproteobacteria	SMWH01		
10673067	a97f36e5-ded1-49cc-bdec-ac6170fc7b9c	362			Thiohalorhabdales		Thiohalorhabdales	Thiohalorhabdales			order			accepted			Bacteria	Proteobacteria	Gammaproteobacteria	Thiohalorhabdales		
10695860	a97f36e5-ded1-49cc-bdec-ac6170fc7b9c	362			UBA9339						order			accepted			Bacteria	Proteobacteria	Gammaproteobacteria	UBA9339		
10871922	a97f36e5-ded1-49cc-bdec-ac6170fc7b9c	362			UBA6522						order			accepted			Bacteria	Proteobacteria	Gammaproteobacteria	UBA6522		
10681056	a97f36e5-ded1-49cc-bdec-ac6170fc7b9c	362			UBA4486						order			accepted			Bacteria	Proteobacteria	Gammaproteobacteria	UBA4486		
11813157	a97f36e5-ded1-49cc-bdec-ac6170fc7b9c	362			UBA6915						order			accepted			Bacteria	Proteobacteria	Gammaproteobacteria	UBA6915		
11183059	a97f36e5-ded1-49cc-bdec-ac6170fc7b9c	362			JAABTG01						order			accepted			Bacteria	Proteobacteria	Gammaproteobacteria	JAABTG01		
11197672	a97f36e5-ded1-49cc-bdec-ac6170fc7b9c	362			JABDGN01						order			accepted			Bacteria	Proteobacteria	Gammaproteobacteria	JABDGN01		
11486865	a97f36e5-ded1-49cc-bdec-ac6170fc7b9c	362			UBA6429						order			accepted			Bacteria	Proteobacteria	Gammaproteobacteria	UBA6429		
10795099	a97f36e5-ded1-49cc-bdec-ac6170fc7b9c	362			HTCC5015						order			accepted			Bacteria	Proteobacteria	Gammaproteobacteria	HTCC5015		
10831723	a97f36e5-ded1-49cc-bdec-ac6170fc7b9c	362			J025						order			accepted			Bacteria	Proteobacteria	Gammaproteobacteria	J025		
10977775	a97f36e5-ded1-49cc-bdec-ac6170fc7b9c	362			Arenicellales		Arenicellales	Arenicellales			order			accepted			Bacteria	Proteobacteria	Gammaproteobacteria	Arenicellales		
10761929	a97f36e5-ded1-49cc-bdec-ac6170fc7b9c	362			QZLD01						order			accepted			Bacteria	Proteobacteria	Gammaproteobacteria	QZLD01		
10851314	a97f36e5-ded1-49cc-bdec-ac6170fc7b9c	362			HP12						order			accepted			Bacteria	Proteobacteria	Gammaproteobacteria	HP12		
11565829	a97f36e5-ded1-49cc-bdec-ac6170fc7b9c	362			JACQPQ01						order			accepted			Bacteria	Proteobacteria	Gammaproteobacteria	JACQPQ01		
11190774	a97f36e5-ded1-49cc-bdec-ac6170fc7b9c	362			CAIRSR01						order			accepted			Bacteria	Proteobacteria	Gammaproteobacteria	CAIRSR01		
10881137	a97f36e5-ded1-49cc-bdec-ac6170fc7b9c	362			QNFE01						order			accepted			Bacteria	Proteobacteria	Gammaproteobacteria	QNFE01		
10686528	a97f36e5-ded1-49cc-bdec-ac6170fc7b9c	362			UBA6186						order			accepted			Bacteria	Proteobacteria	Gammaproteobacteria	UBA6186		
1394	a97f36e5-ded1-49cc-bdec-ac6170fc7b9c	362			Cardiobacteriales		Cardiobacteriales	Cardiobacteriales			order			accepted			Bacteria	Proteobacteria	Gammaproteobacteria	Cardiobacteriales		
11151187	a97f36e5-ded1-49cc-bdec-ac6170fc7b9c	362			Legionellales_A						order			accepted			Bacteria	Proteobacteria	Gammaproteobacteria	Legionellales_A		
11581521	a97f36e5-ded1-49cc-bdec-ac6170fc7b9c	362			JABURT01						order			accepted			Bacteria	Proteobacteria	Gammaproteobacteria	JABURT01		
11443231	a97f36e5-ded1-49cc-bdec-ac6170fc7b9c	362			QQUJ01						order			accepted			Bacteria	Proteobacteria	Gammaproteobacteria	QQUJ01		
11720471	a97f36e5-ded1-49cc-bdec-ac6170fc7b9c	362			XN24						order			accepted			Bacteria	Proteobacteria	Gammaproteobacteria	XN24		
11193637	a97f36e5-ded1-49cc-bdec-ac6170fc7b9c	362			Ga0077536_A						order			accepted			Bacteria	Proteobacteria	Gammaproteobacteria	Ga0077536_A		
10755580	a97f36e5-ded1-49cc-bdec-ac6170fc7b9c	362			UBA2770						order			accepted			Bacteria	Proteobacteria	Gammaproteobacteria	UBA2770		
10768406	a97f36e5-ded1-49cc-bdec-ac6170fc7b9c	362			Woeseiales		Woeseiales	Woeseiales			order			accepted			Bacteria	Proteobacteria	Gammaproteobacteria	Woeseiales		
10850791	a97f36e5-ded1-49cc-bdec-ac6170fc7b9c	362			Halothiobacillales		Halothiobacillales	Halothiobacillales			order			accepted			Bacteria	Proteobacteria	Gammaproteobacteria	Halothiobacillales		
11205358	a97f36e5-ded1-49cc-bdec-ac6170fc7b9c	362			JAADHS01						order			accepted			Bacteria	Proteobacteria	Gammaproteobacteria	JAADHS01		
11208669	a97f36e5-ded1-49cc-bdec-ac6170fc7b9c	362			J044						order			accepted			Bacteria	Proteobacteria	Gammaproteobacteria	J044		
10781209	a97f36e5-ded1-49cc-bdec-ac6170fc7b9c	362			UBA6002						order			accepted			Bacteria	Proteobacteria	Gammaproteobacteria	UBA6002		
820	a97f36e5-ded1-49cc-bdec-ac6170fc7b9c	362			Xanthomonadales		Xanthomonadales	Xanthomonadales			order			accepted			Bacteria	Proteobacteria	Gammaproteobacteria	Xanthomonadales		
10731190	a97f36e5-ded1-49cc-bdec-ac6170fc7b9c	362			PIWD01						order			accepted			Bacteria	Proteobacteria	Gammaproteobacteria	PIWD01		
11920410	a97f36e5-ded1-49cc-bdec-ac6170fc7b9c	362			S144-34						order			accepted			Bacteria	Proteobacteria	Gammaproteobacteria	S144-34		
11113849	a97f36e5-ded1-49cc-bdec-ac6170fc7b9c	362			CACEW01						order			accepted			Bacteria	Proteobacteria	Gammaproteobacteria	CACEW01		
10789851	a97f36e5-ded1-49cc-bdec-ac6170fc7b9c	362			Nitrococcales		Nitrococcales	Nitrococcales			order			accepted			Bacteria	Proteobacteria	Gammaproteobacteria	Nitrococcales		
11148261	a97f36e5-ded1-49cc-bdec-ac6170fc7b9c	362			CAISUE01						order			accepted			Bacteria	Proteobacteria	Gammaproteobacteria	CAISUE01		
11637800	a97f36e5-ded1-49cc-bdec-ac6170fc7b9c	362			WFUO01						order			accepted			Bacteria	Proteobacteria	Gammaproteobacteria	WFUO01		
10846280	a97f36e5-ded1-49cc-bdec-ac6170fc7b9c	362			Tenderiales		Tenderiales	Tenderiales			order			accepted			Bacteria	Proteobacteria	Gammaproteobacteria	Tenderiales		
11829035	a97f36e5-ded1-49cc-bdec-ac6170fc7b9c	362			JAADHQ01						order			accepted			Bacteria	Proteobacteria	Gammaproteobacteria	JAADHQ01		
10801383	a97f36e5-ded1-49cc-bdec-ac6170fc7b9c	362			Enterobacterales		Enterobacterales	Enterobacterales			order			accepted			Bacteria	Proteobacteria	Gammaproteobacteria	Enterobacterales		
648	a97f36e5-ded1-49cc-bdec-ac6170fc7b9c	362			Burkholderiales		Burkholderiales	Burkholderiales			order			accepted			Bacteria	Proteobacteria	Gammaproteobacteria	Burkholderiales		
11170859	a97f36e5-ded1-49cc-bdec-ac6170fc7b9c	362			MnTg04						order			accepted			Bacteria	Proteobacteria	Gammaproteobacteria	MnTg04		
10891068	a97f36e5-ded1-49cc-bdec-ac6170fc7b9c	362			Coxiellales		Coxiellales	Coxiellales			order			accepted			Bacteria	Proteobacteria	Gammaproteobacteria	Coxiellales		
10763686	a97f36e5-ded1-49cc-bdec-ac6170fc7b9c	362			Nitrosococcales		Nitrosococcales	Nitrosococcales			order			accepted			Bacteria	Proteobacteria	Gammaproteobacteria	Nitrosococcales		
11930714	a97f36e5-ded1-49cc-bdec-ac6170fc7b9c	362			JAADJB01						order			accepted			Bacteria	Proteobacteria	Gammaproteobacteria	JAADJB01		
10876883	a97f36e5-ded1-49cc-bdec-ac6170fc7b9c	362			AqS3						order			accepted			Bacteria	Proteobacteria	Gammaproteobacteria	AqS3		
10890922	a97f36e5-ded1-49cc-bdec-ac6170fc7b9c	362			Thiohalobacterales		Thiohalobacterales	Thiohalobacterales			order			accepted			Bacteria	Proteobacteria	Gammaproteobacteria	Thiohalobacterales		
11640143	a97f36e5-ded1-49cc-bdec-ac6170fc7b9c	362			S140-43						order			accepted			Bacteria	Proteobacteria	Gammaproteobacteria	S140-43		
11771538	a97f36e5-ded1-49cc-bdec-ac6170fc7b9c	362			JADJWH01						order			accepted			Bacteria	Proteobacteria	Gammaproteobacteria	JADJWH01		
10849496	a97f36e5-ded1-49cc-bdec-ac6170fc7b9c	362			Berkiellales		Berkiellales	Berkiellales			order			accepted			Bacteria	Proteobacteria	Gammaproteobacteria	Berkiellales		
10825628	a97f36e5-ded1-49cc-bdec-ac6170fc7b9c	362			AqS2						order			accepted			Bacteria	Proteobacteria	Gammaproteobacteria	AqS2		
11193311	a97f36e5-ded1-49cc-bdec-ac6170fc7b9c	362			JABABF01						order			accepted			Bacteria	Proteobacteria	Gammaproteobacteria	JABABF01		
1386	a97f36e5-ded1-49cc-bdec-ac6170fc7b9c	362			Acidithiobacillales		Acidithiobacillales	Acidithiobacillales			order			accepted			Bacteria	Proteobacteria	Gammaproteobacteria	Acidithiobacillales		
11660441	a97f36e5-ded1-49cc-bdec-ac6170fc7b9c	362			JACCYU01						order			accepted			Bacteria	Proteobacteria	Gammaproteobacteria	JACCYU01		
11641042	a97f36e5-ded1-49cc-bdec-ac6170fc7b9c	362			RI-283						order			accepted			Bacteria	Proteobacteria	Gammaproteobacteria	RI-283		
11709970	a97f36e5-ded1-49cc-bdec-ac6170fc7b9c	362			J048						order			accepted			Bacteria	Proteobacteria	Gammaproteobacteria	J048		
11696892	a97f36e5-ded1-49cc-bdec-ac6170fc7b9c	362			JAHJQQ01						order			accepted			Bacteria	Proteobacteria	Gammaproteobacteria	JAHJQQ01		
852	a97f36e5-ded1-49cc-bdec-ac6170fc7b9c	362			Beggiatoales		Beggiatoales	Beggiatoales			order			accepted			Bacteria	Proteobacteria	Gammaproteobacteria	Beggiatoales		
706	a97f36e5-ded1-49cc-bdec-ac6170fc7b9c	362			Methylococcales		Methylococcales	Methylococcales			order			accepted			Bacteria	Proteobacteria	Gammaproteobacteria	Methylococcales		
11515179	a97f36e5-ded1-49cc-bdec-ac6170fc7b9c	362			SKWO01						order			accepted			Bacteria	Proteobacteria	Gammaproteobacteria	SKWO01		
10801745	a97f36e5-ded1-49cc-bdec-ac6170fc7b9c	362			Acidiferrobacterales		Acidiferrobacterales	Acidiferrobacterales			order			accepted			Bacteria	Proteobacteria	Gammaproteobacteria	Acidiferrobacterales		
10700392	a97f36e5-ded1-49cc-bdec-ac6170fc7b9c	362			Piscirickettsiales		Piscirickettsiales	Piscirickettsiales			order			accepted			Bacteria	Proteobacteria	Gammaproteobacteria	Piscirickettsiales		
11143581	a97f36e5-ded1-49cc-bdec-ac6170fc7b9c	362			JABDMI01						order			accepted			Bacteria	Proteobacteria	Gammaproteobacteria	JABDMI01		
11579646	a97f36e5-ded1-49cc-bdec-ac6170fc7b9c	362			SG8-11						order			accepted			Bacteria	Proteobacteria	Gammaproteobacteria	SG8-11		
10839694	a97f36e5-ded1-49cc-bdec-ac6170fc7b9c	362			BM003						order			accepted			Bacteria	Proteobacteria	Gammaproteobacteria	BM003		
11190902	a97f36e5-ded1-49cc-bdec-ac6170fc7b9c	362			WLWR01						order			accepted			Bacteria	Proteobacteria	Gammaproteobacteria	WLWR01		
10764677	a97f36e5-ded1-49cc-bdec-ac6170fc7b9c	362			AKS1						order			accepted			Bacteria	Proteobacteria	Gammaproteobacteria	AKS1		
10812498	a97f36e5-ded1-49cc-bdec-ac6170fc7b9c	362			PWYM01						order			accepted			Bacteria	Proteobacteria	Gammaproteobacteria	PWYM01		
11618387	a97f36e5-ded1-49cc-bdec-ac6170fc7b9c	362			UBA9214						order			accepted			Bacteria	Proteobacteria	Gammaproteobacteria	UBA9214		
10746066	a97f36e5-ded1-49cc-bdec-ac6170fc7b9c	362			SLND01						order			accepted			Bacteria	Proteobacteria	Gammaproteobacteria	SLND01		
11532378	a97f36e5-ded1-49cc-bdec-ac6170fc7b9c	362			JACREF01						order			accepted			Bacteria	Proteobacteria	Gammaproteobacteria	JACREF01		
10714036	a97f36e5-ded1-49cc-bdec-ac6170fc7b9c	362			Ectothiorhodospirales		Ectothiorhodospirales	Ectothiorhodospirales			order			accepted			Bacteria	Proteobacteria	Gammaproteobacteria	Ectothiorhodospirales		
11923055	a97f36e5-ded1-49cc-bdec-ac6170fc7b9c	362			M30B25						order			accepted			Bacteria	Proteobacteria	Gammaproteobacteria	M30B25		
10720106	a97f36e5-ded1-49cc-bdec-ac6170fc7b9c	362			Steroidobacterales		Steroidobacterales	Steroidobacterales			order			accepted			Bacteria	Proteobacteria	Gammaproteobacteria	Steroidobacterales		
10807149	a97f36e5-ded1-49cc-bdec-ac6170fc7b9c	362			Thiohalospirales		Thiohalospirales	Thiohalospirales			order			accepted			Bacteria	Proteobacteria	Gammaproteobacteria	Thiohalospirales		
11449048	a97f36e5-ded1-49cc-bdec-ac6170fc7b9c	362			JAGOUN01						order			accepted			Bacteria	Proteobacteria	Gammaproteobacteria	JAGOUN01		
10793669	a97f36e5-ded1-49cc-bdec-ac6170fc7b9c	362			XJ16						order			accepted			Bacteria	Proteobacteria	Gammaproteobacteria	XJ16		
11214782	a97f36e5-ded1-49cc-bdec-ac6170fc7b9c	362			DRLM01						order			accepted			Bacteria	Proteobacteria	Gammaproteobacteria	DRLM01		
7544116	a97f36e5-ded1-49cc-bdec-ac6170fc7b9c	7958261			Mariprofundales		Mariprofundales	Mariprofundales			order			accepted			Bacteria	Proteobacteria	Zetaproteobacteria	Mariprofundales		
10803446	a97f36e5-ded1-49cc-bdec-ac6170fc7b9c	7958261			CG1-02-64-396						order			accepted			Bacteria	Proteobacteria	Zetaproteobacteria	CG1-02-64-396		
10843968	a97f36e5-ded1-49cc-bdec-ac6170fc7b9c	197			Parvibaculales		Parvibaculales	Parvibaculales			order			accepted			Bacteria	Proteobacteria	Alphaproteobacteria	Parvibaculales		
10721376	a97f36e5-ded1-49cc-bdec-ac6170fc7b9c	197			Dongiales		Dongiales	Dongiales			order			accepted			Bacteria	Proteobacteria	Alphaproteobacteria	Dongiales		
10835893	a97f36e5-ded1-49cc-bdec-ac6170fc7b9c	197			UBA3830						order			accepted			Bacteria	Proteobacteria	Alphaproteobacteria	UBA3830		
11919276	a97f36e5-ded1-49cc-bdec-ac6170fc7b9c	197			JACQOE01						order			accepted			Bacteria	Proteobacteria	Alphaproteobacteria	JACQOE01		
11117289	a97f36e5-ded1-49cc-bdec-ac6170fc7b9c	197			UBA8317						order			accepted			Bacteria	Proteobacteria	Alphaproteobacteria	UBA8317		
10727366	a97f36e5-ded1-49cc-bdec-ac6170fc7b9c	197			UBA6184						order			accepted			Bacteria	Proteobacteria	Alphaproteobacteria	UBA6184		
10797377	a97f36e5-ded1-49cc-bdec-ac6170fc7b9c	197			RF32						order			accepted			Bacteria	Proteobacteria	Alphaproteobacteria	RF32		
11430593	a97f36e5-ded1-49cc-bdec-ac6170fc7b9c	197			JAEUKQ01						order			accepted			Bacteria	Proteobacteria	Alphaproteobacteria	JAEUKQ01		
10760998	a97f36e5-ded1-49cc-bdec-ac6170fc7b9c	197			UBA6615						order			accepted			Bacteria	Proteobacteria	Alphaproteobacteria	UBA6615		
10756781	a97f36e5-ded1-49cc-bdec-ac6170fc7b9c	197			Oceanibaculales		Oceanibaculales	Oceanibaculales			order			accepted			Bacteria	Proteobacteria	Alphaproteobacteria	Oceanibaculales		
10752561	a97f36e5-ded1-49cc-bdec-ac6170fc7b9c	197			Bin95						order			accepted			Bacteria	Proteobacteria	Alphaproteobacteria	Bin95		
11155879	a97f36e5-ded1-49cc-bdec-ac6170fc7b9c	197			Rhizobiales_A						order			accepted			Bacteria	Proteobacteria	Alphaproteobacteria	Rhizobiales_A		
10686037	a97f36e5-ded1-49cc-bdec-ac6170fc7b9c	197			Azospirillales		Azospirillales	Azospirillales			order			accepted			Bacteria	Proteobacteria	Alphaproteobacteria	Azospirillales		
11125683	a97f36e5-ded1-49cc-bdec-ac6170fc7b9c	197			SHVW01						order			accepted			Bacteria	Proteobacteria	Alphaproteobacteria	SHVW01		
11152736	a97f36e5-ded1-49cc-bdec-ac6170fc7b9c	197			UBA11073						order			accepted			Bacteria	Proteobacteria	Alphaproteobacteria	UBA11073		
11208048	a97f36e5-ded1-49cc-bdec-ac6170fc7b9c	197			VXPW01						order			accepted			Bacteria	Proteobacteria	Alphaproteobacteria	VXPW01		
10881554	a97f36e5-ded1-49cc-bdec-ac6170fc7b9c	197			Puniceispirillales		Puniceispirillales	Puniceispirillales			order			accepted			Bacteria	Proteobacteria	Alphaproteobacteria	Puniceispirillales		
11174905	a97f36e5-ded1-49cc-bdec-ac6170fc7b9c	197			SMXS01						order			accepted			Bacteria	Proteobacteria	Alphaproteobacteria	SMXS01		
10757469	a97f36e5-ded1-49cc-bdec-ac6170fc7b9c	197			Elsterales		Elsterales	Elsterales			order			accepted			Bacteria	Proteobacteria	Alphaproteobacteria	Elsterales		
11192480	a97f36e5-ded1-49cc-bdec-ac6170fc7b9c	197			CAISDR01						order			accepted			Bacteria	Proteobacteria	Alphaproteobacteria	CAISDR01		
10798274	a97f36e5-ded1-49cc-bdec-ac6170fc7b9c	197			UBA828						order			accepted			Bacteria	Proteobacteria	Alphaproteobacteria	UBA828		
11816575	a97f36e5-ded1-49cc-bdec-ac6170fc7b9c	197			JAGPBS01						order			accepted			Bacteria	Proteobacteria	Alphaproteobacteria	JAGPBS01		
11121969	a97f36e5-ded1-49cc-bdec-ac6170fc7b9c	197			WRAU01						order			accepted			Bacteria	Proteobacteria	Alphaproteobacteria	WRAU01		
11193509	a97f36e5-ded1-49cc-bdec-ac6170fc7b9c	197			MPNO01						order			accepted			Bacteria	Proteobacteria	Alphaproteobacteria	MPNO01		
8006284	a97f36e5-ded1-49cc-bdec-ac6170fc7b9c	197			Kiloniellales		Kiloniellales	Kiloniellales			order			accepted			Bacteria	Proteobacteria	Alphaproteobacteria	Kiloniellales		
11112113	a97f36e5-ded1-49cc-bdec-ac6170fc7b9c	197			SHVV01						order			accepted			Bacteria	Proteobacteria	Alphaproteobacteria	SHVV01		
11151893	a97f36e5-ded1-49cc-bdec-ac6170fc7b9c	197			JACAEB01						order			accepted			Bacteria	Proteobacteria	Alphaproteobacteria	JACAEB01		
10728783	a97f36e5-ded1-49cc-bdec-ac6170fc7b9c	197			UBA1280						order			accepted			Bacteria	Proteobacteria	Alphaproteobacteria	UBA1280		
10787619	a97f36e5-ded1-49cc-bdec-ac6170fc7b9c	197			UBA8366						order			accepted			Bacteria	Proteobacteria	Alphaproteobacteria	UBA8366		
11161158	a97f36e5-ded1-49cc-bdec-ac6170fc7b9c	197			SHVP01						order			accepted			Bacteria	Proteobacteria	Alphaproteobacteria	SHVP01		
10804297	a97f36e5-ded1-49cc-bdec-ac6170fc7b9c	197			UBA11222						order			accepted			Bacteria	Proteobacteria	Alphaproteobacteria	UBA11222		
10873260	a97f36e5-ded1-49cc-bdec-ac6170fc7b9c	197			Tistrellales		Tistrellales	Tistrellales			order			accepted			Bacteria	Proteobacteria	Alphaproteobacteria	Tistrellales		
10827562	a97f36e5-ded1-49cc-bdec-ac6170fc7b9c	197			Thalassobaculales		Thalassobaculales	Thalassobaculales			order			accepted			Bacteria	Proteobacteria	Alphaproteobacteria	Thalassobaculales		
10792203	a97f36e5-ded1-49cc-bdec-ac6170fc7b9c	197			TMED127						order			accepted			Bacteria	Proteobacteria	Alphaproteobacteria	TMED127		
10744609	a97f36e5-ded1-49cc-bdec-ac6170fc7b9c	197			TMED109						order			accepted			Bacteria	Proteobacteria	Alphaproteobacteria	TMED109		
10861115	a97f36e5-ded1-49cc-bdec-ac6170fc7b9c	197			SHNJ01						order			accepted			Bacteria	Proteobacteria	Alphaproteobacteria	SHNJ01		
10674667	a97f36e5-ded1-49cc-bdec-ac6170fc7b9c	197			UBA2562						order			accepted			Bacteria	Proteobacteria	Alphaproteobacteria	UBA2562		
10855460	a97f36e5-ded1-49cc-bdec-ac6170fc7b9c	197			16-39-46						order			accepted			Bacteria	Proteobacteria	Alphaproteobacteria	16-39-46		
11213416	a97f36e5-ded1-49cc-bdec-ac6170fc7b9c	197			SHVR01						order			accepted			Bacteria	Proteobacteria	Alphaproteobacteria	SHVR01		
10888510	a97f36e5-ded1-49cc-bdec-ac6170fc7b9c	197			ATCC43930						order			accepted			Bacteria	Proteobacteria	Alphaproteobacteria	ATCC43930		
11848642	a97f36e5-ded1-49cc-bdec-ac6170fc7b9c	197			VGDZ01						order			accepted			Bacteria	Proteobacteria	Alphaproteobacteria	VGDZ01		
10752978	a97f36e5-ded1-49cc-bdec-ac6170fc7b9c	197			Ferrovibrionales		Ferrovibrionales	Ferrovibrionales			order			accepted			Bacteria	Proteobacteria	Alphaproteobacteria	Ferrovibrionales		
11117305	a97f36e5-ded1-49cc-bdec-ac6170fc7b9c	197			CADEGL01						order			accepted			Bacteria	Proteobacteria	Alphaproteobacteria	CADEGL01		
10884710	a97f36e5-ded1-49cc-bdec-ac6170fc7b9c	197			Reyranellales		Reyranellales	Reyranellales			order			accepted			Bacteria	Proteobacteria	Alphaproteobacteria	Reyranellales		
11136177	a97f36e5-ded1-49cc-bdec-ac6170fc7b9c	197			CAIVPW01						order			accepted			Bacteria	Proteobacteria	Alphaproteobacteria	CAIVPW01		
10695783	a97f36e5-ded1-49cc-bdec-ac6170fc7b9c	197			UBA11136						order			accepted			Bacteria	Proteobacteria	Alphaproteobacteria	UBA11136		
10699480	a97f36e5-ded1-49cc-bdec-ac6170fc7b9c	197			HIMB59						order			accepted			Bacteria	Proteobacteria	Alphaproteobacteria	HIMB59		
10878705	a97f36e5-ded1-49cc-bdec-ac6170fc7b9c	197			UBA9655						order			accepted			Bacteria	Proteobacteria	Alphaproteobacteria	UBA9655		
10857455	a97f36e5-ded1-49cc-bdec-ac6170fc7b9c	197			Minwuiales		Minwuiales	Minwuiales			order			accepted			Bacteria	Proteobacteria	Alphaproteobacteria	Minwuiales		
647	a97f36e5-ded1-49cc-bdec-ac6170fc7b9c	197			Sphingomonadales		Sphingomonadales	Sphingomonadales			order			accepted			Bacteria	Proteobacteria	Alphaproteobacteria	Sphingomonadales		
11180169	a97f36e5-ded1-49cc-bdec-ac6170fc7b9c	197			Micropepsales		Micropepsales	Micropepsales			order			accepted			Bacteria	Proteobacteria	Alphaproteobacteria	Micropepsales		
10689376	a97f36e5-ded1-49cc-bdec-ac6170fc7b9c	197			Geminicoccales		Geminicoccales	Geminicoccales			order			accepted			Bacteria	Proteobacteria	Alphaproteobacteria	Geminicoccales		
1223	a97f36e5-ded1-49cc-bdec-ac6170fc7b9c	197			Rhodospirillales		Rhodospirillales	Rhodospirillales			order			accepted			Bacteria	Proteobacteria	Alphaproteobacteria	Rhodospirillales		
10852240	a97f36e5-ded1-49cc-bdec-ac6170fc7b9c	197			UBA8558						order			accepted			Bacteria	Proteobacteria	Alphaproteobacteria	UBA8558		
11140889	a97f36e5-ded1-49cc-bdec-ac6170fc7b9c	197			SHVZ01						order			accepted			Bacteria	Proteobacteria	Alphaproteobacteria	SHVZ01		
10890775	a97f36e5-ded1-49cc-bdec-ac6170fc7b9c	197			UBA7985						order			accepted			Bacteria	Proteobacteria	Alphaproteobacteria	UBA7985		
11664151	a97f36e5-ded1-49cc-bdec-ac6170fc7b9c	197			JAEULF01						order			accepted			Bacteria	Proteobacteria	Alphaproteobacteria	JAEULF01		
1222	a97f36e5-ded1-49cc-bdec-ac6170fc7b9c	197			Rhodobacterales		Rhodobacterales	Rhodobacterales			order			accepted			Bacteria	Proteobacteria	Alphaproteobacteria	Rhodobacterales		
1221	a97f36e5-ded1-49cc-bdec-ac6170fc7b9c	197			Rhizobiales		Rhizobiales	Rhizobiales			order			accepted			Bacteria	Proteobacteria	Alphaproteobacteria	Rhizobiales		
10756698	a97f36e5-ded1-49cc-bdec-ac6170fc7b9c	197			SMXP01						order			accepted			Bacteria	Proteobacteria	Alphaproteobacteria	SMXP01		
11874568	a97f36e5-ded1-49cc-bdec-ac6170fc7b9c	197			TMED2						order			accepted			Bacteria	Proteobacteria	Alphaproteobacteria	TMED2		
11201048	a97f36e5-ded1-49cc-bdec-ac6170fc7b9c	197			JAAXGF01						order			accepted			Bacteria	Proteobacteria	Alphaproteobacteria	JAAXGF01		
11204013	a97f36e5-ded1-49cc-bdec-ac6170fc7b9c	197			SHWA01						order			accepted			Bacteria	Proteobacteria	Alphaproteobacteria	SHWA01		
10855049	a97f36e5-ded1-49cc-bdec-ac6170fc7b9c	197			Caedimonadales		Caedimonadales	Caedimonadales			order			accepted			Bacteria	Proteobacteria	Alphaproteobacteria	Caedimonadales		
11172987	a97f36e5-ded1-49cc-bdec-ac6170fc7b9c	197			Rhizobiales_B						order			accepted			Bacteria	Proteobacteria	Alphaproteobacteria	Rhizobiales_B		
10705976	a97f36e5-ded1-49cc-bdec-ac6170fc7b9c	197			Micavibrionales		Micavibrionales	Micavibrionales			order			accepted			Bacteria	Proteobacteria	Alphaproteobacteria	Micavibrionales		
11114364	a97f36e5-ded1-49cc-bdec-ac6170fc7b9c	197			RUG11792						order			accepted			Bacteria	Proteobacteria	Alphaproteobacteria	RUG11792		
646	a97f36e5-ded1-49cc-bdec-ac6170fc7b9c	197			Rickettsiales		Rickettsiales	Rickettsiales			order			accepted			Bacteria	Proteobacteria	Alphaproteobacteria	Rickettsiales		
10841961	a97f36e5-ded1-49cc-bdec-ac6170fc7b9c	197			43-37						order			accepted			Bacteria	Proteobacteria	Alphaproteobacteria	43-37		
11762494	a97f36e5-ded1-49cc-bdec-ac6170fc7b9c	197			UBA1247						order			accepted			Bacteria	Proteobacteria	Alphaproteobacteria	UBA1247		
11669505	a97f36e5-ded1-49cc-bdec-ac6170fc7b9c	197			JAEULC01						order			accepted			Bacteria	Proteobacteria	Alphaproteobacteria	JAEULC01		
10865953	a97f36e5-ded1-49cc-bdec-ac6170fc7b9c	197			Bin98						order			accepted			Bacteria	Proteobacteria	Alphaproteobacteria	Bin98		
10829497	a97f36e5-ded1-49cc-bdec-ac6170fc7b9c	197			SPJN01						order			accepted			Bacteria	Proteobacteria	Alphaproteobacteria	SPJN01		
10717152	a97f36e5-ded1-49cc-bdec-ac6170fc7b9c	197			Zavarziniales		Zavarziniales	Zavarziniales			order			accepted			Bacteria	Proteobacteria	Alphaproteobacteria	Zavarziniales		
10742767	a97f36e5-ded1-49cc-bdec-ac6170fc7b9c	197			Acetobacterales		Acetobacterales	Acetobacterales			order			accepted			Bacteria	Proteobacteria	Alphaproteobacteria	Acetobacterales		
10790396	a97f36e5-ded1-49cc-bdec-ac6170fc7b9c	197			UBA7879						order			accepted			Bacteria	Proteobacteria	Alphaproteobacteria	UBA7879		
11202362	a97f36e5-ded1-49cc-bdec-ac6170fc7b9c	197			JABSOH01						order			accepted			Bacteria	Proteobacteria	Alphaproteobacteria	JABSOH01		
10835472	a97f36e5-ded1-49cc-bdec-ac6170fc7b9c	197			Bin65						order			accepted			Bacteria	Proteobacteria	Alphaproteobacteria	Bin65		
10720949	a97f36e5-ded1-49cc-bdec-ac6170fc7b9c	197			SMXQ01						order			accepted			Bacteria	Proteobacteria	Alphaproteobacteria	SMXQ01		
8196483	a97f36e5-ded1-49cc-bdec-ac6170fc7b9c	197			Sneathiellales		Sneathiellales	Sneathiellales			order			accepted			Bacteria	Proteobacteria	Alphaproteobacteria	Sneathiellales		
10732300	a97f36e5-ded1-49cc-bdec-ac6170fc7b9c	197			SP197						order			accepted			Bacteria	Proteobacteria	Alphaproteobacteria	SP197		
11192892	a97f36e5-ded1-49cc-bdec-ac6170fc7b9c	197			UBA2400						order			accepted			Bacteria	Proteobacteria	Alphaproteobacteria	UBA2400		
10782328	a97f36e5-ded1-49cc-bdec-ac6170fc7b9c	197			UBA2966						order			accepted			Bacteria	Proteobacteria	Alphaproteobacteria	UBA2966		
11162473	a97f36e5-ded1-49cc-bdec-ac6170fc7b9c	197			GM7ARS4						order			accepted			Bacteria	Proteobacteria	Alphaproteobacteria	GM7ARS4		
10851379	a97f36e5-ded1-49cc-bdec-ac6170fc7b9c	197			Holosporales		Holosporales	Holosporales			order			accepted			Bacteria	Proteobacteria	Alphaproteobacteria	Holosporales		
11715300	a97f36e5-ded1-49cc-bdec-ac6170fc7b9c	197			UBA9219						order			accepted			Bacteria	Proteobacteria	Alphaproteobacteria	UBA9219		
11185279	a97f36e5-ded1-49cc-bdec-ac6170fc7b9c	197			SHVT01						order			accepted			Bacteria	Proteobacteria	Alphaproteobacteria	SHVT01		
10886678	a97f36e5-ded1-49cc-bdec-ac6170fc7b9c	197			Paracaedibacterales		Paracaedibacterales	Paracaedibacterales			order			accepted			Bacteria	Proteobacteria	Alphaproteobacteria	Paracaedibacterales		
10695371	a97f36e5-ded1-49cc-bdec-ac6170fc7b9c	197			MC1						order			accepted			Bacteria	Proteobacteria	Alphaproteobacteria	MC1		
11169749	a97f36e5-ded1-49cc-bdec-ac6170fc7b9c	197			CAISOG01						order			accepted			Bacteria	Proteobacteria	Alphaproteobacteria	CAISOG01		
10838730	a97f36e5-ded1-49cc-bdec-ac6170fc7b9c	197			Pelagibacterales		Pelagibacterales	Pelagibacterales			order			accepted			Bacteria	Proteobacteria	Alphaproteobacteria	Pelagibacterales		
1219	a97f36e5-ded1-49cc-bdec-ac6170fc7b9c	197			Caulobacterales		Caulobacterales	Caulobacterales			order			accepted			Bacteria	Proteobacteria	Alphaproteobacteria	Caulobacterales		
10839623	a97f36e5-ded1-49cc-bdec-ac6170fc7b9c	197			UBA7887						order			accepted			Bacteria	Proteobacteria	Alphaproteobacteria	UBA7887		
10721865	a97f36e5-ded1-49cc-bdec-ac6170fc7b9c	10793743			Magnetococcales		Magnetococcales	Magnetococcales			order			accepted			Bacteria	Proteobacteria	Magnetococcia	Magnetococcales		
11915947	a97f36e5-ded1-49cc-bdec-ac6170fc7b9c	11516552			Anaeroferrophillales		Anaeroferrophillales	Anaeroferrophillales			order			accepted			Bacteria	Desulfobacterota_C	Anaeroferrophillalia	Anaeroferrophillales		
11196667	a97f36e5-ded1-49cc-bdec-ac6170fc7b9c	11112453			Deferrisomatales		Deferrisomatales	Deferrisomatales			order			accepted			Bacteria	Desulfobacterota_C	Deferrisomatia	Deferrisomatales		
10831509	7ddf754f-d193-4cc9-b351-99906754a03b	10684026			Wolframvirales		Wolframvirales	Wolframvirales			order			accepted			Viruses	Lenarviricota	Amabiliviricetes	Wolframvirales		
10735216	7ddf754f-d193-4cc9-b351-99906754a03b	10888694			Ourlivirales		Ourlivirales	Ourlivirales			order			accepted			Viruses	Lenarviricota	Miaviricetes	Ourlivirales		
11473350	7ddf754f-d193-4cc9-b351-99906754a03b	11856567			Timlovirales		Timlovirales	Timlovirales			order			accepted			Viruses	Lenarviricota	Leviviricetes	Timlovirales		
11762534	7ddf754f-d193-4cc9-b351-99906754a03b	11856567			Norzivirales		Norzivirales	Norzivirales			order			accepted			Viruses	Lenarviricota	Leviviricetes	Norzivirales		
10677955	7ddf754f-d193-4cc9-b351-99906754a03b	10853472			Cryppavirales		Cryppavirales	Cryppavirales			order			accepted			Viruses	Lenarviricota	Howeltoviricetes	Cryppavirales		
10744883	a97f36e5-ded1-49cc-bdec-ac6170fc7b9c	10770556			Balneolales		Balneolales	Balneolales			order			accepted			Bacteria	Bacteroidota	Rhodothermia	Balneolales		
10747176	a97f36e5-ded1-49cc-bdec-ac6170fc7b9c	10770556			Rhodothermales		Rhodothermales	Rhodothermales			order			accepted			Bacteria	Bacteroidota	Rhodothermia	Rhodothermales		
1465	7ddf754f-d193-4cc9-b351-99906754a03b	221			Arbacioida		Arbacioida	Arbacioida			order			accepted			Animalia	Echinodermata	Echinoidea	Arbacioida		
1469	7ddf754f-d193-4cc9-b351-99906754a03b	221			Pedinoida		Pedinoida	Pedinoida			order			accepted			Animalia	Echinodermata	Echinoidea	Pedinoida		
5964585	7ddf754f-d193-4cc9-b351-99906754a03b	221			Aspidodiadematoida		Aspidodiadematoida	Aspidodiadematoida			order			accepted			Animalia	Echinodermata	Echinoidea	Aspidodiadematoida		
814	7ddf754f-d193-4cc9-b351-99906754a03b	221			Clypeasteroida		Clypeasteroida	Clypeasteroida			order		Agassiz, & A. (1872). Revision of the Echini. Illustrated Catalogue of the Museum of Comparative Zoölogy at Harvard College, vol. 7: pt. 1–2: i–xii, 1–378, pls. 1–49 (1872); pt. 3: 379–628+1, pls. 50–77 (1873); pt. 4: 629–762, pls. 78–94 (1874). https://www.marinespecies.org/echinoidea/aphia.php?p=sourcedetails&id=6507	accepted			Animalia	Echinodermata	Echinoidea	Clypeasteroida		
5964707	7ddf754f-d193-4cc9-b351-99906754a03b	221			Camarodonta		Camarodonta	Camarodonta			order			accepted			Animalia	Echinodermata	Echinoidea	Camarodonta		
817	7ddf754f-d193-4cc9-b351-99906754a03b	221			Salenioida		Salenioida	Salenioida			order			accepted			Animalia	Echinodermata	Echinoidea	Salenioida		
5964522	7ddf754f-d193-4cc9-b351-99906754a03b	221			Holasteroida		Holasteroida	Holasteroida			order			accepted			Animalia	Echinodermata	Echinoidea	Holasteroida		
5965814	7ddf754f-d193-4cc9-b351-99906754a03b	221			Stomopneustoida		Stomopneustoida	Stomopneustoida			order			accepted			Animalia	Echinodermata	Echinoidea	Stomopneustoida		
1471	7ddf754f-d193-4cc9-b351-99906754a03b	221			Spatangoida		Spatangoida	Spatangoida			order			accepted			Animalia	Echinodermata	Echinoidea	Spatangoida		
815	7ddf754f-d193-4cc9-b351-99906754a03b	221			Echinothurioida		Echinothurioida	Echinothurioida			order			accepted			Animalia	Echinodermata	Echinoidea	Echinothurioida		
8672417	7ddf754f-d193-4cc9-b351-99906754a03b	221			Phymosomatoida		Phymosomatoida	Phymosomatoida			order			accepted			Animalia	Echinodermata	Echinoidea	Phymosomatoida		
5965821	7ddf754f-d193-4cc9-b351-99906754a03b	221			Echinoneoida		Echinoneoida	Echinoneoida			order			accepted			Animalia	Echinodermata	Echinoidea	Echinoneoida		
5964573	7ddf754f-d193-4cc9-b351-99906754a03b	221			Micropygoida		Micropygoida	Micropygoida			order			accepted			Animalia	Echinodermata	Echinoidea	Micropygoida		
11919486	7ddf754f-d193-4cc9-b351-99906754a03b	221			Echinolampadacea		Echinolampadacea	Echinolampadacea			order		Mongiardino Koch, N., Coppard, S. E., Lessios, H. A., Briggs, D. E. G., Mooi, R., & Rouse, G. W. (2018). A phylogenomic resolution of the sea urchin tree of life. BMC Evolutionary Biology, 18(1). https://doi.org/10.1186/s12862-018-1300-4	accepted			Animalia	Echinodermata	Echinoidea	Echinolampadacea		
12171793	7ddf754f-d193-4cc9-b351-99906754a03b	221			Bothriocidaroida		Bothriocidaroida	Bothriocidaroida			order			accepted			Animalia	Echinodermata	Echinoidea	Bothriocidaroida		
8472748	7ddf754f-d193-4cc9-b351-99906754a03b	221			Holectypoida		Holectypoida	Holectypoida			order			accepted			Animalia	Echinodermata	Echinoidea	Holectypoida		
11190426	7ddf754f-d193-4cc9-b351-99906754a03b	221			Triadotiaroida		Triadotiaroida	Triadotiaroida			order			accepted			Animalia	Echinodermata	Echinoidea	Triadotiaroida		
1467	7ddf754f-d193-4cc9-b351-99906754a03b	221			Cidaroida		Cidaroida	Cidaroida			order			accepted			Animalia	Echinodermata	Echinoidea	Cidaroida		
1468	7ddf754f-d193-4cc9-b351-99906754a03b	221			Diadematoida		Diadematoida	Diadematoida			order			accepted			Animalia	Echinodermata	Echinoidea	Diadematoida		
11202995	a97f36e5-ded1-49cc-bdec-ac6170fc7b9c	7498440			NS11-12g						order			accepted			Bacteria	Bacteroidota	Bacteroidia	NS11-12g		
10728632	a97f36e5-ded1-49cc-bdec-ac6170fc7b9c	7498440			Chitinophagales		Chitinophagales	Chitinophagales			order			accepted			Bacteria	Bacteroidota	Bacteroidia	Chitinophagales		
11424259	7ddf754f-d193-4cc9-b351-99906754a03b	214			Euaxosida		Euaxosida	Euaxosida			order		Blake, D. B. (2018). Toward a History of the Paleozoic Asteroidea. Bulletins of American Paleontology, 394: 1–96. https://www.marinespecies.org/asteroidea/aphia.php?p=sourcedetails&id=420820	accepted			Animalia	Echinodermata	Asteroidea	Euaxosida		
11687540	7ddf754f-d193-4cc9-b351-99906754a03b	214			Kermasida		Kermasida	Kermasida			order			accepted			Animalia	Echinodermata	Asteroidea	Kermasida		
806	7ddf754f-d193-4cc9-b351-99906754a03b	214			Notomyotida		Notomyotida	Notomyotida			order		Ludwig, H. (1910). Notomyota, eine neue Ordung der Seesterne. Sitzungsberichte Der Königlich Preussischen Akademie Der Wissenschaften Zu Berlin, 23: 435–466. https://www.marinespecies.org/asteroidea/aphia.php?p=sourcedetails&id=277980	accepted			Animalia	Echinodermata	Asteroidea	Notomyotida		
569	a97f36e5-ded1-49cc-bdec-ac6170fc7b9c	7498440			Flavobacteriales		Flavobacteriales	Flavobacteriales			order			accepted			Bacteria	Bacteroidota	Bacteroidia	Flavobacteriales		
10700287	a97f36e5-ded1-49cc-bdec-ac6170fc7b9c	7498440			2-12-FULL-37-12						order			accepted			Bacteria	Bacteroidota	Bacteroidia	2-12-FULL-37-12		
10827317	a97f36e5-ded1-49cc-bdec-ac6170fc7b9c	7498440			UBA7662						order			accepted			Bacteria	Bacteroidota	Bacteroidia	UBA7662		
7571564	a97f36e5-ded1-49cc-bdec-ac6170fc7b9c	7498440			Cytophagales		Cytophagales	Cytophagales			order			accepted			Bacteria	Bacteroidota	Bacteroidia	Cytophagales		
1462	7ddf754f-d193-4cc9-b351-99906754a03b	214			Forcipulatida		Forcipulatida	Forcipulatida			order		Perrier, E. (1884). Mémoire sur les étoiles de mer recueilliés dans la mer des Antilles et le golfe du Mexique : durant les expéditions de dragace faites sous la direction de M. Alexandre Agassiz. Archives (Muséum National D’histoire Naturelle (France)), 2. sér., t. 6.:127–276. https://doi.org/10.5962/bhl.title.82184	accepted			Animalia	Echinodermata	Asteroidea	Forcipulatida		
902	7ddf754f-d193-4cc9-b351-99906754a03b	214			Brisingida		Brisingida	Brisingida			order		Fisher, W. K. (1928). Asteroidea of the North Pacific and adjacent waters. Part 2. Forcipulata (part). Bulletin of the United States National Museum, 76: 1–245. https://www.marinespecies.org/asteroidea/aphia.php?p=sourcedetails&id=47502	accepted			Animalia	Echinodermata	Asteroidea	Brisingida		
11192906	a97f36e5-ded1-49cc-bdec-ac6170fc7b9c	7498440			CAILMK01						order			accepted			Bacteria	Bacteroidota	Bacteroidia	CAILMK01		
10808703	a97f36e5-ded1-49cc-bdec-ac6170fc7b9c	7498440			J057						order			accepted			Bacteria	Bacteroidota	Bacteroidia	J057		
808	7ddf754f-d193-4cc9-b351-99906754a03b	214			Paxillosida		Paxillosida	Paxillosida			order		Perrier, E. (1884). Mémoire sur les étoiles de mer recueilliés dans la mer des Antilles et le golfe du Mexique : durant les expéditions de dragace faites sous la direction de M. Alexandre Agassiz. Archives (Muséum National D’histoire Naturelle (France)), 2. sér., t. 6.:127–276. https://doi.org/10.5962/bhl.title.82184	accepted			Animalia	Echinodermata	Asteroidea	Paxillosida		
11145625	a97f36e5-ded1-49cc-bdec-ac6170fc7b9c	7498440			AKYH767-A						order			accepted			Bacteria	Bacteroidota	Bacteroidia	AKYH767-A		
11192716	7ddf754f-d193-4cc9-b351-99906754a03b	214			Trichasteropsida		Trichasteropsida	Trichasteropsida			order		Blake, D. B. (1987). A classification and phylogeny of post-Palaeozoic sea stars (Asteroidea: Echinodermata). Journal of Natural History, 21(2): 481–528. https://doi.org/10.1080/00222938700771141	accepted			Animalia	Echinodermata	Asteroidea	Trichasteropsida		
11802537	a97f36e5-ded1-49cc-bdec-ac6170fc7b9c	7498440			NORP286						order			accepted			Bacteria	Bacteroidota	Bacteroidia	NORP286		
11723802	7ddf754f-d193-4cc9-b351-99906754a03b	214			Hadrosida		Hadrosida	Hadrosida			order		Blake, D. B. (2018). Toward a History of the Paleozoic Asteroidea. Bulletins of American Paleontology, 394: 1–96. https://www.marinespecies.org/asteroidea/aphia.php?p=sourcedetails&id=420820	accepted			Animalia	Echinodermata	Asteroidea	Hadrosida		
1463	7ddf754f-d193-4cc9-b351-99906754a03b	214			Spinulosida		Spinulosida	Spinulosida			order		Perrier, E. (1884). Mémoire sur les étoiles de mer recueilliés dans la mer des Antilles et le golfe du Mexique : durant les expéditions de dragace faites sous la direction de M. Alexandre Agassiz. Archives (Muséum National D’histoire Naturelle (France)), 2. sér., t. 6.:127–276. https://doi.org/10.5962/bhl.title.82184	accepted			Animalia	Echinodermata	Asteroidea	Spinulosida		
810	7ddf754f-d193-4cc9-b351-99906754a03b	214			Valvatida		Valvatida	Valvatida			order		Perrier, E. (1884). Mémoire sur les étoiles de mer recueilliés dans la mer des Antilles et le golfe du Mexique : durant les expéditions de dragace faites sous la direction de M. Alexandre Agassiz. Archives (Muséum National D’histoire Naturelle (France)), 2. sér., t. 6.:127–276. https://doi.org/10.5962/bhl.title.82184	accepted			Animalia	Echinodermata	Asteroidea	Valvatida		
7189163	7ddf754f-d193-4cc9-b351-99906754a03b	214			Peripodida		Peripodida	Peripodida			order		Baker, A.N., F.W.E. Rowe, H.E.S. Clark. (1986). A new class of echinodermata from New Zealand. Nature 321: 862-864. https://www.marinespecies.org/asteroidea/aphia.php?p=sourcedetails&id=124600	accepted			Animalia	Echinodermata	Asteroidea	Peripodida		
1204	a97f36e5-ded1-49cc-bdec-ac6170fc7b9c	7498440			Sphingobacteriales		Sphingobacteriales	Sphingobacteriales			order			accepted			Bacteria	Bacteroidota	Bacteroidia	Sphingobacteriales		
1203	a97f36e5-ded1-49cc-bdec-ac6170fc7b9c	7498440			Bacteroidales		Bacteroidales	Bacteroidales			order			accepted			Bacteria	Bacteroidota	Bacteroidia	Bacteroidales		
867	7ddf754f-d193-4cc9-b351-99906754a03b	214			Velatida		Velatida	Velatida			order			accepted			Animalia	Echinodermata	Asteroidea	Velatida		
10818423	a97f36e5-ded1-49cc-bdec-ac6170fc7b9c	7498440			AKYH767						order			accepted			Bacteria	Bacteroidota	Bacteroidia	AKYH767		
9661062	7ddf754f-d193-4cc9-b351-99906754a03b	350			Amphilepidida		Amphilepidida	Amphilepidida			order		O’Hara, T. D.; Hugall, A. F.; Thuy, B.; Stöhr, S.; Martynov, A. V. (2017). Restructuring higher taxonomy using broad-scale phylogenomics: The living Ophiuroidea. Molecular Phylogenetics and Evolution, 107: 415–430. https://doi.org/10.1016/j.ympev.2016.12.006	accepted			Animalia	Echinodermata	Ophiuroidea	Amphilepidida		
702	7ddf754f-d193-4cc9-b351-99906754a03b	350			Euryalida		Euryalida	Euryalida			order		Lamarck, J.-B. M. de. (1816). Histoire naturelle des animaux sans vertèbres. Tome second. Paris. Verdière, Paris: Verdière, 568 pp. https://doi.org/10.5962/bhl.title.12712	accepted			Animalia	Echinodermata	Ophiuroidea	Euryalida		
9682793	7ddf754f-d193-4cc9-b351-99906754a03b	350			Ophioleucida		Ophioleucida	Ophioleucida			order		O’Hara, T. D.; Hugall, A. F.; Thuy, B.; Stöhr, S.; Martynov, A. V. (2017). Restructuring higher taxonomy using broad-scale phylogenomics: The living Ophiuroidea. Molecular Phylogenetics and Evolution, 107: 415–430. https://doi.org/10.1016/j.ympev.2016.12.006	accepted			Animalia	Echinodermata	Ophiuroidea	Ophioleucida		
9810941	7ddf754f-d193-4cc9-b351-99906754a03b	350			Ophioscolecida		Ophioscolecida	Ophioscolecida			order		O’Hara, T. D.; Hugall, A. F.; Thuy, B.; Stöhr, S.; Martynov, A. V. (2017). Restructuring higher taxonomy using broad-scale phylogenomics: The living Ophiuroidea. Molecular Phylogenetics and Evolution, 107: 415–430. https://doi.org/10.1016/j.ympev.2016.12.006	accepted			Animalia	Echinodermata	Ophiuroidea	Ophioscolecida		
9659424	7ddf754f-d193-4cc9-b351-99906754a03b	350			Ophiacanthida		Ophiacanthida	Ophiacanthida			order		O’Hara, T. D.; Hugall, A. F.; Thuy, B.; Stöhr, S.; Martynov, A. V. (2017). Restructuring higher taxonomy using broad-scale phylogenomics: The living Ophiuroidea. Molecular Phylogenetics and Evolution, 107: 415–430. https://doi.org/10.1016/j.ympev.2016.12.006	accepted			Animalia	Echinodermata	Ophiuroidea	Ophiacanthida		
10797116	a97f36e5-ded1-49cc-bdec-ac6170fc7b9c	10826978			Kapabacteriales		Kapabacteriales	Kapabacteriales			order			accepted			Bacteria	Bacteroidota	Kapabacteria	Kapabacteriales		
10735966	a97f36e5-ded1-49cc-bdec-ac6170fc7b9c	10826978			OLB7						order			accepted			Bacteria	Bacteroidota	Kapabacteria	OLB7		
10720757	a97f36e5-ded1-49cc-bdec-ac6170fc7b9c	10794829			Kryptoniales		Kryptoniales	Kryptoniales			order			accepted			Bacteria	Bacteroidota	Kryptonia	Kryptoniales		
571	a97f36e5-ded1-49cc-bdec-ac6170fc7b9c	168			Chlorobiales		Chlorobiales	Chlorobiales			order			accepted			Bacteria	Bacteroidota	Chlorobia	Chlorobiales		
7793226	7ddf754f-d193-4cc9-b351-99906754a03b	311			Labyrinthulida		Labyrinthulida	Labyrinthulida			order			accepted			Chromista	Bigyra	Labyrinthulea	Labyrinthulida		
8099777	7ddf754f-d193-4cc9-b351-99906754a03b	311			Thraustochytrida		Thraustochytrida	Thraustochytrida			order			accepted			Chromista	Bigyra	Labyrinthulea	Thraustochytrida		
7614040	7ddf754f-d193-4cc9-b351-99906754a03b	222			Molpadida		Molpadida	Molpadida			order		Haeckel, E. (1896). Systematische Phylogenie der Echinodermen. pp. 348–504. In: Systematische Phylogenie der Wirbellossen Thiere (Invertebrata): Zweiter Teil des Entwurfs einer systematischen Stammengeschichte. Reimer, Berlin. 720 pp. https://www.marinespecies.org/aphia.php?p=sourcedetails&id=168028	accepted			Animalia	Echinodermata	Holothuroidea	Molpadida		
9382199	7ddf754f-d193-4cc9-b351-99906754a03b	222			Synallactida		Synallactida	Synallactida			order		Miller, A.K.; Kerr, A.M.; Paulay, G.; Reich, M.; Wilson, N.G.; Carvajal, J.I. & Rouse, G.W. (2017). Molecular phylogeny of extant Holothuroidea (Echinodermata). Molecular Phylogenetics and Evolution, 111: 110–131. https://doi.org/10.1016/j.ympev.2017.02.014	accepted			Animalia	Echinodermata	Holothuroidea	Synallactida		
1481	7ddf754f-d193-4cc9-b351-99906754a03b	222			Apodida		Apodida	Apodida			order		Brandt, J. F. (1835). Echinodermata ordo Holothurina. In: Prodromus Descriptionis Animalium Ab H. Mertensio in Orbis Terrarum Circumnavigatione Observatorum. Fasc. I: 75 Pps. Petropoli, pp. 42–62. https://www.marinespecies.org/aphia.php?p=sourcedetails&id=168026	accepted			Animalia	Echinodermata	Holothuroidea	Apodida		
9505681	7ddf754f-d193-4cc9-b351-99906754a03b	222			Holothuriida		Holothuriida	Holothuriida			order		Miller, A.K.; Kerr, A.M.; Paulay, G.; Reich, M.; Wilson, N.G.; Carvajal, J.I. & Rouse, G.W. (2017). Molecular phylogeny of extant Holothuroidea (Echinodermata). Molecular Phylogenetics and Evolution, 111: 110–131. https://doi.org/10.1016/j.ympev.2017.02.014	accepted			Animalia	Echinodermata	Holothuroidea	Holothuriida		
9513240	7ddf754f-d193-4cc9-b351-99906754a03b	222			Persiculida		Persiculida	Persiculida			order		Miller, A.K.; Kerr, A.M.; Paulay, G.; Reich, M.; Wilson, N.G.; Carvajal, J.I. & Rouse, G.W. (2017). Molecular phylogeny of extant Holothuroidea (Echinodermata). Molecular Phylogenetics and Evolution, 111: 110–131. https://doi.org/10.1016/j.ympev.2017.02.014	accepted			Animalia	Echinodermata	Holothuroidea	Persiculida		
1482	7ddf754f-d193-4cc9-b351-99906754a03b	222			Dendrochirotida		Dendrochirotida	Dendrochirotida			order		Grube, A. E. (1840). Actinien, Echinodermen und Würmer des Adriatischen- und Mittelmeers nach eigenen Sammlungen beschrieben. Königsberg: J.H. Bon, 92 pp., 12 figs. https://doi.org/10.5962/bhl.title.23025	accepted			Animalia	Echinodermata	Holothuroidea	Dendrochirotida		
823	7ddf754f-d193-4cc9-b351-99906754a03b	222			Elasipodida		Elasipodida	Elasipodida			order		Théel, H. (1882). Report on the Holothuroidea dredged by H.M.S. ‘Challenger’ during the years 1873-76. Part i. Report on the Scientific Results of the Voyage of H.M.S. Challenger During the Years 1873–1876. Zoology, 4 (part 13): i–ix, 1–176, pl. 1–46. https://www.marinespecies.org/aphia.php?p=sourcedetails&id=146051	accepted			Animalia	Echinodermata	Holothuroidea	Elasipodida		
10170417	7ddf754f-d193-4cc9-b351-99906754a03b	222			Arthrochirotida		Arthrochirotida	Arthrochirotida			order			accepted			Animalia	Echinodermata	Holothuroidea	Arthrochirotida		
812	7ddf754f-d193-4cc9-b351-99906754a03b	215			Comatulida		Comatulida	Comatulida			order			accepted			Animalia	Echinodermata	Crinoidea	Comatulida		
11161669	7ddf754f-d193-4cc9-b351-99906754a03b	215			Hyocrinida		Hyocrinida	Hyocrinida			order			accepted			Animalia	Echinodermata	Crinoidea	Hyocrinida		
901	7ddf754f-d193-4cc9-b351-99906754a03b	215			Millericrinida		Millericrinida	Millericrinida			order		Sieverts-Doreck H. (1952). N Moore RC, Lalicker CG, Fischer AG (1952) Invertebrate fossils. McGraw-Hill. New York, Toronto, London. 766 p., 455 fig. https://www.marinespecies.org/aphia.php?p=sourcedetails&id=165210	accepted			Animalia	Echinodermata	Crinoidea	Millericrinida		
11131731	7ddf754f-d193-4cc9-b351-99906754a03b	215			Encrinida		Encrinida	Encrinida			order			accepted			Animalia	Echinodermata	Crinoidea	Encrinida		
370	7ddf754f-d193-4cc9-b351-99906754a03b	215			Isocrinida		Isocrinida	Isocrinida			order			accepted			Animalia	Echinodermata	Crinoidea	Isocrinida		
11217206	a97f36e5-ded1-49cc-bdec-ac6170fc7b9c	7421138			Ch128b						order			accepted			Bacteria	Bacteroidota	Ignavibacteria	Ch128b		
8087382	a97f36e5-ded1-49cc-bdec-ac6170fc7b9c	7421138			Ignavibacteriales		Ignavibacteriales	Ignavibacteriales			order			accepted			Bacteria	Bacteroidota	Ignavibacteria	Ignavibacteriales		
751	7ddf754f-d193-4cc9-b351-99906754a03b	12257625			Endogonales		Endogonales	Endogonales			order			accepted			Fungi	Mucoromycota	Endogonomycetes	Endogonales		
10677618	7ddf754f-d193-4cc9-b351-99906754a03b	9796761			Calcarisporiellales		Calcarisporiellales	Calcarisporiellales			order			accepted			Fungi	Mucoromycota	Mucoromycetes	Calcarisporiellales		
749	7ddf754f-d193-4cc9-b351-99906754a03b	9796761			Mucorales		Mucorales	Mucorales			order			accepted			Fungi	Mucoromycota	Mucoromycetes	Mucorales		
858	7ddf754f-d193-4cc9-b351-99906754a03b	9651048			Mortierellales		Mortierellales	Mortierellales			order			accepted			Fungi	Mucoromycota	Mortierellomycetes	Mortierellales		
9754076	7ddf754f-d193-4cc9-b351-99906754a03b	12241315			Umbelopsidales		Umbelopsidales	Umbelopsidales			order			accepted			Fungi	Mucoromycota	Umbelopsidomycetes	Umbelopsidales		
10867366	7ddf754f-d193-4cc9-b351-99906754a03b	10756521			Orphellales		Orphellales	Orphellales			order			accepted			Fungi	Mucoromycota	Kickxellomycetes	Orphellales		
750	7ddf754f-d193-4cc9-b351-99906754a03b	10756521			Kickxellales		Kickxellales	Kickxellales			order			accepted			Fungi	Mucoromycota	Kickxellomycetes	Kickxellales		
747	7ddf754f-d193-4cc9-b351-99906754a03b	10756521			Harpellales		Harpellales	Harpellales			order			accepted			Fungi	Mucoromycota	Kickxellomycetes	Harpellales		
10746037	7ddf754f-d193-4cc9-b351-99906754a03b	10769414			Cirlivirales		Cirlivirales	Cirlivirales			order			accepted			Viruses	Cressdnaviricota	Arfiviricetes	Cirlivirales		
10685117	7ddf754f-d193-4cc9-b351-99906754a03b	10769414			Cremevirales		Cremevirales	Cremevirales			order			accepted			Viruses	Cressdnaviricota	Arfiviricetes	Cremevirales		
10895954	7ddf754f-d193-4cc9-b351-99906754a03b	10769414			Baphyvirales		Baphyvirales	Baphyvirales			order			accepted			Viruses	Cressdnaviricota	Arfiviricetes	Baphyvirales		
10736273	7ddf754f-d193-4cc9-b351-99906754a03b	10769414			Mulpavirales		Mulpavirales	Mulpavirales			order			accepted			Viruses	Cressdnaviricota	Arfiviricetes	Mulpavirales		
10854541	7ddf754f-d193-4cc9-b351-99906754a03b	10769414			Recrevirales		Recrevirales	Recrevirales			order			accepted			Viruses	Cressdnaviricota	Arfiviricetes	Recrevirales		
10842144	7ddf754f-d193-4cc9-b351-99906754a03b	10781818			Geplafuvirales		Geplafuvirales	Geplafuvirales			order			accepted			Viruses	Cressdnaviricota	Repensiviricetes	Geplafuvirales		
8505583	7ddf754f-d193-4cc9-b351-99906754a03b	278			Rhabdopleurida		Rhabdopleurida	Rhabdopleurida			order			accepted			Animalia	Hemichordata	Pterobranchia	Rhabdopleurida		
748	7ddf754f-d193-4cc9-b351-99906754a03b	9751753			Zoopagales		Zoopagales	Zoopagales			order			accepted			Fungi	Zoopagomycota	Zoopagomycetes	Zoopagales		
10766327	7ddf754f-d193-4cc9-b351-99906754a03b	10857626			Haloruvirales		Haloruvirales	Haloruvirales			order			accepted			Viruses	Saleviricota	Huolimaviricetes	Haloruvirales		
11791068	a97f36e5-ded1-49cc-bdec-ac6170fc7b9c	11210260			JACQPN01						order			accepted			Archaea	Thermoplasmatota	SW-10-69-26	JACQPN01		
10733237	a97f36e5-ded1-49cc-bdec-ac6170fc7b9c	10890632			UBA202						order			accepted			Archaea	Thermoplasmatota	E2	UBA202		
10873457	a97f36e5-ded1-49cc-bdec-ac6170fc7b9c	10890632			UBA9212						order			accepted			Archaea	Thermoplasmatota	E2	UBA9212		
10717350	a97f36e5-ded1-49cc-bdec-ac6170fc7b9c	10730921			UBA287						order			accepted			Archaea	Thermoplasmatota	UBA186	UBA287		
10689582	a97f36e5-ded1-49cc-bdec-ac6170fc7b9c	10825924			B47-G6B						order			accepted			Archaea	Thermoplasmatota	B47-G6	B47-G6B		
10847767	a97f36e5-ded1-49cc-bdec-ac6170fc7b9c	295			B31-G17						order			accepted			Archaea	Thermoplasmatota	Thermoplasmata	B31-G17		
11152028	a97f36e5-ded1-49cc-bdec-ac6170fc7b9c	295			DTKX01						order			accepted			Archaea	Thermoplasmatota	Thermoplasmata	DTKX01		
10843238	a97f36e5-ded1-49cc-bdec-ac6170fc7b9c	295			B87-G9						order			accepted			Archaea	Thermoplasmatota	Thermoplasmata	B87-G9		
10683525	a97f36e5-ded1-49cc-bdec-ac6170fc7b9c	295			PWKY01						order			accepted			Archaea	Thermoplasmatota	Thermoplasmata	PWKY01		
11509422	a97f36e5-ded1-49cc-bdec-ac6170fc7b9c	295			WALJ01						order			accepted			Archaea	Thermoplasmatota	Thermoplasmata	WALJ01		
10739226	a97f36e5-ded1-49cc-bdec-ac6170fc7b9c	295			UBA10834						order			accepted			Archaea	Thermoplasmatota	Thermoplasmata	UBA10834		
10816087	a97f36e5-ded1-49cc-bdec-ac6170fc7b9c	295			Methanomassiliicoccales		Methanomassiliicoccales	Methanomassiliicoccales			order			accepted			Archaea	Thermoplasmatota	Thermoplasmata	Methanomassiliicoccales		
10697911	a97f36e5-ded1-49cc-bdec-ac6170fc7b9c	295			SG8-5						order			accepted			Archaea	Thermoplasmatota	Thermoplasmata	SG8-5		
10889208	a97f36e5-ded1-49cc-bdec-ac6170fc7b9c	295			UBA184						order			accepted			Archaea	Thermoplasmatota	Thermoplasmata	UBA184		
567	a97f36e5-ded1-49cc-bdec-ac6170fc7b9c	295			Thermoplasmatales		Thermoplasmatales	Thermoplasmatales			order			accepted			Archaea	Thermoplasmatota	Thermoplasmata	Thermoplasmatales		
10886915	a97f36e5-ded1-49cc-bdec-ac6170fc7b9c	295			Aciduliprofundales		Aciduliprofundales	Aciduliprofundales			order			accepted			Archaea	Thermoplasmatota	Thermoplasmata	Aciduliprofundales		
10871138	a97f36e5-ded1-49cc-bdec-ac6170fc7b9c	10695566			Poseidoniales		Poseidoniales	Poseidoniales			order			accepted			Archaea	Thermoplasmatota	Poseidoniia	Poseidoniales		
10877162	a97f36e5-ded1-49cc-bdec-ac6170fc7b9c	10695566			Mgiii		Mgiii	Mgiii			order			accepted			Archaea	Thermoplasmatota	Poseidoniia	Mgiii		
10807245	a97f36e5-ded1-49cc-bdec-ac6170fc7b9c	11120928			E44-bin18						order			accepted			Bacteria	TA06	DG-26	E44-bin18		
10698761	a97f36e5-ded1-49cc-bdec-ac6170fc7b9c	11120928			SM1-40						order			accepted			Bacteria	TA06	DG-26	SM1-40		
10849726	a97f36e5-ded1-49cc-bdec-ac6170fc7b9c	10680308			Limnochordales		Limnochordales	Limnochordales			order			accepted			Bacteria	Firmicutes_G	Limnochordia	Limnochordales		
10715586	a97f36e5-ded1-49cc-bdec-ac6170fc7b9c	10680308			DTU080						order			accepted			Bacteria	Firmicutes_G	Limnochordia	DTU080		
11171235	a97f36e5-ded1-49cc-bdec-ac6170fc7b9c	10680308			DUMW01						order			accepted			Bacteria	Firmicutes_G	Limnochordia	DUMW01		
10747288	a97f36e5-ded1-49cc-bdec-ac6170fc7b9c	10680308			DTU010						order			accepted			Bacteria	Firmicutes_G	Limnochordia	DTU010		
10855791	a97f36e5-ded1-49cc-bdec-ac6170fc7b9c	10680308			DTU087						order			accepted			Bacteria	Firmicutes_G	Limnochordia	DTU087		
11175976	a97f36e5-ded1-49cc-bdec-ac6170fc7b9c	10680308			Limnochordales_A						order			accepted			Bacteria	Firmicutes_G	Limnochordia	Limnochordales_A		
11155997	a97f36e5-ded1-49cc-bdec-ac6170fc7b9c	10680308			JAAZLZ01						order			accepted			Bacteria	Firmicutes_G	Limnochordia	JAAZLZ01		
11621860	a97f36e5-ded1-49cc-bdec-ac6170fc7b9c	10766863			Bu52						order			accepted			Bacteria	Firmicutes_G	UBA5301	Bu52		
10819339	a97f36e5-ded1-49cc-bdec-ac6170fc7b9c	10710786			UBA10575						order			accepted			Bacteria	Firmicutes_G	UBA4882	UBA10575		
10721680	a97f36e5-ded1-49cc-bdec-ac6170fc7b9c	10710786			UBA8346						order			accepted			Bacteria	Firmicutes_G	UBA4882	UBA8346		
11192829	a97f36e5-ded1-49cc-bdec-ac6170fc7b9c	10710786			JAAYXC01						order			accepted			Bacteria	Firmicutes_G	UBA4882	JAAYXC01		
859	7ddf754f-d193-4cc9-b351-99906754a03b	9693863			Entomophthorales		Entomophthorales	Entomophthorales			order			accepted			Fungi	Entomophthoromycota	Entomophthoromycetes	Entomophthorales		
10824130	a97f36e5-ded1-49cc-bdec-ac6170fc7b9c	10691317			Undinarchaeales		Undinarchaeales	Undinarchaeales			order			accepted			Archaea	Undinarchaeota	Undinarchaeia	Undinarchaeales		
1485	7ddf754f-d193-4cc9-b351-99906754a03b	226			Cryptostomida		Cryptostomida	Cryptostomida			order			accepted			Animalia	Bryozoa	Stenolaemata	Cryptostomida		
826	7ddf754f-d193-4cc9-b351-99906754a03b	226			Trepostomatida		Trepostomatida	Trepostomatida			order			accepted			Animalia	Bryozoa	Stenolaemata	Trepostomatida		
11142420	7ddf754f-d193-4cc9-b351-99906754a03b	226			Esthonioporata		Esthonioporata	Esthonioporata			order			accepted			Animalia	Bryozoa	Stenolaemata	Esthonioporata		
11114296	7ddf754f-d193-4cc9-b351-99906754a03b	226			Melicerititida		Melicerititida	Melicerititida			order		Viskova, L. A. (2016). Bryozoans of the order Melicerititida: Morphological features and position of the order in the taxonomic structure of the class Stenolaemata. Paleontological Journal, 50(2): 153–162. https://doi.org/10.1134/s003103011602009x	accepted			Animalia	Bryozoa	Stenolaemata	Melicerititida		
1497	7ddf754f-d193-4cc9-b351-99906754a03b	226			Cyclostomatida		Cyclostomatida	Cyclostomatida			order			accepted			Animalia	Bryozoa	Stenolaemata	Cyclostomatida		
1490	7ddf754f-d193-4cc9-b351-99906754a03b	226			Fenestrida		Fenestrida	Fenestrida			order			accepted			Animalia	Bryozoa	Stenolaemata	Fenestrida		
825	7ddf754f-d193-4cc9-b351-99906754a03b	226			Cystoporida		Cystoporida	Cystoporida			order			accepted			Animalia	Bryozoa	Stenolaemata	Cystoporida		
998	7ddf754f-d193-4cc9-b351-99906754a03b	252			Ctenostomatida		Ctenostomatida	Ctenostomatida			order			accepted			Animalia	Bryozoa	Gymnolaemata	Ctenostomatida		
467	7ddf754f-d193-4cc9-b351-99906754a03b	252			Cheilostomatida		Cheilostomatida	Cheilostomatida			order			accepted			Animalia	Bryozoa	Gymnolaemata	Cheilostomatida		
1070	7ddf754f-d193-4cc9-b351-99906754a03b	139			Plumatellida		Plumatellida	Plumatellida			order			accepted			Animalia	Bryozoa	Phylactolaemata	Plumatellida		
10708541	a97f36e5-ded1-49cc-bdec-ac6170fc7b9c	10795427			Hat2						order			accepted			Bacteria	Chlamydiota	Chlamydiia	Hat2		
10873853	a97f36e5-ded1-49cc-bdec-ac6170fc7b9c	10795427			2-12-FULL-49-11						order			accepted			Bacteria	Chlamydiota	Chlamydiia	2-12-FULL-49-11		
11790657	a97f36e5-ded1-49cc-bdec-ac6170fc7b9c	10795427			JAAKFQ01						order			accepted			Bacteria	Chlamydiota	Chlamydiia	JAAKFQ01		
570	a97f36e5-ded1-49cc-bdec-ac6170fc7b9c	10795427			Chlamydiales		Chlamydiales	Chlamydiales			order			accepted			Bacteria	Chlamydiota	Chlamydiia	Chlamydiales		
11566392	a97f36e5-ded1-49cc-bdec-ac6170fc7b9c	10734162			Burarchaeales		Burarchaeales	Burarchaeales			order			accepted			Archaea	Micrarchaeota	Micrarchaeia	Burarchaeales		
11516304	a97f36e5-ded1-49cc-bdec-ac6170fc7b9c	10734162			Norongarragalinales		Norongarragalinales	Norongarragalinales			order			accepted			Archaea	Micrarchaeota	Micrarchaeia	Norongarragalinales		
11797804	a97f36e5-ded1-49cc-bdec-ac6170fc7b9c	10734162			Gugararchaeales		Gugararchaeales	Gugararchaeales			order			accepted			Archaea	Micrarchaeota	Micrarchaeia	Gugararchaeales		
11559380	a97f36e5-ded1-49cc-bdec-ac6170fc7b9c	10734162			JACRGF01						order			accepted			Archaea	Micrarchaeota	Micrarchaeia	JACRGF01		
11208024	a97f36e5-ded1-49cc-bdec-ac6170fc7b9c	10734162			CAILAH01						order			accepted			Archaea	Micrarchaeota	Micrarchaeia	CAILAH01		
10702512	a97f36e5-ded1-49cc-bdec-ac6170fc7b9c	10734162			Micrarchaeales		Micrarchaeales	Micrarchaeales			order			accepted			Archaea	Micrarchaeota	Micrarchaeia	Micrarchaeales		
11821778	a97f36e5-ded1-49cc-bdec-ac6170fc7b9c	10734162			JACQQB01						order			accepted			Archaea	Micrarchaeota	Micrarchaeia	JACQQB01		
11131127	a97f36e5-ded1-49cc-bdec-ac6170fc7b9c	10734162			CABMEP01						order			accepted			Archaea	Micrarchaeota	Micrarchaeia	CABMEP01		
11119020	a97f36e5-ded1-49cc-bdec-ac6170fc7b9c	10734162			DTNL01						order			accepted			Archaea	Micrarchaeota	Micrarchaeia	DTNL01		
11475110	a97f36e5-ded1-49cc-bdec-ac6170fc7b9c	10734162			Anstonellales		Anstonellales	Anstonellales			order			accepted			Archaea	Micrarchaeota	Micrarchaeia	Anstonellales		
10686074	a97f36e5-ded1-49cc-bdec-ac6170fc7b9c	10855002			Dormibacterales		Dormibacterales	Dormibacterales			order			accepted			Bacteria	Dormibacterota	Dormibacteria	Dormibacterales		
10679542	a97f36e5-ded1-49cc-bdec-ac6170fc7b9c	10855002			UBA8260						order			accepted			Bacteria	Dormibacterota	Dormibacteria	UBA8260		
11190614	a97f36e5-ded1-49cc-bdec-ac6170fc7b9c	10855002			CF-121						order			accepted			Bacteria	Dormibacterota	Dormibacteria	CF-121		
10889228	7ddf754f-d193-4cc9-b351-99906754a03b	10713646			Tubulavirales		Tubulavirales	Tubulavirales			order			accepted			Viruses	Hofneiviricota	Faserviricetes	Tubulavirales		
10126057	7ddf754f-d193-4cc9-b351-99906754a03b	284			Acytosteliales		Acytosteliales	Acytosteliales			order			accepted			Protozoa	Mycetozoa	Dictyosteliomycetes	Acytosteliales		
555	7ddf754f-d193-4cc9-b351-99906754a03b	284			Dictyosteliales		Dictyosteliales	Dictyosteliales			order			accepted			Protozoa	Mycetozoa	Dictyosteliomycetes	Dictyosteliales		
7231934	7ddf754f-d193-4cc9-b351-99906754a03b	10766403			Tymovirales		Tymovirales	Tymovirales			order			accepted			Viruses	Kitrinoviricota	Alsuviricetes	Tymovirales		
10814715	7ddf754f-d193-4cc9-b351-99906754a03b	10766403			Martellivirales		Martellivirales	Martellivirales			order			accepted			Viruses	Kitrinoviricota	Alsuviricetes	Martellivirales		
10749048	7ddf754f-d193-4cc9-b351-99906754a03b	10766403			Hepelivirales		Hepelivirales	Hepelivirales			order			accepted			Viruses	Kitrinoviricota	Alsuviricetes	Hepelivirales		
10755946	7ddf754f-d193-4cc9-b351-99906754a03b	10759460			Tolivirales		Tolivirales	Tolivirales			order			accepted			Viruses	Kitrinoviricota	Tolucaviricetes	Tolivirales		
11527142	a97f36e5-ded1-49cc-bdec-ac6170fc7b9c	10758908			JACPRK01						order			accepted			Bacteria	UBP17	UBA6191	JACPRK01		
1111	7ddf754f-d193-4cc9-b351-99906754a03b	145			Protosteliales		Protosteliales	Protosteliales			order			accepted			Protozoa	Mycetozoa	Protosteliomycetes	Protosteliales		
5956148	7ddf754f-d193-4cc9-b351-99906754a03b	145			Ceratiomyxales		Ceratiomyxales	Ceratiomyxales			order			accepted			Protozoa	Mycetozoa	Protosteliomycetes	Ceratiomyxales		
10898168	7ddf754f-d193-4cc9-b351-99906754a03b	10725714			Amarillovirales		Amarillovirales	Amarillovirales			order			accepted			Viruses	Kitrinoviricota	Flasuviricetes	Amarillovirales		
10840868	7ddf754f-d193-4cc9-b351-99906754a03b	10783026			Nodamuvirales		Nodamuvirales	Nodamuvirales			order			accepted			Viruses	Kitrinoviricota	Magsaviricetes	Nodamuvirales		
1296	7ddf754f-d193-4cc9-b351-99906754a03b	319			Trichiales		Trichiales	Trichiales			order			accepted			Protozoa	Mycetozoa	Myxomycetes	Trichiales		
556	7ddf754f-d193-4cc9-b351-99906754a03b	319			Echinosteliales		Echinosteliales	Echinosteliales			order			accepted			Protozoa	Mycetozoa	Myxomycetes	Echinosteliales		
1294	7ddf754f-d193-4cc9-b351-99906754a03b	319			Physarales		Physarales	Physarales			order			accepted			Protozoa	Mycetozoa	Myxomycetes	Physarales		
11155564	7ddf754f-d193-4cc9-b351-99906754a03b	319			Cribrariales		Cribrariales	Cribrariales			order			accepted			Protozoa	Mycetozoa	Myxomycetes	Cribrariales		
11195093	7ddf754f-d193-4cc9-b351-99906754a03b	319			Stemonitidales		Stemonitidales	Stemonitidales			order			accepted			Protozoa	Mycetozoa	Myxomycetes	Stemonitidales		
10727925	a97f36e5-ded1-49cc-bdec-ac6170fc7b9c	10895904			Aerophobales		Aerophobales	Aerophobales			order			accepted			Bacteria	Aerophobota	Aerophobia	Aerophobales		
10854335	a97f36e5-ded1-49cc-bdec-ac6170fc7b9c	10879967			UBA1875						order			accepted			Bacteria	Patescibacteria	CPR2	UBA1875		
11189269	a97f36e5-ded1-49cc-bdec-ac6170fc7b9c	10728077			CAILAD01						order			accepted			Bacteria	Patescibacteria	Saccharimonadia	CAILAD01		
11764784	a97f36e5-ded1-49cc-bdec-ac6170fc7b9c	10728077			QS-5-54-17						order			accepted			Bacteria	Patescibacteria	Saccharimonadia	QS-5-54-17		
11461310	a97f36e5-ded1-49cc-bdec-ac6170fc7b9c	10728077			JAGOAT01						order			accepted			Bacteria	Patescibacteria	Saccharimonadia	JAGOAT01		
10895766	a97f36e5-ded1-49cc-bdec-ac6170fc7b9c	10728077			Saccharimonadales		Saccharimonadales	Saccharimonadales			order			accepted			Bacteria	Patescibacteria	Saccharimonadia	Saccharimonadales		
10779788	a97f36e5-ded1-49cc-bdec-ac6170fc7b9c	10728077			UBA4664						order			accepted			Bacteria	Patescibacteria	Saccharimonadia	UBA4664		
10702559	a97f36e5-ded1-49cc-bdec-ac6170fc7b9c	11153953			CG2-30-33-46						order			accepted			Bacteria	Patescibacteria	CPR2_A	CG2-30-33-46		
10706520	a97f36e5-ded1-49cc-bdec-ac6170fc7b9c	10876086			CG2-30-40-12						order			accepted			Bacteria	Patescibacteria	WWE3	CG2-30-40-12		
10875911	a97f36e5-ded1-49cc-bdec-ac6170fc7b9c	10876086			2-01-FULL-39-13						order			accepted			Bacteria	Patescibacteria	WWE3	2-01-FULL-39-13		
10700617	a97f36e5-ded1-49cc-bdec-ac6170fc7b9c	10876086			UBA101185						order			accepted			Bacteria	Patescibacteria	WWE3	UBA101185		
10767423	a97f36e5-ded1-49cc-bdec-ac6170fc7b9c	10876086			PEYW01						order			accepted			Bacteria	Patescibacteria	WWE3	PEYW01		
10815045	a97f36e5-ded1-49cc-bdec-ac6170fc7b9c	10876086			9FT-COMBO-53-11						order			accepted			Bacteria	Patescibacteria	WWE3	9FT-COMBO-53-11		
10681033	a97f36e5-ded1-49cc-bdec-ac6170fc7b9c	10876086			0-14-0-20-40-13						order			accepted			Bacteria	Patescibacteria	WWE3	0-14-0-20-40-13		
266	7ddf754f-d193-4cc9-b351-99906754a03b	38			Phytomyxea		Phytomyxea	Phytomyxea			class			accepted			Chromista	Cercozoa	Phytomyxea			
344	7ea21580-4f06-469d-995b-3f713fdcc37c	38			Chlorarachniophyceae		Chlorarachniophyceae	Chlorarachniophyceae			class			accepted			Chromista	Cercozoa	Chlorarachniophyceae			
7461897	7ea21580-4f06-469d-995b-3f713fdcc37c	69			Goniomonadophyceae		Goniomonadophyceae	Goniomonadophyceae			class			accepted			Chromista	Cryptophyta	Goniomonadophyceae			
257	7ea21580-4f06-469d-995b-3f713fdcc37c	69			Cryptophyceae		Cryptophyceae	Cryptophyceae			class			accepted			Chromista	Cryptophyta	Cryptophyceae			
8364895	7ea21580-4f06-469d-995b-3f713fdcc37c	69			Katablepharidophyceae		Katablepharidophyceae	Katablepharidophyceae			class			accepted			Chromista	Cryptophyta	Katablepharidophyceae			
7969060	7ea21580-4f06-469d-995b-3f713fdcc37c	69			Telonemea		Telonemea	Telonemea			class			accepted			Chromista	Cryptophyta	Telonemea			
9705016	7ddf754f-d193-4cc9-b351-99906754a03b	9715305			Acavomonea		Acavomonea	Acavomonea			class			accepted			Chromista	Acavomonidia	Acavomonea			
12208153	7ddf754f-d193-4cc9-b351-99906754a03b	70			Rappephyceae		Rappephyceae	Rappephyceae			class		Cavalier-Smith, T.; Chao, E. E.; Lewis, R. (2015). Multiple origins of Heliozoa from flagellate ancestors: new cryptist subphylum Corbihelia, superclass Corbistoma, and monophyly of Haptista, Cryptista, Hacrobia and Chromista. Molecular Phylogenetics and Evolution. 93: 331-362.	accepted			Chromista	Haptophyta	Rappephyceae			
258	7ea21580-4f06-469d-995b-3f713fdcc37c	70			Prymnesiophyceae		Prymnesiophyceae	Prymnesiophyceae			class			accepted			Chromista	Haptophyta	Prymnesiophyceae			
7773832	7ea21580-4f06-469d-995b-3f713fdcc37c	70			Pavlovophyceae		Pavlovophyceae	Pavlovophyceae			class			accepted			Chromista	Haptophyta	Pavlovophyceae			
9196674	7ea21580-4f06-469d-995b-3f713fdcc37c	8770992			Aconoidasida		Aconoidasida	Aconoidasida			class			accepted			Chromista	Myzozoa	Aconoidasida			
8959627	7ea21580-4f06-469d-995b-3f713fdcc37c	8770992			Colponemea		Colponemea	Colponemea			class			accepted			Chromista	Myzozoa	Colponemea			
9049014	7ea21580-4f06-469d-995b-3f713fdcc37c	8770992			Dinophyceae		Dinophyceae	Dinophyceae			class			accepted			Chromista	Myzozoa	Dinophyceae			
7531158	7ea21580-4f06-469d-995b-3f713fdcc37c	8770992			Conoidasida		Conoidasida	Conoidasida			class			accepted			Chromista	Myzozoa	Conoidasida			
9053329	7ea21580-4f06-469d-995b-3f713fdcc37c	8770992			Syndinea		Syndinea	Syndinea			class			accepted			Chromista	Myzozoa	Syndinea			
8906350	7ea21580-4f06-469d-995b-3f713fdcc37c	8770992			Ellobiopsea		Ellobiopsea	Ellobiopsea			class			accepted			Chromista	Myzozoa	Ellobiopsea			
9040408	7ea21580-4f06-469d-995b-3f713fdcc37c	8770992			Apicomonadea		Apicomonadea	Apicomonadea			class			accepted			Chromista	Myzozoa	Apicomonadea			
8936985	7ea21580-4f06-469d-995b-3f713fdcc37c	8770992			Peridinea		Peridinea	Peridinea			class			accepted			Chromista	Myzozoa	Peridinea			
9148275	7ea21580-4f06-469d-995b-3f713fdcc37c	8770992			Myzomonadea		Myzomonadea	Myzomonadea			class			accepted			Chromista	Myzozoa	Myzomonadea			
9149312	7ea21580-4f06-469d-995b-3f713fdcc37c	8770992			Noctilucea		Noctilucea	Noctilucea			class			accepted			Chromista	Myzozoa	Noctilucea			
8816809	7ea21580-4f06-469d-995b-3f713fdcc37c	8770992			Perkinsea		Perkinsea	Perkinsea			class			accepted			Chromista	Myzozoa	Perkinsea			
8759330	7ea21580-4f06-469d-995b-3f713fdcc37c	8770992			Chytridiodinida		Chytridiodinida	Chytridiodinida			order			accepted			Chromista	Myzozoa		Chytridiodinida		
9736380	7ddf754f-d193-4cc9-b351-99906754a03b	9684241			Picomonadea		Picomonadea	Picomonadea			class		Seenivasan, R.; Sausen, N.; Medlin, L. K.; Melkonian, M. (2013). Picomonas judraskeda gen. et sp. nov.: the first identified member of the Picozoa phylum nov., a widespread group of picoeukaryotes, formerly known as 'picobiliphytes'. PLoS ONE. 8(3): e59565.	accepted			Chromista	Picozoa	Picomonadea			
10884764	a97f36e5-ded1-49cc-bdec-ac6170fc7b9c	10789540			2-02-FULL-49-11						order			accepted			Bacteria	Patescibacteria	ABY1	2-02-FULL-49-11		
10776292	a97f36e5-ded1-49cc-bdec-ac6170fc7b9c	10789540			Buchananbacterales		Buchananbacterales	Buchananbacterales			order			accepted			Bacteria	Patescibacteria	ABY1	Buchananbacterales		
11732194	a97f36e5-ded1-49cc-bdec-ac6170fc7b9c	10789540			2-01-FULL-39-33						order			accepted			Bacteria	Patescibacteria	ABY1	2-01-FULL-39-33		
11646959	a97f36e5-ded1-49cc-bdec-ac6170fc7b9c	10789540			H02-48-17						order			accepted			Bacteria	Patescibacteria	ABY1	H02-48-17		
11789118	a97f36e5-ded1-49cc-bdec-ac6170fc7b9c	10789540			JACPHY01						order			accepted			Bacteria	Patescibacteria	ABY1	JACPHY01		
11807161	a97f36e5-ded1-49cc-bdec-ac6170fc7b9c	10789540			GWA2-47-26						order			accepted			Bacteria	Patescibacteria	ABY1	GWA2-47-26		
11114770	a97f36e5-ded1-49cc-bdec-ac6170fc7b9c	10789540			VMEV01						order			accepted			Bacteria	Patescibacteria	ABY1	VMEV01		
10835856	a97f36e5-ded1-49cc-bdec-ac6170fc7b9c	10789540			UBA2196						order			accepted			Bacteria	Patescibacteria	ABY1	UBA2196		
11196752	a97f36e5-ded1-49cc-bdec-ac6170fc7b9c	10789540			SBBB01						order			accepted			Bacteria	Patescibacteria	ABY1	SBBB01		
11887291	a97f36e5-ded1-49cc-bdec-ac6170fc7b9c	10789540			JAGPKW01						order			accepted			Bacteria	Patescibacteria	ABY1	JAGPKW01		
11771123	a97f36e5-ded1-49cc-bdec-ac6170fc7b9c	10789540			JACQRZ01						order			accepted			Bacteria	Patescibacteria	ABY1	JACQRZ01		
10829881	a97f36e5-ded1-49cc-bdec-ac6170fc7b9c	10789540			UBA9570						order			accepted			Bacteria	Patescibacteria	ABY1	UBA9570		
11129975	a97f36e5-ded1-49cc-bdec-ac6170fc7b9c	10789540			CAIXNZ01						order			accepted			Bacteria	Patescibacteria	ABY1	CAIXNZ01		
11900226	a97f36e5-ded1-49cc-bdec-ac6170fc7b9c	10789540			JACRJV01						order			accepted			Bacteria	Patescibacteria	ABY1	JACRJV01		
11830464	a97f36e5-ded1-49cc-bdec-ac6170fc7b9c	10789540			JACRDY01						order			accepted			Bacteria	Patescibacteria	ABY1	JACRDY01		
10683688	a97f36e5-ded1-49cc-bdec-ac6170fc7b9c	10789540			Veblenbacterales		Veblenbacterales	Veblenbacterales			order			accepted			Bacteria	Patescibacteria	ABY1	Veblenbacterales		
10778597	a97f36e5-ded1-49cc-bdec-ac6170fc7b9c	10789540			UBA11705						order			accepted			Bacteria	Patescibacteria	ABY1	UBA11705		
11892790	a97f36e5-ded1-49cc-bdec-ac6170fc7b9c	10789540			JACQSD01						order			accepted			Bacteria	Patescibacteria	ABY1	JACQSD01		
11616511	a97f36e5-ded1-49cc-bdec-ac6170fc7b9c	10789540			JAHJFT01						order			accepted			Bacteria	Patescibacteria	ABY1	JAHJFT01		
11201887	a97f36e5-ded1-49cc-bdec-ac6170fc7b9c	10789540			JABMQE01						order			accepted			Bacteria	Patescibacteria	ABY1	JABMQE01		
11725957	a97f36e5-ded1-49cc-bdec-ac6170fc7b9c	10789540			S139-126						order			accepted			Bacteria	Patescibacteria	ABY1	S139-126		
10887077	a97f36e5-ded1-49cc-bdec-ac6170fc7b9c	10789540			GWA2-43-13						order			accepted			Bacteria	Patescibacteria	ABY1	GWA2-43-13		
11209181	a97f36e5-ded1-49cc-bdec-ac6170fc7b9c	10789540			UM-FILTER-42-10						order			accepted			Bacteria	Patescibacteria	ABY1	UM-FILTER-42-10		
11189144	a97f36e5-ded1-49cc-bdec-ac6170fc7b9c	10789540			JAACEG01						order			accepted			Bacteria	Patescibacteria	ABY1	JAACEG01		
10697742	a97f36e5-ded1-49cc-bdec-ac6170fc7b9c	10789540			XYB2-FULL-38-15						order			accepted			Bacteria	Patescibacteria	ABY1	XYB2-FULL-38-15		
10762469	a97f36e5-ded1-49cc-bdec-ac6170fc7b9c	10789540			GWA2-46-9						order			accepted			Bacteria	Patescibacteria	ABY1	GWA2-46-9		
10868634	a97f36e5-ded1-49cc-bdec-ac6170fc7b9c	10789540			Magasanikbacterales		Magasanikbacterales	Magasanikbacterales			order			accepted			Bacteria	Patescibacteria	ABY1	Magasanikbacterales		
10743167	a97f36e5-ded1-49cc-bdec-ac6170fc7b9c	10789540			UBA2591						order			accepted			Bacteria	Patescibacteria	ABY1	UBA2591		
10819700	a97f36e5-ded1-49cc-bdec-ac6170fc7b9c	10789540			UBA10025						order			accepted			Bacteria	Patescibacteria	ABY1	UBA10025		
11878034	a97f36e5-ded1-49cc-bdec-ac6170fc7b9c	10789540			JACPL01						order			accepted			Bacteria	Patescibacteria	ABY1	JACPL01		
10725917	a97f36e5-ded1-49cc-bdec-ac6170fc7b9c	10789540			UBA1544						order			accepted			Bacteria	Patescibacteria	ABY1	UBA1544		
10844270	a97f36e5-ded1-49cc-bdec-ac6170fc7b9c	10789540			BM507						order			accepted			Bacteria	Patescibacteria	ABY1	BM507		
10738207	a97f36e5-ded1-49cc-bdec-ac6170fc7b9c	10789540			UBA9629						order			accepted			Bacteria	Patescibacteria	ABY1	UBA9629		
11137120	a97f36e5-ded1-49cc-bdec-ac6170fc7b9c	10789540			SBBC01						order			accepted			Bacteria	Patescibacteria	ABY1	SBBC01		
10730762	a97f36e5-ded1-49cc-bdec-ac6170fc7b9c	10789540			UBA2169						order			accepted			Bacteria	Patescibacteria	ABY1	UBA2169		
10746939	a97f36e5-ded1-49cc-bdec-ac6170fc7b9c	10789540			SG8-24						order			accepted			Bacteria	Patescibacteria	ABY1	SG8-24		
10722426	a97f36e5-ded1-49cc-bdec-ac6170fc7b9c	10789540			UBA1558						order			accepted			Bacteria	Patescibacteria	ABY1	UBA1558		
10806246	a97f36e5-ded1-49cc-bdec-ac6170fc7b9c	10789540			SCPX01						order			accepted			Bacteria	Patescibacteria	ABY1	SCPX01		
8227789	7ddf754f-d193-4cc9-b351-99906754a03b	32			Bigyromonadea		Bigyromonadea	Bigyromonadea			class			accepted			Chromista	Oomycota	Bigyromonadea			
8253982	7ddf754f-d193-4cc9-b351-99906754a03b	32			Hyphochytrea		Hyphochytrea	Hyphochytrea			class			accepted			Chromista	Oomycota	Hyphochytrea			
8179345	7ddf754f-d193-4cc9-b351-99906754a03b	32			Peronosporea		Peronosporea	Peronosporea			class			accepted			Chromista	Oomycota	Peronosporea			
11111999	a97f36e5-ded1-49cc-bdec-ac6170fc7b9c	10713104			UM-FILTER-43-11						order			accepted			Bacteria	Patescibacteria	Gracilibacteria	UM-FILTER-43-11		
10861840	a97f36e5-ded1-49cc-bdec-ac6170fc7b9c	10713104			UBA4473						order			accepted			Bacteria	Patescibacteria	Gracilibacteria	UBA4473		
11162583	a97f36e5-ded1-49cc-bdec-ac6170fc7b9c	10713104			CAIRYL01						order			accepted			Bacteria	Patescibacteria	Gracilibacteria	CAIRYL01		
10757093	a97f36e5-ded1-49cc-bdec-ac6170fc7b9c	10713104			Peribacterales		Peribacterales	Peribacterales			order			accepted			Bacteria	Patescibacteria	Gracilibacteria	Peribacterales		
11574705	a97f36e5-ded1-49cc-bdec-ac6170fc7b9c	10713104			JAHISY01						order			accepted			Bacteria	Patescibacteria	Gracilibacteria	JAHISY01		
10764454	a97f36e5-ded1-49cc-bdec-ac6170fc7b9c	10713104			UBA1369						order			accepted			Bacteria	Patescibacteria	Gracilibacteria	UBA1369		
10753304	a97f36e5-ded1-49cc-bdec-ac6170fc7b9c	10713104			1-14-2-50-48-13						order			accepted			Bacteria	Patescibacteria	Gracilibacteria	1-14-2-50-48-13		
8318312	7ddf754f-d193-4cc9-b351-99906754a03b	7765738			Prostomatea		Prostomatea	Prostomatea			class			accepted			Chromista	Ciliophora	Prostomatea			
8229102	7ddf754f-d193-4cc9-b351-99906754a03b	7765738			Colpodea		Colpodea	Colpodea			class			accepted			Chromista	Ciliophora	Colpodea			
7982209	7ddf754f-d193-4cc9-b351-99906754a03b	7765738			Spirotrichea		Spirotrichea	Spirotrichea			class			accepted			Chromista	Ciliophora	Spirotrichea			
7908305	7ddf754f-d193-4cc9-b351-99906754a03b	7765738			Kinetofragminophora		Kinetofragminophora	Kinetofragminophora			class			accepted			Chromista	Ciliophora	Kinetofragminophora			
8235041	7ddf754f-d193-4cc9-b351-99906754a03b	7765738			Heterotrichea		Heterotrichea	Heterotrichea			class			accepted			Chromista	Ciliophora	Heterotrichea			
8319235	7ddf754f-d193-4cc9-b351-99906754a03b	7765738			Gymnostomatea		Gymnostomatea	Gymnostomatea			class			accepted			Chromista	Ciliophora	Gymnostomatea			
7732358	7ddf754f-d193-4cc9-b351-99906754a03b	7765738			Oligotrichea		Oligotrichea	Oligotrichea			class			accepted			Chromista	Ciliophora	Oligotrichea			
7478606	7ddf754f-d193-4cc9-b351-99906754a03b	7765738			Karyorelictea		Karyorelictea	Karyorelictea			class			accepted			Chromista	Ciliophora	Karyorelictea			
8006472	7ddf754f-d193-4cc9-b351-99906754a03b	7765738			Oligohymenophorea		Oligohymenophorea	Oligohymenophorea			class			accepted			Chromista	Ciliophora	Oligohymenophorea			
7665255	7ddf754f-d193-4cc9-b351-99906754a03b	7765738			Phyllopharyngea		Phyllopharyngea	Phyllopharyngea			class			accepted			Chromista	Ciliophora	Phyllopharyngea			
7589559	7ddf754f-d193-4cc9-b351-99906754a03b	7765738			Litostomatea		Litostomatea	Litostomatea			class			accepted			Chromista	Ciliophora	Litostomatea			
8168405	7ddf754f-d193-4cc9-b351-99906754a03b	7765738			Cyrtophoria		Cyrtophoria	Cyrtophoria			class			accepted			Chromista	Ciliophora	Cyrtophoria			
7550408	7ddf754f-d193-4cc9-b351-99906754a03b	7765738			Hypotrichea		Hypotrichea	Hypotrichea			class			accepted			Chromista	Ciliophora	Hypotrichea			
7551344	7ddf754f-d193-4cc9-b351-99906754a03b	7765738			Nassophorea		Nassophorea	Nassophorea			class			accepted			Chromista	Ciliophora	Nassophorea			
929	7ddf754f-d193-4cc9-b351-99906754a03b	9697020			Centrohelida		Centrohelida	Centrohelida			order			accepted			Chromista	Heliozoa		Centrohelida		
391	7ddf754f-d193-4cc9-b351-99906754a03b	9697020			Desmothoracida		Desmothoracida	Desmothoracida			order			accepted			Chromista	Heliozoa		Desmothoracida		
10750878	a97f36e5-ded1-49cc-bdec-ac6170fc7b9c	10764595			UBA920						order			accepted			Bacteria	Patescibacteria	Doudnabacteria	UBA920		
9807358	7ddf754f-d193-4cc9-b351-99906754a03b	9697020			Microhelida		Microhelida	Microhelida			order			accepted			Chromista	Heliozoa		Microhelida		
7434778	7ddf754f-d193-4cc9-b351-99906754a03b	8376456			Globothalamea		Globothalamea	Globothalamea			class		Pawlowski, J., Holzmann, M., & Tyszka, J. (2013). New supraordinal classification of Foraminifera: Molecules meet morphology. Marine Micropaleontology, 100: 1–10. https://doi.org/10.1016/j.marmicro.2013.04.002	accepted			Chromista	Foraminifera	Globothalamea			
8297263	7ddf754f-d193-4cc9-b351-99906754a03b	8376456			Tubothalamea		Tubothalamea	Tubothalamea			class		Pawlowski, J., Holzmann, M., & Tyszka, J. (2013). New supraordinal classification of Foraminifera: Molecules meet morphology. Marine Micropaleontology, 100: 1–10. https://doi.org/10.1016/j.marmicro.2013.04.002	accepted			Chromista	Foraminifera	Tubothalamea			
11180110	7ddf754f-d193-4cc9-b351-99906754a03b	8376456			Polymorphinida		Polymorphinida	Polymorphinida			order			accepted			Chromista	Foraminifera		Polymorphinida		
11161246	7ddf754f-d193-4cc9-b351-99906754a03b	8376456			Endothyrida		Endothyrida	Endothyrida			order			accepted			Chromista	Foraminifera		Endothyrida		
11179383	7ddf754f-d193-4cc9-b351-99906754a03b	8376456			Nodosariida		Nodosariida	Nodosariida			order			accepted			Chromista	Foraminifera		Nodosariida		
11128784	7ddf754f-d193-4cc9-b351-99906754a03b	8376456			Parathuramminida		Parathuramminida	Parathuramminida			order		Bykova, E. V. (1955). Фораминиферы, радиолярии и остракоды девона Волго-Уральской области и Центрального девонского поля и их значение для стратиграфии - Devonian foraminifera and radiolaria of the Volga-Urals district and central Devonian field, and their significance for stratigraphy. Trudy Vsesoyuznogo Neftyanogo Nauchno-Issledovatel ’Skogo Geologorazvedochnogo Lnstituta (VNIGRI), Nov. Ser., 87: 5–190. https://www.marinespecies.org/foraminifera/aphia.php?p=sourcedetails&id=331591	accepted			Chromista	Foraminifera		Parathuramminida		
7861739	7ddf754f-d193-4cc9-b351-99906754a03b	8376456			Fusulinida		Fusulinida	Fusulinida			order		Wedekind, R. (1937). Einführung in die Grundlagen der historischen Geologie.II. Mikrobiostratigraphie. Die Korallen- und Foraminiferenzeit. Ferdinand Enke Verlag, 8: 1–136. https://www.marinespecies.org/foraminifera/aphia.php?p=sourcedetails&id=280834	accepted			Chromista	Foraminifera		Fusulinida		
11151631	7ddf754f-d193-4cc9-b351-99906754a03b	8376456			Vaginulinida		Vaginulinida	Vaginulinida			order			accepted			Chromista	Foraminifera		Vaginulinida		
8363803	7ddf754f-d193-4cc9-b351-99906754a03b	8376456			Involutinida		Involutinida	Involutinida			order			accepted			Chromista	Foraminifera		Involutinida		
8086060	7ddf754f-d193-4cc9-b351-99906754a03b	8376456			Lagenida		Lagenida	Lagenida			order			accepted			Chromista	Foraminifera		Lagenida		
7617014	7ddf754f-d193-4cc9-b351-99906754a03b	8376456			Allogromiida		Allogromiida	Allogromiida			order		Loeblich, R., & Tappan, H. (1961). Remarks on the systematics of the Sarkodina (Protozoa), renamed homonyms and new and validated genera. Proceedings of the Biological Society of Washington, 74: 213–234. https://www.marinespecies.org/foraminifera/aphia.php?p=sourcedetails&id=275528	accepted			Chromista	Foraminifera		Allogromiida		
8142878	7ddf754f-d193-4cc9-b351-99906754a03b	8376456			Astrorhizida		Astrorhizida	Astrorhizida			order		Lankester, E. R. (1885). Protozoa. In: Anon (ed.): Encyclopaedia Britannica, 9th ed. 19: 830–866. https://www.marinespecies.org/foraminifera/aphia.php?p=sourcedetails&id=359056	accepted			Chromista	Foraminifera		Astrorhizida		
311	7ddf754f-d193-4cc9-b351-99906754a03b	8158183			Labyrinthulea		Labyrinthulea	Labyrinthulea			class			accepted			Chromista	Bigyra	Labyrinthulea			
11618826	a97f36e5-ded1-49cc-bdec-ac6170fc7b9c	10760695			JAHIVN01						order			accepted			Bacteria	Patescibacteria	Dojkabacteria	JAHIVN01		
10863092	a97f36e5-ded1-49cc-bdec-ac6170fc7b9c	10760695			B142						order			accepted			Bacteria	Patescibacteria	Dojkabacteria	B142		
10863235	a97f36e5-ded1-49cc-bdec-ac6170fc7b9c	10760695			SC72						order			accepted			Bacteria	Patescibacteria	Dojkabacteria	SC72		
11570617	a97f36e5-ded1-49cc-bdec-ac6170fc7b9c	10760695			J137						order			accepted			Bacteria	Patescibacteria	Dojkabacteria	J137		
11695654	a97f36e5-ded1-49cc-bdec-ac6170fc7b9c	10760695			JAFGLO01						order			accepted			Bacteria	Patescibacteria	Dojkabacteria	JAFGLO01		
10888688	a97f36e5-ded1-49cc-bdec-ac6170fc7b9c	11656451			Absconditabacterales		Absconditabacterales	Absconditabacterales			order			accepted			Bacteria	Patescibacteria	JAEDAM01	Absconditabacterales		
10721686	a97f36e5-ded1-49cc-bdec-ac6170fc7b9c	11656451			BD1-5						order			accepted			Bacteria	Patescibacteria	JAEDAM01	BD1-5		
11177483	a97f36e5-ded1-49cc-bdec-ac6170fc7b9c	10854746			VFKW01						order			accepted			Bacteria	Patescibacteria	UBA1384	VFKW01		
10852092	a97f36e5-ded1-49cc-bdec-ac6170fc7b9c	10854746			UBA12157						order			accepted			Bacteria	Patescibacteria	UBA1384	UBA12157		
11125412	a97f36e5-ded1-49cc-bdec-ac6170fc7b9c	10854746			DTQI01						order			accepted			Bacteria	Patescibacteria	UBA1384	DTQI01		
11547230	a97f36e5-ded1-49cc-bdec-ac6170fc7b9c	10854746			JAHJRZ01						order			accepted			Bacteria	Patescibacteria	UBA1384	JAHJRZ01		
10893443	a97f36e5-ded1-49cc-bdec-ac6170fc7b9c	10854746			XYA2-FULL-43-10						order			accepted			Bacteria	Patescibacteria	UBA1384	XYA2-FULL-43-10		
11213713	a97f36e5-ded1-49cc-bdec-ac6170fc7b9c	10854746			DTIG01						order			accepted			Bacteria	Patescibacteria	UBA1384	DTIG01		
10746234	a97f36e5-ded1-49cc-bdec-ac6170fc7b9c	10854746			GWA2-35-9						order			accepted			Bacteria	Patescibacteria	UBA1384	GWA2-35-9		
11475073	a97f36e5-ded1-49cc-bdec-ac6170fc7b9c	10854746			JACPKC01						order			accepted			Bacteria	Patescibacteria	UBA1384	JACPKC01		
11176810	a97f36e5-ded1-49cc-bdec-ac6170fc7b9c	10854746			CAJBMM01						order			accepted			Bacteria	Patescibacteria	UBA1384	CAJBMM01		
11161462	a97f36e5-ded1-49cc-bdec-ac6170fc7b9c	10854746			CAILIB01						order			accepted			Bacteria	Patescibacteria	UBA1384	CAILIB01		
11130131	a97f36e5-ded1-49cc-bdec-ac6170fc7b9c	10854746			UBA12157_A						order			accepted			Bacteria	Patescibacteria	UBA1384	UBA12157_A		
10743489	a97f36e5-ded1-49cc-bdec-ac6170fc7b9c	10854746			2-12-FULL-50-11						order			accepted			Bacteria	Patescibacteria	UBA1384	2-12-FULL-50-11		
9767620	7ddf754f-d193-4cc9-b351-99906754a03b	9735352			Heliomonadida		Heliomonadida	Heliomonadida			order		Cavalier-Smith, T. (1993). The protozoan phylum Opalozoa. Journal of Eukaryotic Microbiology. 40(5): 609-615.	accepted			Chromista		Endohelea	Heliomonadida		
11815116	a97f36e5-ded1-49cc-bdec-ac6170fc7b9c	10854011			JACOXO01						order			accepted			Bacteria	Patescibacteria	Microgenomatia	JACOXO01		
11783553	a97f36e5-ded1-49cc-bdec-ac6170fc7b9c	10854011			JADHYG01						order			accepted			Bacteria	Patescibacteria	Microgenomatia	JADHYG01		
10678519	a97f36e5-ded1-49cc-bdec-ac6170fc7b9c	10854011			Curtissbacterales		Curtissbacterales	Curtissbacterales			order			accepted			Bacteria	Patescibacteria	Microgenomatia	Curtissbacterales		
11756048	a97f36e5-ded1-49cc-bdec-ac6170fc7b9c	10854011			VGLL01						order			accepted			Bacteria	Patescibacteria	Microgenomatia	VGLL01		
10767619	a97f36e5-ded1-49cc-bdec-ac6170fc7b9c	10854011			UBA10105						order			accepted			Bacteria	Patescibacteria	Microgenomatia	UBA10105		
11167644	a97f36e5-ded1-49cc-bdec-ac6170fc7b9c	10854011			UBA12405						order			accepted			Bacteria	Patescibacteria	Microgenomatia	UBA12405		
11204549	a97f36e5-ded1-49cc-bdec-ac6170fc7b9c	10854011			0-14-0-10-38-17						order			accepted			Bacteria	Patescibacteria	Microgenomatia	0-14-0-10-38-17		
10784857	a97f36e5-ded1-49cc-bdec-ac6170fc7b9c	10854011			Levybacterales		Levybacterales	Levybacterales			order			accepted			Bacteria	Patescibacteria	Microgenomatia	Levybacterales		
10701319	a97f36e5-ded1-49cc-bdec-ac6170fc7b9c	10854011			UBA1406						order			accepted			Bacteria	Patescibacteria	Microgenomatia	UBA1406		
10817132	a97f36e5-ded1-49cc-bdec-ac6170fc7b9c	10854011			2-02-FULL-39-11						order			accepted			Bacteria	Patescibacteria	Microgenomatia	2-02-FULL-39-11		
11119153	a97f36e5-ded1-49cc-bdec-ac6170fc7b9c	10854011			UM-FILTER-39-15						order			accepted			Bacteria	Patescibacteria	Microgenomatia	UM-FILTER-39-15		
11509626	a97f36e5-ded1-49cc-bdec-ac6170fc7b9c	10854011			JACPZF01						order			accepted			Bacteria	Patescibacteria	Microgenomatia	JACPZF01		
10696643	a97f36e5-ded1-49cc-bdec-ac6170fc7b9c	10854011			UBA1400						order			accepted			Bacteria	Patescibacteria	Microgenomatia	UBA1400		
10779635	a97f36e5-ded1-49cc-bdec-ac6170fc7b9c	10854011			GWA2-44-7						order			accepted			Bacteria	Patescibacteria	Microgenomatia	GWA2-44-7		
10883543	a97f36e5-ded1-49cc-bdec-ac6170fc7b9c	10854011			Daviesbacterales		Daviesbacterales	Daviesbacterales			order			accepted			Bacteria	Patescibacteria	Microgenomatia	Daviesbacterales		
11152430	a97f36e5-ded1-49cc-bdec-ac6170fc7b9c	10854011			JAADGY01						order			accepted			Bacteria	Patescibacteria	Microgenomatia	JAADGY01		
11122267	a97f36e5-ded1-49cc-bdec-ac6170fc7b9c	10854011			PFEM01						order			accepted			Bacteria	Patescibacteria	Microgenomatia	PFEM01		
11155535	a97f36e5-ded1-49cc-bdec-ac6170fc7b9c	10854011			UM-FILTER-40-11						order			accepted			Bacteria	Patescibacteria	Microgenomatia	UM-FILTER-40-11		
10766006	a97f36e5-ded1-49cc-bdec-ac6170fc7b9c	10854011			Woykebacterales		Woykebacterales	Woykebacterales			order			accepted			Bacteria	Patescibacteria	Microgenomatia	Woykebacterales		
11772652	a97f36e5-ded1-49cc-bdec-ac6170fc7b9c	10694230			JACQLU01						order			accepted			Bacteria	Patescibacteria	Andersenbacteria	JACQLU01		
10869744	a97f36e5-ded1-49cc-bdec-ac6170fc7b9c	10694230			UBA10190						order			accepted			Bacteria	Patescibacteria	Andersenbacteria	UBA10190		
10833588	a97f36e5-ded1-49cc-bdec-ac6170fc7b9c	10718966			Paceibacterales		Paceibacterales	Paceibacterales			order			accepted			Bacteria	Patescibacteria	Paceibacteria	Paceibacterales		
10841018	a97f36e5-ded1-49cc-bdec-ac6170fc7b9c	10718966			2-02-FULL-40-12						order			accepted			Bacteria	Patescibacteria	Paceibacteria	2-02-FULL-40-12		
11791048	a97f36e5-ded1-49cc-bdec-ac6170fc7b9c	10718966			JACPHC01						order			accepted			Bacteria	Patescibacteria	Paceibacteria	JACPHC01		
10672174	a97f36e5-ded1-49cc-bdec-ac6170fc7b9c	10718966			Terrybacterales		Terrybacterales	Terrybacterales			order			accepted			Bacteria	Patescibacteria	Paceibacteria	Terrybacterales		
10888474	a97f36e5-ded1-49cc-bdec-ac6170fc7b9c	10718966			Spechtbacterales		Spechtbacterales	Spechtbacterales			order			accepted			Bacteria	Patescibacteria	Paceibacteria	Spechtbacterales		
10703747	a97f36e5-ded1-49cc-bdec-ac6170fc7b9c	10718966			GWC2-36-17						order			accepted			Bacteria	Patescibacteria	Paceibacteria	GWC2-36-17		
11133769	a97f36e5-ded1-49cc-bdec-ac6170fc7b9c	10718966			UBA9936						order			accepted			Bacteria	Patescibacteria	Paceibacteria	UBA9936		
11864845	a97f36e5-ded1-49cc-bdec-ac6170fc7b9c	10718966			JAHCSD01						order			accepted			Bacteria	Patescibacteria	Paceibacteria	JAHCSD01		
10851752	a97f36e5-ded1-49cc-bdec-ac6170fc7b9c	10718966			UBA6257						order			accepted			Bacteria	Patescibacteria	Paceibacteria	UBA6257		
10754394	a97f36e5-ded1-49cc-bdec-ac6170fc7b9c	10718966			Portnoybacterales		Portnoybacterales	Portnoybacterales			order			accepted			Bacteria	Patescibacteria	Paceibacteria	Portnoybacterales		
10697734	a97f36e5-ded1-49cc-bdec-ac6170fc7b9c	10718966			Ryanbacterales		Ryanbacterales	Ryanbacterales			order			accepted			Bacteria	Patescibacteria	Paceibacteria	Ryanbacterales		
11155977	a97f36e5-ded1-49cc-bdec-ac6170fc7b9c	10718966			UBA9983_A						order			accepted			Bacteria	Patescibacteria	Paceibacteria	UBA9983_A		
11156705	a97f36e5-ded1-49cc-bdec-ac6170fc7b9c	10718966			SW-4-49-11						order			accepted			Bacteria	Patescibacteria	Paceibacteria	SW-4-49-11		
11855948	a97f36e5-ded1-49cc-bdec-ac6170fc7b9c	10718966			JACPXH01						order			accepted			Bacteria	Patescibacteria	Paceibacteria	JACPXH01		
10745474	a97f36e5-ded1-49cc-bdec-ac6170fc7b9c	10718966			2-01-FULL-47-10						order			accepted			Bacteria	Patescibacteria	Paceibacteria	2-01-FULL-47-10		
11898720	a97f36e5-ded1-49cc-bdec-ac6170fc7b9c	10718966			Portnoybacterales_A						order			accepted			Bacteria	Patescibacteria	Paceibacteria	Portnoybacterales_A		
11169984	a97f36e5-ded1-49cc-bdec-ac6170fc7b9c	10718966			CAIUEV01						order			accepted			Bacteria	Patescibacteria	Paceibacteria	CAIUEV01		
10894537	a97f36e5-ded1-49cc-bdec-ac6170fc7b9c	10718966			UBA9983						order			accepted			Bacteria	Patescibacteria	Paceibacteria	UBA9983		
10812215	a97f36e5-ded1-49cc-bdec-ac6170fc7b9c	10718966			GWA2-38-13b						order			accepted			Bacteria	Patescibacteria	Paceibacteria	GWA2-38-13b		
11173113	a97f36e5-ded1-49cc-bdec-ac6170fc7b9c	10718966			UBA10092						order			accepted			Bacteria	Patescibacteria	Paceibacteria	UBA10092		
11413618	a97f36e5-ded1-49cc-bdec-ac6170fc7b9c	10718966			JACQLN01						order			accepted			Bacteria	Patescibacteria	Paceibacteria	JACQLN01		
10714561	a97f36e5-ded1-49cc-bdec-ac6170fc7b9c	10718966			Moranbacterales		Moranbacterales	Moranbacterales			order			accepted			Bacteria	Patescibacteria	Paceibacteria	Moranbacterales		
10718975	a97f36e5-ded1-49cc-bdec-ac6170fc7b9c	10718966			Sungbacterales		Sungbacterales	Sungbacterales			order			accepted			Bacteria	Patescibacteria	Paceibacteria	Sungbacterales		
5955567	7ddf754f-d193-4cc9-b351-99906754a03b	8065737			Spumellaria		Spumellaria	Spumellaria			order			accepted			Chromista		Polycystina	Spumellaria		
5955735	7ddf754f-d193-4cc9-b351-99906754a03b	8065737			Nassellaria		Nassellaria	Nassellaria			order			accepted			Chromista		Polycystina	Nassellaria		
157	7ea21580-4f06-469d-995b-3f713fdcc37c	98			Dictyochophyceae		Dictyochophyceae	Dictyochophyceae			class			accepted			Chromista	Ochrophyta	Dictyochophyceae			
7554815	7ea21580-4f06-469d-995b-3f713fdcc37c	98			Mediophyceae		Mediophyceae	Mediophyceae			class			accepted			Chromista	Ochrophyta	Mediophyceae			
7541631	7ea21580-4f06-469d-995b-3f713fdcc37c	98			Synchromophyceae		Synchromophyceae	Synchromophyceae			class			accepted			Chromista	Ochrophyta	Synchromophyceae			
8007267	7ea21580-4f06-469d-995b-3f713fdcc37c	98			Picophagea		Picophagea	Picophagea			class			accepted			Chromista	Ochrophyta	Picophagea			
286	7ea21580-4f06-469d-995b-3f713fdcc37c	98			Eustigmatophyceae		Eustigmatophyceae	Eustigmatophyceae			class			accepted			Chromista	Ochrophyta	Eustigmatophyceae			
7531114	7ea21580-4f06-469d-995b-3f713fdcc37c	98			Phaeothamniophyceae		Phaeothamniophyceae	Phaeothamniophyceae			class		Bailey, J. C; Bidigare, R. R.; Christensen, S. J.; Andersen, R. A. (1998). Phaeothamniophyceae classis nova: a new lineage of chromophytes based upon photosynthetic pigments, rbcL sequence analysis and ultrastructure. Protist. 149(3): 245-263.	accepted			Chromista	Ochrophyta	Phaeothamniophyceae			
7947184	7ea21580-4f06-469d-995b-3f713fdcc37c	98			Bacillariophyceae		Bacillariophyceae	Bacillariophyceae			class			accepted			Chromista	Ochrophyta	Bacillariophyceae			
289	7ea21580-4f06-469d-995b-3f713fdcc37c	98			Pelagophyceae		Pelagophyceae	Pelagophyceae			class			accepted			Chromista	Ochrophyta	Pelagophyceae			
7925421	7ea21580-4f06-469d-995b-3f713fdcc37c	98			Aurearenophyceae		Aurearenophyceae	Aurearenophyceae			class			accepted			Chromista	Ochrophyta	Aurearenophyceae			
142	7ea21580-4f06-469d-995b-3f713fdcc37c	98			Bolidophyceae		Bolidophyceae	Bolidophyceae			class		Guillou, L.; Chrétiennot-Dinet, M.-J.; Medlin, L. K.; Claustre, H.; Loiseaux-de Goër, S.; Vaulot, D. (1999). Bolidomonas: a new genus with two species belonging to a new algal class, the Bolidophyceae (Heterokonta). Journal of Phycology. 35(2): 368-381.	accepted			Chromista	Ochrophyta	Bolidophyceae			
322	7ea21580-4f06-469d-995b-3f713fdcc37c	98			Pinguiophyceae		Pinguiophyceae	Pinguiophyceae			class		Kawachi, M.; Inouye, I.; Honda, D.; O'Kelly, C. J.; Bailey, J. C.; Bidigare, R. R.; Andersen, R. A. (2002). The Pinguiophyceae classis nova, a new class of photosynthetic stramenopiles whose members produce large amounts of omega-3 fatty acids. Phycological Research. 50(1): 31-47.	accepted			Chromista	Ochrophyta	Pinguiophyceae			
7073563	7ea21580-4f06-469d-995b-3f713fdcc37c	98			Chrysophyceae		Chrysophyceae	Chrysophyceae			class			accepted			Chromista	Ochrophyta	Chrysophyceae			
7073629	7ea21580-4f06-469d-995b-3f713fdcc37c	98			Xanthophyceae		Xanthophyceae	Xanthophyceae			class			accepted			Chromista	Ochrophyta	Xanthophyceae			
7073604	7ea21580-4f06-469d-995b-3f713fdcc37c	98			Synurophyceae		Synurophyceae	Synurophyceae			class			accepted			Chromista	Ochrophyta	Synurophyceae			
7073554	7ea21580-4f06-469d-995b-3f713fdcc37c	98			Raphidophyceae		Raphidophyceae	Raphidophyceae			class			accepted			Chromista	Ochrophyta	Raphidophyceae			
7359086	7ea21580-4f06-469d-995b-3f713fdcc37c	98			Placidiophyceae		Placidiophyceae	Placidiophyceae			class			accepted			Chromista	Ochrophyta	Placidiophyceae			
230	7ea21580-4f06-469d-995b-3f713fdcc37c	98			Schizocladiophyceae		Schizocladiophyceae	Schizocladiophyceae			class		Kawai, H; Maeba, S.; Sasaki, H.; Okuda, K.; Henry, E.C. (2003). Schizocladia ischiensis: a new filamentous marine chromophyte belonging to a new class, Schizocladiophyceae. Protist. 154(2): 211-228.	accepted			Chromista	Ochrophyta	Schizocladiophyceae			
8362057	7ea21580-4f06-469d-995b-3f713fdcc37c	98			Chrysomerophyceae		Chrysomerophyceae	Chrysomerophyceae			class			accepted			Chromista	Ochrophyta	Chrysomerophyceae			
7073593	7ea21580-4f06-469d-995b-3f713fdcc37c	98			Phaeophyceae		Phaeophyceae	Phaeophyceae			class			accepted			Chromista	Ochrophyta	Phaeophyceae			
11802204	a97f36e5-ded1-49cc-bdec-ac6170fc7b9c	11664707			Wukongarchaeales		Wukongarchaeales	Wukongarchaeales			order			accepted			Archaea	Asgardarchaeota	Wukongarchaeia	Wukongarchaeales		
10828253	a97f36e5-ded1-49cc-bdec-ac6170fc7b9c	10878590			Helarchaeales		Helarchaeales	Helarchaeales			order			accepted			Archaea	Asgardarchaeota	Lokiarchaeia	Helarchaeales		
11177831	a97f36e5-ded1-49cc-bdec-ac6170fc7b9c	10878590			CR-4						order			accepted			Archaea	Asgardarchaeota	Lokiarchaeia	CR-4		
10687244	a97f36e5-ded1-49cc-bdec-ac6170fc7b9c	11609823			Odinarchaeales		Odinarchaeales	Odinarchaeales			order			accepted			Archaea	Asgardarchaeota	Odinarchaeia	Odinarchaeales		
10751404	a97f36e5-ded1-49cc-bdec-ac6170fc7b9c	10872566			UBA460						order			accepted			Archaea	Asgardarchaeota	Heimdallarchaeia	UBA460		
11133383	a97f36e5-ded1-49cc-bdec-ac6170fc7b9c	10872566			JABLTI01						order			accepted			Archaea	Asgardarchaeota	Heimdallarchaeia	JABLTI01		
11596623	a97f36e5-ded1-49cc-bdec-ac6170fc7b9c	10872566			Hodarchaeales		Hodarchaeales	Hodarchaeales			order			accepted			Archaea	Asgardarchaeota	Heimdallarchaeia	Hodarchaeales		
10761199	a97f36e5-ded1-49cc-bdec-ac6170fc7b9c	10862706			Thorarchaeales		Thorarchaeales	Thorarchaeales			order			accepted			Archaea	Asgardarchaeota	Thorarchaeia	Thorarchaeales		
11915166	a97f36e5-ded1-49cc-bdec-ac6170fc7b9c	11551394			Jordarchaeales		Jordarchaeales	Jordarchaeales			order			accepted			Archaea	Asgardarchaeota	Jordarchaeia	Jordarchaeales		
11424729	a97f36e5-ded1-49cc-bdec-ac6170fc7b9c	11824439			Baldrarchaeales		Baldrarchaeales	Baldrarchaeales			order			accepted			Archaea	Asgardarchaeota	Baldrarchaeia	Baldrarchaeales		
11453783	a97f36e5-ded1-49cc-bdec-ac6170fc7b9c	11766235			Borrarchaeales		Borrarchaeales	Borrarchaeales			order			accepted			Archaea	Asgardarchaeota	Sifarchaeia	Borrarchaeales		
11707927	a97f36e5-ded1-49cc-bdec-ac6170fc7b9c	11766235			Sifarchaeales		Sifarchaeales	Sifarchaeales			order			accepted			Archaea	Asgardarchaeota	Sifarchaeia	Sifarchaeales		
11479710	a97f36e5-ded1-49cc-bdec-ac6170fc7b9c	11879226			Hermodarchaeles		Hermodarchaeles	Hermodarchaeles			order			accepted			Archaea	Asgardarchaeota	Hermodarchaeia	Hermodarchaeles		
10791973	a97f36e5-ded1-49cc-bdec-ac6170fc7b9c	10832109			Babeliales		Babeliales	Babeliales			order			accepted			Bacteria	Dependentiae	Babeliae	Babeliales		
9779483	7ddf754f-d193-4cc9-b351-99906754a03b	9723807			Chloropicales		Chloropicales	Chloropicales			order		Lopes dos Santos, A.; Pollina, T.; Gourvil, P.; Corre, E.; Marie, D.; Garrido, J. L.; Rodríguez, F.; Noël, M.-H.; Vaulot, D.; Eikrem, W. (2017). Chloropicophyceae, a new class of picophytoplanktonic prasinophytes. Scientific Reports. 7(1).	accepted			Plantae	Chlorophyta	Chloropicophyceae	Chloropicales		
10754264	a97f36e5-ded1-49cc-bdec-ac6170fc7b9c	10761152			Geobacterales		Geobacterales	Geobacterales			order			accepted			Bacteria	Desulfobacterota	Desulfuromonadia	Geobacterales		
1383	a97f36e5-ded1-49cc-bdec-ac6170fc7b9c	10761152			Desulfuromonadales		Desulfuromonadales	Desulfuromonadales			order			accepted			Bacteria	Desulfobacterota	Desulfuromonadia	Desulfuromonadales		
11426823	a97f36e5-ded1-49cc-bdec-ac6170fc7b9c	11757136			JAGOGO01						order			accepted			Bacteria	Desulfobacterota	WTBG01	JAGOGO01		
11862341	a97f36e5-ded1-49cc-bdec-ac6170fc7b9c	11757136			CAIYCZ01						order			accepted			Bacteria	Desulfobacterota	WTBG01	CAIYCZ01		
11851018	a97f36e5-ded1-49cc-bdec-ac6170fc7b9c	11451590			Zymogeniales		Zymogeniales	Zymogeniales			order			accepted			Bacteria	Desulfobacterota	Zymogenia	Zymogeniales		
11553257	a97f36e5-ded1-49cc-bdec-ac6170fc7b9c	10895279			S146-70						order			accepted			Bacteria	Desulfobacterota	GWC2-55-46	S146-70		
11441840	a97f36e5-ded1-49cc-bdec-ac6170fc7b9c	10895279			UBA9637						order			accepted			Bacteria	Desulfobacterota	GWC2-55-46	UBA9637		
11494750	a97f36e5-ded1-49cc-bdec-ac6170fc7b9c	10895279			S146-80						order			accepted			Bacteria	Desulfobacterota	GWC2-55-46	S146-80		
10672055	a97f36e5-ded1-49cc-bdec-ac6170fc7b9c	10843512			Dissulfuribacterales		Dissulfuribacterales	Dissulfuribacterales			order			accepted			Bacteria	Desulfobacterota	Dissulfuribacteria	Dissulfuribacterales		
10847807	a97f36e5-ded1-49cc-bdec-ac6170fc7b9c	10672374			Syntrophales		Syntrophales	Syntrophales			order			accepted			Bacteria	Desulfobacterota	Syntrophia	Syntrophales		
10872891	a97f36e5-ded1-49cc-bdec-ac6170fc7b9c	10859599			BM002						order			accepted			Bacteria	Desulfobacterota	Syntrophobacteria	BM002		
656	a97f36e5-ded1-49cc-bdec-ac6170fc7b9c	10859599			Syntrophobacterales		Syntrophobacterales	Syntrophobacterales			order			accepted			Bacteria	Desulfobacterota	Syntrophobacteria	Syntrophobacterales		
10764384	a97f36e5-ded1-49cc-bdec-ac6170fc7b9c	10859599			B119-G9						order			accepted			Bacteria	Desulfobacterota	Syntrophobacteria	B119-G9		
1477	a97f36e5-ded1-49cc-bdec-ac6170fc7b9c	218			Thermodesulfobacteriales		Thermodesulfobacteriales	Thermodesulfobacteriales			order			accepted			Bacteria	Desulfobacterota	Thermodesulfobacteria	Thermodesulfobacteriales		
7892413	7ea21580-4f06-469d-995b-3f713fdcc37c	192			Scourfieldiales		Scourfieldiales	Scourfieldiales			order			accepted			Plantae	Chlorophyta	Pedinophyceae	Scourfieldiales		
1358	7ea21580-4f06-469d-995b-3f713fdcc37c	192			Pedinomonadales		Pedinomonadales	Pedinomonadales			order			accepted			Plantae	Chlorophyta	Pedinophyceae	Pedinomonadales		
8089451	7ea21580-4f06-469d-995b-3f713fdcc37c	193			Pleurastrales		Pleurastrales	Pleurastrales			order			accepted			Plantae	Chlorophyta	Pleurastrophyceae	Pleurastrales		
9742808	7ddf754f-d193-4cc9-b351-99906754a03b	9760172			Picocystales		Picocystales	Picocystales			order		Lopes dos Santos, A.; Pollina, T.; Gourvil, P.; Corre, E.; Marie, D.; Garrido, J. L.; Rodríguez, F.; Noël, M.-H.; Vaulot, D.; Eikrem, W. (2017). Chloropicophyceae, a new class of picophytoplanktonic prasinophytes. Scientific Reports. 7(1).	accepted			Plantae	Chlorophyta	Picocystophyceae	Picocystales		
630	7ea21580-4f06-469d-995b-3f713fdcc37c	329			Phaeophilales		Phaeophilales	Phaeophilales			order			accepted			Plantae	Chlorophyta	Chlorophyceae	Phaeophilales		
629	7ea21580-4f06-469d-995b-3f713fdcc37c	329			Oedogoniales		Oedogoniales	Oedogoniales			order			accepted			Plantae	Chlorophyta	Chlorophyceae	Oedogoniales		
1346	7ea21580-4f06-469d-995b-3f713fdcc37c	329			Chaetopeltidales		Chaetopeltidales	Chaetopeltidales			order			accepted			Plantae	Chlorophyta	Chlorophyceae	Chaetopeltidales		
1347	7ea21580-4f06-469d-995b-3f713fdcc37c	329			Chaetophorales		Chaetophorales	Chaetophorales			order			accepted			Plantae	Chlorophyta	Chlorophyceae	Chaetophorales		
631	7ea21580-4f06-469d-995b-3f713fdcc37c	329			Tetrasporales		Tetrasporales	Tetrasporales			order			accepted			Plantae	Chlorophyta	Chlorophyceae	Tetrasporales		
12244639	7ddf754f-d193-4cc9-b351-99906754a03b	329			Receptaculitales		Receptaculitales	Receptaculitales			order			accepted			Plantae	Chlorophyta	Chlorophyceae	Receptaculitales		
7590563	7ea21580-4f06-469d-995b-3f713fdcc37c	329			Acrosiphoniales		Acrosiphoniales	Acrosiphoniales			order			accepted			Plantae	Chlorophyta	Chlorophyceae	Acrosiphoniales		
7429582	7ea21580-4f06-469d-995b-3f713fdcc37c	329			Sphaeropleales		Sphaeropleales	Sphaeropleales			order			accepted			Plantae	Chlorophyta	Chlorophyceae	Sphaeropleales		
7910170	7ea21580-4f06-469d-995b-3f713fdcc37c	329			Dunaliellales		Dunaliellales	Dunaliellales			order			accepted			Plantae	Chlorophyta	Chlorophyceae	Dunaliellales		
632	7ea21580-4f06-469d-995b-3f713fdcc37c	329			Volvocales		Volvocales	Volvocales			order			accepted			Plantae	Chlorophyta	Chlorophyceae	Volvocales		
8223403	7ea21580-4f06-469d-995b-3f713fdcc37c	329			Chlamydomonadales		Chlamydomonadales	Chlamydomonadales			order			accepted			Plantae	Chlorophyta	Chlorophyceae	Chlamydomonadales		
8426020	7ea21580-4f06-469d-995b-3f713fdcc37c	329			Caulerpales		Caulerpales	Caulerpales			order			accepted			Plantae	Chlorophyta	Chlorophyceae	Caulerpales		
1349	7ea21580-4f06-469d-995b-3f713fdcc37c	329			Chlorocystidales		Chlorocystidales	Chlorocystidales			order			accepted			Plantae	Chlorophyta	Chlorophyceae	Chlorocystidales		
8377969	7ea21580-4f06-469d-995b-3f713fdcc37c	329			Codiales		Codiales	Codiales			order			accepted			Plantae	Chlorophyta	Chlorophyceae	Codiales		
10713315	a97f36e5-ded1-49cc-bdec-ac6170fc7b9c	10802182			Desulfofervidales		Desulfofervidales	Desulfofervidales			order			accepted			Bacteria	Desulfobacterota	Desulfofervidia	Desulfofervidales		
1355	7ea21580-4f06-469d-995b-3f713fdcc37c	332			Prasiolales		Prasiolales	Prasiolales			order			accepted			Plantae	Chlorophyta	Trebouxiophyceae	Prasiolales		
1361	7ea21580-4f06-469d-995b-3f713fdcc37c	332			Oocystales		Oocystales	Oocystales			order			accepted			Plantae	Chlorophyta	Trebouxiophyceae	Oocystales		
1359	7ea21580-4f06-469d-995b-3f713fdcc37c	332			Chlorellales		Chlorellales	Chlorellales			order			accepted			Plantae	Chlorophyta	Trebouxiophyceae	Chlorellales		
1360	7ea21580-4f06-469d-995b-3f713fdcc37c	332			Microthamniales		Microthamniales	Microthamniales			order			accepted			Plantae	Chlorophyta	Trebouxiophyceae	Microthamniales		
8228499	7ea21580-4f06-469d-995b-3f713fdcc37c	332			Trebouxiales		Trebouxiales	Trebouxiales			order			accepted			Plantae	Chlorophyta	Trebouxiophyceae	Trebouxiales		
1382	a97f36e5-ded1-49cc-bdec-ac6170fc7b9c	10705277			Desulfobacterales		Desulfobacterales	Desulfobacterales			order			accepted			Bacteria	Desulfobacterota	Desulfobacteria	Desulfobacterales		
10873417	a97f36e5-ded1-49cc-bdec-ac6170fc7b9c	10705277			C00003060						order			accepted			Bacteria	Desulfobacterota	Desulfobacteria	C00003060		
8153819	7ea21580-4f06-469d-995b-3f713fdcc37c	7857160			Nephroselmidales		Nephroselmidales	Nephroselmidales			order			accepted			Plantae	Chlorophyta	Nephroselmidophyceae	Nephroselmidales		
7665839	7ea21580-4f06-469d-995b-3f713fdcc37c	336			Prasinococcales		Prasinococcales	Prasinococcales			order			accepted			Plantae	Chlorophyta	Prasinophyceae	Prasinococcales		
8178663	7ea21580-4f06-469d-995b-3f713fdcc37c	336			Pseudoscourfieldiales		Pseudoscourfieldiales	Pseudoscourfieldiales			order			accepted			Plantae	Chlorophyta	Prasinophyceae	Pseudoscourfieldiales		
1377	7ea21580-4f06-469d-995b-3f713fdcc37c	336			Pyramimonadales		Pyramimonadales	Pyramimonadales			order			accepted			Plantae	Chlorophyta	Prasinophyceae	Pyramimonadales		
1374	7ea21580-4f06-469d-995b-3f713fdcc37c	336			Chlorodendrales		Chlorodendrales	Chlorodendrales			order			accepted			Plantae	Chlorophyta	Prasinophyceae	Chlorodendrales		
7711153	7ea21580-4f06-469d-995b-3f713fdcc37c	336			Halosphaerales		Halosphaerales	Halosphaerales			order			accepted			Plantae	Chlorophyta	Prasinophyceae	Halosphaerales		
9744196	7ddf754f-d193-4cc9-b351-99906754a03b	12203163			Palmophyllales		Palmophyllales	Palmophyllales			order		Zechman, F. W.; Verbruggen, H.; Leliaert, F.; Ashworth, M.; Buchheim, M. A.; Fawley, M. W.; Spalding, H.; Pueschel, C. M.; Buchheim, J. A.; Verghese, B.; Hanisak, M. D. (2010). An unrecognized ancient lineage of green plants persists in deep marine waters. Journal of Phycology. 46(6): 1288-1295.	accepted			Plantae	Chlorophyta	Palmophyllophyceae	Palmophyllales		
1363	7ea21580-4f06-469d-995b-3f713fdcc37c	195			Codiolales		Codiolales	Codiolales			order			accepted			Plantae	Chlorophyta	Ulvophyceae	Codiolales		
1362	7ea21580-4f06-469d-995b-3f713fdcc37c	195			Cladophorales		Cladophorales	Cladophorales			order			accepted			Plantae	Chlorophyta	Ulvophyceae	Cladophorales		
7680596	7ea21580-4f06-469d-995b-3f713fdcc37c	195			Oltmannsiellopsidales		Oltmannsiellopsidales	Oltmannsiellopsidales			order			accepted			Plantae	Chlorophyta	Ulvophyceae	Oltmannsiellopsidales		
1365	7ea21580-4f06-469d-995b-3f713fdcc37c	195			Siphonocladales		Siphonocladales	Siphonocladales			order			accepted			Plantae	Chlorophyta	Ulvophyceae	Siphonocladales		
12243044	7ddf754f-d193-4cc9-b351-99906754a03b	195			Cyclocrinales		Cyclocrinales	Cyclocrinales			order			accepted			Plantae	Chlorophyta	Ulvophyceae	Cyclocrinales		
638	7ea21580-4f06-469d-995b-3f713fdcc37c	195			Trentepohliales		Trentepohliales	Trentepohliales			order			accepted			Plantae	Chlorophyta	Ulvophyceae	Trentepohliales		
625	7ea21580-4f06-469d-995b-3f713fdcc37c	195			Bryopsidales		Bryopsidales	Bryopsidales			order			accepted			Plantae	Chlorophyta	Ulvophyceae	Bryopsidales		
1356	7ea21580-4f06-469d-995b-3f713fdcc37c	195			Ulotrichales		Ulotrichales	Ulotrichales			order			accepted			Plantae	Chlorophyta	Ulvophyceae	Ulotrichales		
1364	7ea21580-4f06-469d-995b-3f713fdcc37c	195			Dasycladales		Dasycladales	Dasycladales			order			accepted			Plantae	Chlorophyta	Ulvophyceae	Dasycladales		
9702101	7ddf754f-d193-4cc9-b351-99906754a03b	195			Scotinosphaerales		Scotinosphaerales	Scotinosphaerales			order		Škaloud, P.; Kalina, T.; Nemjová, K.; De Clerck, O.; Leliaert, F. (2013). Morphology and phylogenetic position of the freshwater green microalgae Chlorochytrium (Chlorophyceae) and Scotinosphaera (Scotinosphaerales, ord. nov., Ulvophyceae). Journal of Phycology. 49(1): 115-129.	accepted			Plantae	Chlorophyta	Ulvophyceae	Scotinosphaerales		
641	7ea21580-4f06-469d-995b-3f713fdcc37c	195			Ulvales		Ulvales	Ulvales			order			accepted			Plantae	Chlorophyta	Ulvophyceae	Ulvales		
1376	7ea21580-4f06-469d-995b-3f713fdcc37c	8176772			Mamiellales		Mamiellales	Mamiellales			order			accepted			Plantae	Chlorophyta	Mamiellophyceae	Mamiellales		
9794770	7ddf754f-d193-4cc9-b351-99906754a03b	8176772			Monomastigales		Monomastigales	Monomastigales			order			accepted			Plantae	Chlorophyta	Mamiellophyceae	Monomastigales		
7985202	7ea21580-4f06-469d-995b-3f713fdcc37c	8176772			Dolichomastigales		Dolichomastigales	Dolichomastigales			order			accepted			Plantae	Chlorophyta	Mamiellophyceae	Dolichomastigales		
10879171	a97f36e5-ded1-49cc-bdec-ac6170fc7b9c	10792383			UBA1062						order			accepted			Bacteria	Desulfobacterota	Desulfomonilia	UBA1062		
10723178	a97f36e5-ded1-49cc-bdec-ac6170fc7b9c	10792383			Desulfomonilales		Desulfomonilales	Desulfomonilales			order			accepted			Bacteria	Desulfobacterota	Desulfomonilia	Desulfomonilales		
10811542	a97f36e5-ded1-49cc-bdec-ac6170fc7b9c	10703881			B13-G15						order			accepted			Bacteria	Desulfobacterota	BSN033	B13-G15		
11636567	a97f36e5-ded1-49cc-bdec-ac6170fc7b9c	10703881			WVXP01						order			accepted			Bacteria	Desulfobacterota	BSN033	WVXP01		
10729196	a97f36e5-ded1-49cc-bdec-ac6170fc7b9c	10786246			Adiutricales		Adiutricales	Adiutricales			order			accepted			Bacteria	Desulfobacterota	Desulfarculia	Adiutricales		
653	a97f36e5-ded1-49cc-bdec-ac6170fc7b9c	10786246			Desulfarculales		Desulfarculales	Desulfarculales			order			accepted			Bacteria	Desulfobacterota	Desulfarculia	Desulfarculales		
10696170	a97f36e5-ded1-49cc-bdec-ac6170fc7b9c	10819244			Desulfobulbales		Desulfobulbales	Desulfobulbales			order			accepted			Bacteria	Desulfobacterota	Desulfobulbia	Desulfobulbales		
10678054	a97f36e5-ded1-49cc-bdec-ac6170fc7b9c	10837405			Desulfobaccales		Desulfobaccales	Desulfobaccales			order			accepted			Bacteria	Desulfobacterota	Desulfobaccia	Desulfobaccales		
10685297	a97f36e5-ded1-49cc-bdec-ac6170fc7b9c	10809188			PEZQ01						order			accepted			Archaea	Nanoarchaeota	Nanoarchaeia	PEZQ01		
10814690	a97f36e5-ded1-49cc-bdec-ac6170fc7b9c	10809188			Pacearchaeales		Pacearchaeales	Pacearchaeales			order			accepted			Archaea	Nanoarchaeota	Nanoarchaeia	Pacearchaeales		
10864153	a97f36e5-ded1-49cc-bdec-ac6170fc7b9c	10809188			CSSed11-243R1						order			accepted			Archaea	Nanoarchaeota	Nanoarchaeia	CSSed11-243R1		
10763219	a97f36e5-ded1-49cc-bdec-ac6170fc7b9c	10809188			B33-G15						order			accepted			Archaea	Nanoarchaeota	Nanoarchaeia	B33-G15		
10846076	a97f36e5-ded1-49cc-bdec-ac6170fc7b9c	10809188			UBA10117						order			accepted			Archaea	Nanoarchaeota	Nanoarchaeia	UBA10117		
10797252	a97f36e5-ded1-49cc-bdec-ac6170fc7b9c	10809188			Parvarchaeales		Parvarchaeales	Parvarchaeales			order			accepted			Archaea	Nanoarchaeota	Nanoarchaeia	Parvarchaeales		
11786237	a97f36e5-ded1-49cc-bdec-ac6170fc7b9c	10809188			WJKC01						order			accepted			Archaea	Nanoarchaeota	Nanoarchaeia	WJKC01		
10868249	a97f36e5-ded1-49cc-bdec-ac6170fc7b9c	10809188			Nanoarchaeales		Nanoarchaeales	Nanoarchaeales			order			accepted			Archaea	Nanoarchaeota	Nanoarchaeia	Nanoarchaeales		
11622593	a97f36e5-ded1-49cc-bdec-ac6170fc7b9c	10809188			Tiddalikarchaeales		Tiddalikarchaeales	Tiddalikarchaeales			order			accepted			Archaea	Nanoarchaeota	Nanoarchaeia	Tiddalikarchaeales		
10848299	a97f36e5-ded1-49cc-bdec-ac6170fc7b9c	10809188			Woesearchaeales		Woesearchaeales	Woesearchaeales			order			accepted			Archaea	Nanoarchaeota	Nanoarchaeia	Woesearchaeales		
11158910	a97f36e5-ded1-49cc-bdec-ac6170fc7b9c	10809188			DTBS01						order			accepted			Archaea	Nanoarchaeota	Nanoarchaeia	DTBS01		
471	7ddf754f-d193-4cc9-b351-99906754a03b	255			Branchiobdellida		Branchiobdellida	Branchiobdellida			order			accepted			Animalia	Annelida	Clitellata	Branchiobdellida		
1076	7ddf754f-d193-4cc9-b351-99906754a03b	255			Acanthobdellida		Acanthobdellida	Acanthobdellida			order			accepted			Animalia	Annelida	Clitellata	Acanthobdellida		
1077	7ddf754f-d193-4cc9-b351-99906754a03b	255			Arhynchobdellida		Arhynchobdellida	Arhynchobdellida			order			accepted			Animalia	Annelida	Clitellata	Arhynchobdellida		
7190133	7ddf754f-d193-4cc9-b351-99906754a03b	255			Opisthopora		Opisthopora	Opisthopora			order			accepted			Animalia	Annelida	Clitellata	Opisthopora		
909	7ddf754f-d193-4cc9-b351-99906754a03b	255			Euhirudinea		Euhirudinea	Euhirudinea			order			accepted			Animalia	Annelida	Clitellata	Euhirudinea		
1078	7ddf754f-d193-4cc9-b351-99906754a03b	255			Rhynchobdellida		Rhynchobdellida	Rhynchobdellida			order			accepted			Animalia	Annelida	Clitellata	Rhynchobdellida		
1080	7ddf754f-d193-4cc9-b351-99906754a03b	256			Sabellida		Sabellida	Sabellida			order		Levinsen, G. M. R. (1883). Systematisk-geografisk Oversigt over de nordiske Annulata, Gephyrea, Chaetognathi og Balanoglossi. Videnskabelige Meddelelser Fra Dansk Naturhistorisk Forening I Köbenhavn, 1882, 160–251. https://www.marinespecies.org/polychaeta/aphia.php?p=sourcedetails&id=50838	accepted			Animalia	Annelida	Polychaeta	Sabellida		
1079	7ddf754f-d193-4cc9-b351-99906754a03b	256			Phyllodocida		Phyllodocida	Phyllodocida			order		Dales, R. P. (1962). The polychaete stomodeum and the inter-relationships of the families of Polychaeta. Proceedings of the Zoological Society of London, 139(3): 389–428. https://www.marinespecies.org/polychaeta/aphia.php?p=sourcedetails&id=57497	accepted			Animalia	Annelida	Polychaeta	Phyllodocida		
8349555	7ddf754f-d193-4cc9-b351-99906754a03b	256			Echiuroidea		Echiuroidea	Echiuroidea			order			accepted			Animalia	Annelida	Polychaeta	Echiuroidea		
865	7ddf754f-d193-4cc9-b351-99906754a03b	256			Eunicida		Eunicida	Eunicida			order			accepted			Animalia	Annelida	Polychaeta	Eunicida		
864	7ddf754f-d193-4cc9-b351-99906754a03b	256			Amphinomida		Amphinomida	Amphinomida			order			accepted			Animalia	Annelida	Polychaeta	Amphinomida		
11111965	a97f36e5-ded1-49cc-bdec-ac6170fc7b9c	10891507			RKRQ01						order			accepted			Bacteria	Desulfobacterota_D	UBA1144	RKRQ01		
10773900	a97f36e5-ded1-49cc-bdec-ac6170fc7b9c	10891507			UBA2774						order			accepted			Bacteria	Desulfobacterota_D	UBA1144	UBA2774		
10867610	7ddf754f-d193-4cc9-b351-99906754a03b	10692123			Sanchytriales		Sanchytriales	Sanchytriales			order			accepted			Fungi	Sanchytriomycota	Sanchytriomycetes	Sanchytriales		
10883125	a97f36e5-ded1-49cc-bdec-ac6170fc7b9c	10707499			Hydrogenedentiales		Hydrogenedentiales	Hydrogenedentiales			order			accepted			Bacteria	Hydrogenedentota	Hydrogenedentia	Hydrogenedentiales		
516	7ddf754f-d193-4cc9-b351-99906754a03b	267			Neocallimastigales		Neocallimastigales	Neocallimastigales			order			accepted			Fungi	Neocallimastigomycota	Neocallimastigomycetes	Neocallimastigales		
1060	7ddf754f-d193-4cc9-b351-99906754a03b	318			Rhizophlyctidales		Rhizophlyctidales	Rhizophlyctidales			order			accepted			Fungi	Chytridiomycota	Chytridiomycetes	Rhizophlyctidales		
519	7ddf754f-d193-4cc9-b351-99906754a03b	318			Spizellomycetales		Spizellomycetales	Spizellomycetales			order			accepted			Fungi	Chytridiomycota	Chytridiomycetes	Spizellomycetales		
8137353	7ddf754f-d193-4cc9-b351-99906754a03b	318			Olpidiales		Olpidiales	Olpidiales			order			accepted			Fungi	Chytridiomycota	Chytridiomycetes	Olpidiales		
10745599	7ddf754f-d193-4cc9-b351-99906754a03b	318			Cladochytriales		Cladochytriales	Cladochytriales			order			accepted			Fungi	Chytridiomycota	Chytridiomycetes	Cladochytriales		
12199324	7ddf754f-d193-4cc9-b351-99906754a03b	318			Zygophlyctidales		Zygophlyctidales	Zygophlyctidales			order			accepted			Fungi	Chytridiomycota	Chytridiomycetes	Zygophlyctidales		
10781680	7ddf754f-d193-4cc9-b351-99906754a03b	318			Polychytriales		Polychytriales	Polychytriales			order			accepted			Fungi	Chytridiomycota	Chytridiomycetes	Polychytriales		
1118	7ddf754f-d193-4cc9-b351-99906754a03b	318			Chytridiales		Chytridiales	Chytridiales			order			accepted			Fungi	Chytridiomycota	Chytridiomycetes	Chytridiales		
518	7ddf754f-d193-4cc9-b351-99906754a03b	268			Monoblepharidales		Monoblepharidales	Monoblepharidales			order			accepted			Fungi	Chytridiomycota	Monoblepharidomycetes	Monoblepharidales		
10861280	a97f36e5-ded1-49cc-bdec-ac6170fc7b9c	296			Hydrogenothermales		Hydrogenothermales	Hydrogenothermales			order			accepted			Bacteria	Aquificota	Aquificae	Hydrogenothermales		
582	a97f36e5-ded1-49cc-bdec-ac6170fc7b9c	296			Aquificales		Aquificales	Aquificales			order			accepted			Bacteria	Aquificota	Aquificae	Aquificales		
1117	7ddf754f-d193-4cc9-b351-99906754a03b	10689325			Rhizophydiales		Rhizophydiales	Rhizophydiales			order			accepted			Fungi	Chytridiomycota	Rhizophydiomycetes	Rhizophydiales		
5952403	7ddf754f-d193-4cc9-b351-99906754a03b	12190331			Lobulomycetales		Lobulomycetales	Lobulomycetales			order			accepted			Fungi	Chytridiomycota	Lobulomycetes	Lobulomycetales		
10701621	a97f36e5-ded1-49cc-bdec-ac6170fc7b9c	10813837			Desulfurobacteriales		Desulfurobacteriales	Desulfurobacteriales			order			accepted			Bacteria	Aquificota	Desulfurobacteriia	Desulfurobacteriales		
7679879	7ddf754f-d193-4cc9-b351-99906754a03b	12250764			Gromochytriales		Gromochytriales	Gromochytriales			order			accepted			Fungi	Chytridiomycota	Mesochytriomycetes	Gromochytriales		
7648995	7ddf754f-d193-4cc9-b351-99906754a03b	8235041			Armophorida		Armophorida	Armophorida			order			accepted			Chromista	Ciliophora	Heterotrichea	Armophorida		
7778472	7ddf754f-d193-4cc9-b351-99906754a03b	8235041			Plagiotomida		Plagiotomida	Plagiotomida			order			accepted			Chromista	Ciliophora	Heterotrichea	Plagiotomida		
8169551	7ddf754f-d193-4cc9-b351-99906754a03b	8235041			Heterotrichida		Heterotrichida	Heterotrichida			order			accepted			Chromista	Ciliophora	Heterotrichea	Heterotrichida		
7634364	7ddf754f-d193-4cc9-b351-99906754a03b	8229102			Sorogenida		Sorogenida	Sorogenida			order			accepted			Chromista	Ciliophora	Colpodea	Sorogenida		
7773411	7ddf754f-d193-4cc9-b351-99906754a03b	8229102			Colpodida		Colpodida	Colpodida			order			accepted			Chromista	Ciliophora	Colpodea	Colpodida		
8082344	7ddf754f-d193-4cc9-b351-99906754a03b	8229102			Grossglockneriida		Grossglockneriida	Grossglockneriida			order			accepted			Chromista	Ciliophora	Colpodea	Grossglockneriida		
7646486	7ddf754f-d193-4cc9-b351-99906754a03b	8229102			Bursariomorphida		Bursariomorphida	Bursariomorphida			order			accepted			Chromista	Ciliophora	Colpodea	Bursariomorphida		
7520151	7ddf754f-d193-4cc9-b351-99906754a03b	8229102			Cyrtolophosidida		Cyrtolophosidida	Cyrtolophosidida			order			accepted			Chromista	Ciliophora	Colpodea	Cyrtolophosidida		
8287790	7ddf754f-d193-4cc9-b351-99906754a03b	8229102			Bryophryida		Bryophryida	Bryophryida			order			accepted			Chromista	Ciliophora	Colpodea	Bryophryida		
7671830	7ddf754f-d193-4cc9-b351-99906754a03b	8229102			Bryometopida		Bryometopida	Bryometopida			order			accepted			Chromista	Ciliophora	Colpodea	Bryometopida		
7699047	7ddf754f-d193-4cc9-b351-99906754a03b	8318312			Prostomatida		Prostomatida	Prostomatida			order			accepted			Chromista	Ciliophora	Prostomatea	Prostomatida		
7664449	7ddf754f-d193-4cc9-b351-99906754a03b	8319235			Prorodontida		Prorodontida	Prorodontida			order			accepted			Chromista	Ciliophora	Gymnostomatea	Prorodontida		
7801033	7ddf754f-d193-4cc9-b351-99906754a03b	8319235			Cyclotrichida		Cyclotrichida	Cyclotrichida			order			accepted			Chromista	Ciliophora	Gymnostomatea	Cyclotrichida		
8070553	7ddf754f-d193-4cc9-b351-99906754a03b	8319235			Pseudoholophryida		Pseudoholophryida	Pseudoholophryida			order			accepted			Chromista	Ciliophora	Gymnostomatea	Pseudoholophryida		
7569076	7ddf754f-d193-4cc9-b351-99906754a03b	8319235			Haptorida		Haptorida	Haptorida			order			accepted			Chromista	Ciliophora	Gymnostomatea	Haptorida		
7491457	7ddf754f-d193-4cc9-b351-99906754a03b	8319235			Spathidiida		Spathidiida	Spathidiida			order			accepted			Chromista	Ciliophora	Gymnostomatea	Spathidiida		
7729658	7ddf754f-d193-4cc9-b351-99906754a03b	8319235			Pleurostomatida		Pleurostomatida	Pleurostomatida			order			accepted			Chromista	Ciliophora	Gymnostomatea	Pleurostomatida		
8026886	7ddf754f-d193-4cc9-b351-99906754a03b	7478606			Loxodida		Loxodida	Loxodida			order			accepted			Chromista	Ciliophora	Karyorelictea	Loxodida		
8035256	7ddf754f-d193-4cc9-b351-99906754a03b	7478606			Karyorelictida		Karyorelictida	Karyorelictida			order			accepted			Chromista	Ciliophora	Karyorelictea	Karyorelictida		
8024259	7ddf754f-d193-4cc9-b351-99906754a03b	7478606			Protoheterotrichida		Protoheterotrichida	Protoheterotrichida			order			accepted			Chromista	Ciliophora	Karyorelictea	Protoheterotrichida		
7885081	7ddf754f-d193-4cc9-b351-99906754a03b	7478606			Trachelocercida		Trachelocercida	Trachelocercida			order			accepted			Chromista	Ciliophora	Karyorelictea	Trachelocercida		
7950736	7ddf754f-d193-4cc9-b351-99906754a03b	7551344			Nassulopsida		Nassulopsida	Nassulopsida			order			accepted			Chromista	Ciliophora	Nassophorea	Nassulopsida		
7816336	7ddf754f-d193-4cc9-b351-99906754a03b	7551344			Synhymeniida		Synhymeniida	Synhymeniida			order			accepted			Chromista	Ciliophora	Nassophorea	Synhymeniida		
7543638	7ddf754f-d193-4cc9-b351-99906754a03b	7551344			Nassulida		Nassulida	Nassulida			order			accepted			Chromista	Ciliophora	Nassophorea	Nassulida		
7897575	7ddf754f-d193-4cc9-b351-99906754a03b	8168405			Dysteriida		Dysteriida	Dysteriida			order			accepted			Chromista	Ciliophora	Cyrtophoria	Dysteriida		
7522224	7ddf754f-d193-4cc9-b351-99906754a03b	8168405			Cyrtophorida		Cyrtophorida	Cyrtophorida			order			accepted			Chromista	Ciliophora	Cyrtophoria	Cyrtophorida		
7359863	7ddf754f-d193-4cc9-b351-99906754a03b	8168405			Chilodonellida		Chilodonellida	Chilodonellida			order			accepted			Chromista	Ciliophora	Cyrtophoria	Chilodonellida		
7842954	7ddf754f-d193-4cc9-b351-99906754a03b	8168405			Chlamydodontida		Chlamydodontida	Chlamydodontida			order			accepted			Chromista	Ciliophora	Cyrtophoria	Chlamydodontida		
7945900	7ddf754f-d193-4cc9-b351-99906754a03b	7550408			Urostylida		Urostylida	Urostylida			order			accepted			Chromista	Ciliophora	Hypotrichea	Urostylida		
8050047	7ddf754f-d193-4cc9-b351-99906754a03b	7550408			Stichotrichida		Stichotrichida	Stichotrichida			order			accepted			Chromista	Ciliophora	Hypotrichea	Stichotrichida		
7951725	7ddf754f-d193-4cc9-b351-99906754a03b	7550408			Oxytrichida		Oxytrichida	Oxytrichida			order			accepted			Chromista	Ciliophora	Hypotrichea	Oxytrichida		
8290279	7ddf754f-d193-4cc9-b351-99906754a03b	7550408			Euplotida		Euplotida	Euplotida			order			accepted			Chromista	Ciliophora	Hypotrichea	Euplotida		
8354059	7ddf754f-d193-4cc9-b351-99906754a03b	7665255			Paracinetida		Paracinetida	Paracinetida			order			accepted			Chromista	Ciliophora	Phyllopharyngea	Paracinetida		
7934197	7ddf754f-d193-4cc9-b351-99906754a03b	7982209			Odontostomatida		Odontostomatida	Odontostomatida			order			accepted			Chromista	Ciliophora	Spirotrichea	Odontostomatida		
8198719	7ddf754f-d193-4cc9-b351-99906754a03b	7982209			Phacodiniida		Phacodiniida	Phacodiniida			order			accepted			Chromista	Ciliophora	Spirotrichea	Phacodiniida		
8226469	7ddf754f-d193-4cc9-b351-99906754a03b	7982209			Kiitrichida		Kiitrichida	Kiitrichida			order			accepted			Chromista	Ciliophora	Spirotrichea	Kiitrichida		
8381091	7ddf754f-d193-4cc9-b351-99906754a03b	7982209			Protocruziida		Protocruziida	Protocruziida			order			accepted			Chromista	Ciliophora	Spirotrichea	Protocruziida		
8027061	7ddf754f-d193-4cc9-b351-99906754a03b	7982209			Licnophorida		Licnophorida	Licnophorida			order			accepted			Chromista	Ciliophora	Spirotrichea	Licnophorida		
7356627	7ddf754f-d193-4cc9-b351-99906754a03b	7732358			Tintinnida		Tintinnida	Tintinnida			order			accepted			Chromista	Ciliophora	Oligotrichea	Tintinnida		
7885786	7ddf754f-d193-4cc9-b351-99906754a03b	7732358			Oligotrichida		Oligotrichida	Oligotrichida			order			accepted			Chromista	Ciliophora	Oligotrichea	Oligotrichida		
8036030	7ddf754f-d193-4cc9-b351-99906754a03b	7732358			Choreotrichida		Choreotrichida	Choreotrichida			order			accepted			Chromista	Ciliophora	Oligotrichea	Choreotrichida		
7711018	7ddf754f-d193-4cc9-b351-99906754a03b	7732358			Strombidiida		Strombidiida	Strombidiida			order			accepted			Chromista	Ciliophora	Oligotrichea	Strombidiida		
8131315	7ddf754f-d193-4cc9-b351-99906754a03b	7732358			Halteriida		Halteriida	Halteriida			order			accepted			Chromista	Ciliophora	Oligotrichea	Halteriida		
7911165	7ddf754f-d193-4cc9-b351-99906754a03b	7589559			Dileptida		Dileptida	Dileptida			order			accepted			Chromista	Ciliophora	Litostomatea	Dileptida		
8149836	7ddf754f-d193-4cc9-b351-99906754a03b	7589559			Tracheliida		Tracheliida	Tracheliida			order			accepted			Chromista	Ciliophora	Litostomatea	Tracheliida		
7483454	7ddf754f-d193-4cc9-b351-99906754a03b	7908305			Plagiopylida		Plagiopylida	Plagiopylida			order			accepted			Chromista	Ciliophora	Kinetofragminophora	Plagiopylida		
7592404	7ddf754f-d193-4cc9-b351-99906754a03b	7908305			Suctorida		Suctorida	Suctorida			order			accepted			Chromista	Ciliophora	Kinetofragminophora	Suctorida		
7958844	7ddf754f-d193-4cc9-b351-99906754a03b	7908305			Apostomatida		Apostomatida	Apostomatida			order			accepted			Chromista	Ciliophora	Kinetofragminophora	Apostomatida		
8116740	7ddf754f-d193-4cc9-b351-99906754a03b	7908305			Trichostomatida		Trichostomatida	Trichostomatida			order			accepted			Chromista	Ciliophora	Kinetofragminophora	Trichostomatida		
7984607	7ddf754f-d193-4cc9-b351-99906754a03b	8006472			Hymenostomatida		Hymenostomatida	Hymenostomatida			order			accepted			Chromista	Ciliophora	Oligohymenophorea	Hymenostomatida		
7497885	7ddf754f-d193-4cc9-b351-99906754a03b	8006472			Peniculida		Peniculida	Peniculida			order			accepted			Chromista	Ciliophora	Oligohymenophorea	Peniculida		
7560244	7ddf754f-d193-4cc9-b351-99906754a03b	8006472			Pleuronematida		Pleuronematida	Pleuronematida			order			accepted			Chromista	Ciliophora	Oligohymenophorea	Pleuronematida		
7964270	7ddf754f-d193-4cc9-b351-99906754a03b	8006472			Peritrichida		Peritrichida	Peritrichida			order			accepted			Chromista	Ciliophora	Oligohymenophorea	Peritrichida		
7828720	7ddf754f-d193-4cc9-b351-99906754a03b	8006472			Philasterida		Philasterida	Philasterida			order			accepted			Chromista	Ciliophora	Oligohymenophorea	Philasterida		
7549732	7ddf754f-d193-4cc9-b351-99906754a03b	8006472			Scuticociliatida		Scuticociliatida	Scuticociliatida			order			accepted			Chromista	Ciliophora	Oligohymenophorea	Scuticociliatida		
8072279	7ddf754f-d193-4cc9-b351-99906754a03b	8006472			Astomatida		Astomatida	Astomatida			order			accepted			Chromista	Ciliophora	Oligohymenophorea	Astomatida		
7406300	7ddf754f-d193-4cc9-b351-99906754a03b	8227789			Developayellales		Developayellales	Developayellales			order			accepted			Chromista	Oomycota	Bigyromonadea	Developayellales		
1031	7ddf754f-d193-4cc9-b351-99906754a03b	8179345			Saprolegniales		Saprolegniales	Saprolegniales			order			accepted			Chromista	Oomycota	Peronosporea	Saprolegniales		
1256	7ddf754f-d193-4cc9-b351-99906754a03b	8179345			Lagenismatales		Lagenismatales	Lagenismatales			order			accepted			Chromista	Oomycota	Peronosporea	Lagenismatales		
845	7ddf754f-d193-4cc9-b351-99906754a03b	8179345			Rozellopsidales		Rozellopsidales	Rozellopsidales			order			accepted			Chromista	Oomycota	Peronosporea	Rozellopsidales		
1259	7ddf754f-d193-4cc9-b351-99906754a03b	8179345			Peronosporales		Peronosporales	Peronosporales			order			accepted			Chromista	Oomycota	Peronosporea	Peronosporales		
846	7ddf754f-d193-4cc9-b351-99906754a03b	8179345			Haptoglossales		Haptoglossales	Haptoglossales			order			accepted			Chromista	Oomycota	Peronosporea	Haptoglossales		
740	7ddf754f-d193-4cc9-b351-99906754a03b	8179345			Anisolpidiales		Anisolpidiales	Anisolpidiales			order			accepted			Chromista	Oomycota	Peronosporea	Anisolpidiales		
1257	7ddf754f-d193-4cc9-b351-99906754a03b	8179345			Leptomitales		Leptomitales	Leptomitales			order			accepted			Chromista	Oomycota	Peronosporea	Leptomitales		
1028	7ddf754f-d193-4cc9-b351-99906754a03b	8179345			Olpidiopsidales		Olpidiopsidales	Olpidiopsidales			order			accepted			Chromista	Oomycota	Peronosporea	Olpidiopsidales		
10747211	7ddf754f-d193-4cc9-b351-99906754a03b	8179345			Pontismatales		Pontismatales	Pontismatales			order			accepted			Chromista	Oomycota	Peronosporea	Pontismatales		
1255	7ddf754f-d193-4cc9-b351-99906754a03b	8179345			Albuginales		Albuginales	Albuginales			order			accepted			Chromista	Oomycota	Peronosporea	Albuginales		
1030	7ddf754f-d193-4cc9-b351-99906754a03b	8179345			Rhipidiales		Rhipidiales	Rhipidiales			order			accepted			Chromista	Oomycota	Peronosporea	Rhipidiales		
1253	7ddf754f-d193-4cc9-b351-99906754a03b	8253982			Hyphochytriales		Hyphochytriales	Hyphochytriales			order			accepted			Chromista	Oomycota	Hyphochytrea	Hyphochytriales		
10802788	a97f36e5-ded1-49cc-bdec-ac6170fc7b9c	11113581			SM23-81						order			accepted			Bacteria	TA06_A	DG-26_A	SM23-81		
10698682	a97f36e5-ded1-49cc-bdec-ac6170fc7b9c	10874215			Calditrichia		Calditrichia	Calditrichia			class			accepted			Bacteria	Calditrichota	Calditrichia			
10860289	a97f36e5-ded1-49cc-bdec-ac6170fc7b9c	10844503			Campylobacteria		Campylobacteria	Campylobacteria			class			accepted			Bacteria	Campylobacterota	Campylobacteria			
10671070	a97f36e5-ded1-49cc-bdec-ac6170fc7b9c	10844503			Desulfurellia		Desulfurellia	Desulfurellia			class			accepted			Bacteria	Campylobacterota	Desulfurellia			
11120928	a97f36e5-ded1-49cc-bdec-ac6170fc7b9c	10708123			DG-26						class			accepted			Bacteria	TA06	DG-26			
11193395	a97f36e5-ded1-49cc-bdec-ac6170fc7b9c	10894271			CAIYQO01						class			accepted			Bacteria	Armatimonadota	CAIYQO01			
10811841	a97f36e5-ded1-49cc-bdec-ac6170fc7b9c	10841181			Mor1						class			accepted			Bacteria	Acidobacteriota	Mor1			
7518266	a97f36e5-ded1-49cc-bdec-ac6170fc7b9c	10894271			Armatimonadia		Armatimonadia	Armatimonadia			class			accepted			Bacteria	Armatimonadota	Armatimonadia			
10828338	a97f36e5-ded1-49cc-bdec-ac6170fc7b9c	10894271			UBA5377						class			accepted			Bacteria	Armatimonadota	UBA5377			
7708627	a97f36e5-ded1-49cc-bdec-ac6170fc7b9c	10894271			Chthonomonadetes		Chthonomonadetes	Chthonomonadetes			class			accepted			Bacteria	Armatimonadota	Chthonomonadetes			
10852877	a97f36e5-ded1-49cc-bdec-ac6170fc7b9c	10894271			SYMT01						class			accepted			Bacteria	Armatimonadota	SYMT01			
7547422	a97f36e5-ded1-49cc-bdec-ac6170fc7b9c	10841181			Holophagae		Holophagae	Holophagae			class			accepted			Bacteria	Acidobacteriota	Holophagae			
10869170	a97f36e5-ded1-49cc-bdec-ac6170fc7b9c	10841181			Vicinamibacteria		Vicinamibacteria	Vicinamibacteria			class			accepted			Bacteria	Acidobacteriota	Vicinamibacteria			
11206977	a97f36e5-ded1-49cc-bdec-ac6170fc7b9c	10841181			CAIWXX01						class			accepted			Bacteria	Acidobacteriota	CAIWXX01			
10770078	a97f36e5-ded1-49cc-bdec-ac6170fc7b9c	10894271			Abditibacteria		Abditibacteria	Abditibacteria			class			accepted			Bacteria	Armatimonadota	Abditibacteria			
10703993	a97f36e5-ded1-49cc-bdec-ac6170fc7b9c	10894271			UBA5829						class			accepted			Bacteria	Armatimonadota	UBA5829			
10869597	a97f36e5-ded1-49cc-bdec-ac6170fc7b9c	68			Sericytochromatia		Sericytochromatia	Sericytochromatia			class			accepted			Bacteria	Cyanobacteria	Sericytochromatia			
10818025	a97f36e5-ded1-49cc-bdec-ac6170fc7b9c	10841181			UBA890						class			accepted			Bacteria	Acidobacteriota	UBA890			
10863058	a97f36e5-ded1-49cc-bdec-ac6170fc7b9c	10841181			HRBIN11						class			accepted			Bacteria	Acidobacteriota	HRBIN11			
10729825	a97f36e5-ded1-49cc-bdec-ac6170fc7b9c	10841181			Thermoanaerobaculia		Thermoanaerobaculia	Thermoanaerobaculia			class			accepted			Bacteria	Acidobacteriota	Thermoanaerobaculia			
10774316	a97f36e5-ded1-49cc-bdec-ac6170fc7b9c	68			Cyanobacteriia		Cyanobacteriia	Cyanobacteriia			class			accepted			Bacteria	Cyanobacteria	Cyanobacteriia			
10846871	a97f36e5-ded1-49cc-bdec-ac6170fc7b9c	10894271			Fimbriimonadia		Fimbriimonadia	Fimbriimonadia			class			accepted			Bacteria	Armatimonadota	Fimbriimonadia			
10838060	a97f36e5-ded1-49cc-bdec-ac6170fc7b9c	10894271			HRBIN16						class			accepted			Bacteria	Armatimonadota	HRBIN16			
10843988	a97f36e5-ded1-49cc-bdec-ac6170fc7b9c	68			Vampirovibrionia		Vampirovibrionia	Vampirovibrionia			class			accepted			Bacteria	Cyanobacteria	Vampirovibrionia			
10703381	a97f36e5-ded1-49cc-bdec-ac6170fc7b9c	10841181			UBA4820						class			accepted			Bacteria	Acidobacteriota	UBA4820			
11129731	a97f36e5-ded1-49cc-bdec-ac6170fc7b9c	10894271			DTGP01						class			accepted			Bacteria	Armatimonadota	DTGP01			
10802830	a97f36e5-ded1-49cc-bdec-ac6170fc7b9c	10894271			UBA10988						class			accepted			Bacteria	Armatimonadota	UBA10988			
10729575	a97f36e5-ded1-49cc-bdec-ac6170fc7b9c	10894271			HRBIN17						class			accepted			Bacteria	Armatimonadota	HRBIN17			
10753873	a97f36e5-ded1-49cc-bdec-ac6170fc7b9c	10841181			Blastocatellia		Blastocatellia	Blastocatellia			class			accepted			Bacteria	Acidobacteriota	Blastocatellia			
10674311	a97f36e5-ded1-49cc-bdec-ac6170fc7b9c	10841181			Aminicenantia		Aminicenantia	Aminicenantia			class			accepted			Bacteria	Acidobacteriota	Aminicenantia			
10837443	a97f36e5-ded1-49cc-bdec-ac6170fc7b9c	10841181			UBA6911						class			accepted			Bacteria	Acidobacteriota	UBA6911			
10689929	a97f36e5-ded1-49cc-bdec-ac6170fc7b9c	10841181			Acidobacteriae		Acidobacteriae	Acidobacteriae			class			accepted			Bacteria	Acidobacteriota	Acidobacteriae			
10827900	a97f36e5-ded1-49cc-bdec-ac6170fc7b9c	10841181			B3-B38						class			accepted			Bacteria	Acidobacteriota	B3-B38			
10808051	a97f36e5-ded1-49cc-bdec-ac6170fc7b9c	10707313			AC1						class			accepted			Bacteria	Edwardsbacteria	AC1			
10798973	a97f36e5-ded1-49cc-bdec-ac6170fc7b9c	10716523			Sumerlaeia		Sumerlaeia	Sumerlaeia			class			accepted			Bacteria	Sumerlaeota	Sumerlaeia			
11212796	a97f36e5-ded1-49cc-bdec-ac6170fc7b9c	10897559			WVWN01						order			accepted			Bacteria		B26-G2	WVWN01		
10842575	a97f36e5-ded1-49cc-bdec-ac6170fc7b9c	10781403			PGYV01						class			accepted			Bacteria	Goldbacteria	PGYV01			
11428404	a97f36e5-ded1-49cc-bdec-ac6170fc7b9c	10842633			WFRC01						order			accepted			Bacteria		UBA3072	WFRC01		
10712156	a97f36e5-ded1-49cc-bdec-ac6170fc7b9c	11124379			MBNT15						class			accepted			Bacteria	Desulfobacterota_E	MBNT15			
10832109	a97f36e5-ded1-49cc-bdec-ac6170fc7b9c	10683393			Babeliae		Babeliae	Babeliae			class			accepted			Bacteria	Dependentiae	Babeliae			
11119373	a97f36e5-ded1-49cc-bdec-ac6170fc7b9c	11187411			SB21						order			accepted			Bacteria	CLD3		SB21		
11220850	a97f36e5-ded1-49cc-bdec-ac6170fc7b9c	10672378			B21-G16						order			accepted			Bacteria	SM23-31		B21-G16		
8351466	a97f36e5-ded1-49cc-bdec-ac6170fc7b9c	10779861			Dictyoglomia		Dictyoglomia	Dictyoglomia			class			accepted			Bacteria	Dictyoglomota	Dictyoglomia			
10734941	a97f36e5-ded1-49cc-bdec-ac6170fc7b9c	10690675			UBA2235						class			accepted			Bacteria	Chloroflexota	UBA2235			
298	a97f36e5-ded1-49cc-bdec-ac6170fc7b9c	10690675			Anaerolineae		Anaerolineae	Anaerolineae			class			accepted			Bacteria	Chloroflexota	Anaerolineae			
10843430	a97f36e5-ded1-49cc-bdec-ac6170fc7b9c	10690675			FW602-bin22						class			accepted			Bacteria	Chloroflexota	FW602-bin22			
10856899	a97f36e5-ded1-49cc-bdec-ac6170fc7b9c	10690675			Dehalococcoidia		Dehalococcoidia	Dehalococcoidia			class			accepted			Bacteria	Chloroflexota	Dehalococcoidia			
10693510	a97f36e5-ded1-49cc-bdec-ac6170fc7b9c	10690675			UBA6077						class			accepted			Bacteria	Chloroflexota	UBA6077			
7781780	a97f36e5-ded1-49cc-bdec-ac6170fc7b9c	10690675			Ktedonobacteria		Ktedonobacteria	Ktedonobacteria			class			accepted			Bacteria	Chloroflexota	Ktedonobacteria			
8308597	a97f36e5-ded1-49cc-bdec-ac6170fc7b9c	10690675			Chloroflexia		Chloroflexia	Chloroflexia			class			accepted			Bacteria	Chloroflexota	Chloroflexia			
11857655	a97f36e5-ded1-49cc-bdec-ac6170fc7b9c	10690675			Limnocylindria		Limnocylindria	Limnocylindria			class			accepted			Bacteria	Chloroflexota	Limnocylindria			
10802085	a97f36e5-ded1-49cc-bdec-ac6170fc7b9c	10690675			UBA11872						class			accepted			Bacteria	Chloroflexota	UBA11872			
11122370	a97f36e5-ded1-49cc-bdec-ac6170fc7b9c	10690675			DTOL01						class			accepted			Bacteria	Chloroflexota	DTOL01			
10725547	a97f36e5-ded1-49cc-bdec-ac6170fc7b9c	10690675			UBA5177						class			accepted			Bacteria	Chloroflexota	UBA5177			
10722790	a97f36e5-ded1-49cc-bdec-ac6170fc7b9c	10690675			UBA4733						class			accepted			Bacteria	Chloroflexota	UBA4733			
10832696	a97f36e5-ded1-49cc-bdec-ac6170fc7b9c	10682846			Krumholzibacteria		Krumholzibacteria	Krumholzibacteria			class			accepted			Bacteria	Krumholzibacteriota	Krumholzibacteria			
10786730	a97f36e5-ded1-49cc-bdec-ac6170fc7b9c	10825796			UBA2242						class			accepted			Bacteria	Marinisomatota	UBA2242			
10678225	a97f36e5-ded1-49cc-bdec-ac6170fc7b9c	10825796			UBA8477						class			accepted			Bacteria	Marinisomatota	UBA8477			
11493316	a97f36e5-ded1-49cc-bdec-ac6170fc7b9c	10825796			JAANXI01						class			accepted			Bacteria	Marinisomatota	JAANXI01			
10869582	a97f36e5-ded1-49cc-bdec-ac6170fc7b9c	10825796			AB16						class			accepted			Bacteria	Marinisomatota	AB16			
10689700	a97f36e5-ded1-49cc-bdec-ac6170fc7b9c	10825796			Marinisomatia		Marinisomatia	Marinisomatia			class			accepted			Bacteria	Marinisomatota	Marinisomatia			
10745190	a97f36e5-ded1-49cc-bdec-ac6170fc7b9c	10825796			SORT01						class			accepted			Bacteria	Marinisomatota	SORT01			
11620809	a97f36e5-ded1-49cc-bdec-ac6170fc7b9c	10825796			BS150m-G59						class			accepted			Bacteria	Marinisomatota	BS150m-G59			
11436263	a97f36e5-ded1-49cc-bdec-ac6170fc7b9c	11217966			JAADFP01						order			accepted			Bacteria	CAIJMQ01		JAADFP01		
10731752	a97f36e5-ded1-49cc-bdec-ac6170fc7b9c	10809235			2-12-FULL-62-27						class			accepted			Bacteria	Lindowbacteria	2-12-FULL-62-27			
10891428	a97f36e5-ded1-49cc-bdec-ac6170fc7b9c	11517922			JS1						class			accepted			Bacteria	Atribacterota	JS1			
11531748	a97f36e5-ded1-49cc-bdec-ac6170fc7b9c	11517922			Atribacteria		Atribacteria	Atribacteria			class			accepted			Bacteria	Atribacterota	Atribacteria			
11113581	a97f36e5-ded1-49cc-bdec-ac6170fc7b9c	10821206			DG-26_A						class			accepted			Bacteria	TA06_A	DG-26_A			
8396371	a97f36e5-ded1-49cc-bdec-ac6170fc7b9c	10779951			Caldisericia		Caldisericia	Caldisericia			class			accepted			Bacteria	Caldisericota	Caldisericia			
10856559	a97f36e5-ded1-49cc-bdec-ac6170fc7b9c	11117542			Thermaerobacteria		Thermaerobacteria	Thermaerobacteria			class			accepted			Bacteria	Firmicutes_E	Thermaerobacteria			
11613300	a97f36e5-ded1-49cc-bdec-ac6170fc7b9c	11117542			RBS10-35						class			accepted			Bacteria	Firmicutes_E	RBS10-35			
10675073	a97f36e5-ded1-49cc-bdec-ac6170fc7b9c	11117542			Sulfobacillia		Sulfobacillia	Sulfobacillia			class			accepted			Bacteria	Firmicutes_E	Sulfobacillia			
10866065	a97f36e5-ded1-49cc-bdec-ac6170fc7b9c	11117542			Symbiobacteriia		Symbiobacteriia	Symbiobacteriia			class			accepted			Bacteria	Firmicutes_E	Symbiobacteriia			
10751510	a97f36e5-ded1-49cc-bdec-ac6170fc7b9c	11117542			DTU015						class			accepted			Bacteria	Firmicutes_E	DTU015			
10716076	a97f36e5-ded1-49cc-bdec-ac6170fc7b9c	11117542			SLMV01						class			accepted			Bacteria	Firmicutes_E	SLMV01			
10831010	a97f36e5-ded1-49cc-bdec-ac6170fc7b9c	11117542			UBA3569						class			accepted			Bacteria	Firmicutes_E	UBA3569			
11809336	a97f36e5-ded1-49cc-bdec-ac6170fc7b9c	11117542			JACPQU01						class			accepted			Bacteria	Firmicutes_E	JACPQU01			
10793507	a97f36e5-ded1-49cc-bdec-ac6170fc7b9c	10722104			UBA9980						class			accepted			Bacteria	Wallbacteria	UBA9980			
11157045	a97f36e5-ded1-49cc-bdec-ac6170fc7b9c	10804946			DUMP01						order			accepted			Bacteria	DTU030		DUMP01		
10807584	a97f36e5-ded1-49cc-bdec-ac6170fc7b9c	10816341			Cloacimonadia		Cloacimonadia	Cloacimonadia			class			accepted			Bacteria	Cloacimonadota	Cloacimonadia			
10775741	a97f36e5-ded1-49cc-bdec-ac6170fc7b9c	11197078			UBA994						class			accepted			Bacteria	Firmicutes_H	UBA994			
10701801	a97f36e5-ded1-49cc-bdec-ac6170fc7b9c	10813635			Actinomycetia		Actinomycetia	Actinomycetia			class			accepted			Bacteria	Actinobacteriota	Actinomycetia			
10790850	a97f36e5-ded1-49cc-bdec-ac6170fc7b9c	10813635			Coriobacteriia		Coriobacteriia	Coriobacteriia			class			accepted			Bacteria	Actinobacteriota	Coriobacteriia			
10834058	a97f36e5-ded1-49cc-bdec-ac6170fc7b9c	10813635			Rubrobacteria		Rubrobacteria	Rubrobacteria			class			accepted			Bacteria	Actinobacteriota	Rubrobacteria			
10866681	a97f36e5-ded1-49cc-bdec-ac6170fc7b9c	10813635			Acidimicrobiia		Acidimicrobiia	Acidimicrobiia			class			accepted			Bacteria	Actinobacteriota	Acidimicrobiia			
11780877	a97f36e5-ded1-49cc-bdec-ac6170fc7b9c	10813635			Geothermincolia		Geothermincolia	Geothermincolia			class			accepted			Bacteria	Actinobacteriota	Geothermincolia			
11578879	a97f36e5-ded1-49cc-bdec-ac6170fc7b9c	10813635			Humimicrobiia		Humimicrobiia	Humimicrobiia			class			accepted			Bacteria	Actinobacteriota	Humimicrobiia			
11918878	a97f36e5-ded1-49cc-bdec-ac6170fc7b9c	10813635			Aquicultoria		Aquicultoria	Aquicultoria			class			accepted			Bacteria	Actinobacteriota	Aquicultoria			
10686636	a97f36e5-ded1-49cc-bdec-ac6170fc7b9c	10813635			Thermoleophilia		Thermoleophilia	Thermoleophilia			class			accepted			Bacteria	Actinobacteriota	Thermoleophilia			
10776757	a97f36e5-ded1-49cc-bdec-ac6170fc7b9c	10813635			UBA4738						class			accepted			Bacteria	Actinobacteriota	UBA4738			
10892022	a97f36e5-ded1-49cc-bdec-ac6170fc7b9c	10799514			UBA10806						order			accepted			Bacteria	Zixibacteria		UBA10806		
11163888	a97f36e5-ded1-49cc-bdec-ac6170fc7b9c	10799514			DSPP01						order			accepted			Bacteria	Zixibacteria		DSPP01		
11176285	a97f36e5-ded1-49cc-bdec-ac6170fc7b9c	10799514			CAIYYT01						order			accepted			Bacteria	Zixibacteria		CAIYYT01		
10824510	a97f36e5-ded1-49cc-bdec-ac6170fc7b9c	10799514			GN15						order			accepted			Bacteria	Zixibacteria		GN15		
11111855	a97f36e5-ded1-49cc-bdec-ac6170fc7b9c	10799514			UM-FILTER-46-8						order			accepted			Bacteria	Zixibacteria		UM-FILTER-46-8		
11645844	a97f36e5-ded1-49cc-bdec-ac6170fc7b9c	10799514			JAABVY01						order			accepted			Bacteria	Zixibacteria		JAABVY01		
11162735	a97f36e5-ded1-49cc-bdec-ac6170fc7b9c	10799514			DG-27						order			accepted			Bacteria	Zixibacteria		DG-27		
11836481	a97f36e5-ded1-49cc-bdec-ac6170fc7b9c	10779781			JAFGSJ01						class			accepted			Bacteria	CSSED10-310	JAFGSJ01			
10768738	a97f36e5-ded1-49cc-bdec-ac6170fc7b9c	10855228			UBA2214						class			accepted			Bacteria	KSB1	UBA2214			
11419391	a97f36e5-ded1-49cc-bdec-ac6170fc7b9c	10779781			JACPHN01						class			accepted			Bacteria	CSSED10-310	JACPHN01			
11724992	a97f36e5-ded1-49cc-bdec-ac6170fc7b9c	10779781			JAFGDC01						order			accepted			Bacteria	CSSED10-310		JAFGDC01		
10855146	a97f36e5-ded1-49cc-bdec-ac6170fc7b9c	10768823			Methylomirabilia		Methylomirabilia	Methylomirabilia			class			accepted			Bacteria	Methylomirabilota	Methylomirabilia			
10834868	a97f36e5-ded1-49cc-bdec-ac6170fc7b9c	10789133			Calescibacteriia		Calescibacteriia	Calescibacteriia			class			accepted			Bacteria	Calescibacterota	Calescibacteriia			
10816837	a97f36e5-ded1-49cc-bdec-ac6170fc7b9c	11112858			UBA2361						class			accepted			Bacteria	Bdellovibrionota_C	UBA2361			
10764048	a97f36e5-ded1-49cc-bdec-ac6170fc7b9c	10751434			J002						order			accepted			Bacteria	4572-55		J002		
10845032	a97f36e5-ded1-49cc-bdec-ac6170fc7b9c	11203642			DTU065						class			accepted			Bacteria	Firmicutes_G	DTU065			
10680308	a97f36e5-ded1-49cc-bdec-ac6170fc7b9c	11203642			Limnochordia		Limnochordia	Limnochordia			class			accepted			Bacteria	Firmicutes_G	Limnochordia			
10766863	a97f36e5-ded1-49cc-bdec-ac6170fc7b9c	11203642			UBA5301						class			accepted			Bacteria	Firmicutes_G	UBA5301			
10710786	a97f36e5-ded1-49cc-bdec-ac6170fc7b9c	11203642			UBA4882						class			accepted			Bacteria	Firmicutes_G	UBA4882			
10875346	a97f36e5-ded1-49cc-bdec-ac6170fc7b9c	11203642			UBA5435						class			accepted			Bacteria	Firmicutes_G	UBA5435			
10695090	a97f36e5-ded1-49cc-bdec-ac6170fc7b9c	11203642			DTU084						class			accepted			Bacteria	Firmicutes_G	DTU084			
11115596	a97f36e5-ded1-49cc-bdec-ac6170fc7b9c	11203642			DTU014						order			accepted			Bacteria	Firmicutes_G		DTU014		
11119339	a97f36e5-ded1-49cc-bdec-ac6170fc7b9c	11203642			Ch115						order			accepted			Bacteria	Firmicutes_G		Ch115		
10720634	a97f36e5-ded1-49cc-bdec-ac6170fc7b9c	11203642			UBA4971						order			accepted			Bacteria	Firmicutes_G		UBA4971		
10877682	a97f36e5-ded1-49cc-bdec-ac6170fc7b9c	11203642			DTUO25						order			accepted			Bacteria	Firmicutes_G		DTUO25		
11125308	a97f36e5-ded1-49cc-bdec-ac6170fc7b9c	11132851			DUMD01						class			accepted			Bacteria	Firmicutes_C	DUMD01			
8005733	a97f36e5-ded1-49cc-bdec-ac6170fc7b9c	11132851			Negativicutes		Negativicutes	Negativicutes			class			accepted			Bacteria	Firmicutes_C	Negativicutes			
10707499	a97f36e5-ded1-49cc-bdec-ac6170fc7b9c	10807863			Hydrogenedentia		Hydrogenedentia	Hydrogenedentia			class			accepted			Bacteria	Hydrogenedentota	Hydrogenedentia			
11451510	a97f36e5-ded1-49cc-bdec-ac6170fc7b9c	10814448			JACPTQ01						class			accepted			Bacteria	Myxococcota	JACPTQ01			
10808561	a97f36e5-ded1-49cc-bdec-ac6170fc7b9c	10716559			Oligoflexia		Oligoflexia	Oligoflexia			class			accepted			Bacteria	Bdellovibrionota	Oligoflexia			
10879389	a97f36e5-ded1-49cc-bdec-ac6170fc7b9c	10716559			FAC87						class			accepted			Bacteria	Bdellovibrionota	FAC87			
11415273	a97f36e5-ded1-49cc-bdec-ac6170fc7b9c	10814448			JAFGSX01						class			accepted			Bacteria	Myxococcota	JAFGSX01			
11698549	a97f36e5-ded1-49cc-bdec-ac6170fc7b9c	10814448			JACRCW01						class			accepted			Bacteria	Myxococcota	JACRCW01			
11425003	a97f36e5-ded1-49cc-bdec-ac6170fc7b9c	10814448			UBA4151						class			accepted			Bacteria	Myxococcota	UBA4151			
10701047	a97f36e5-ded1-49cc-bdec-ac6170fc7b9c	10814448			Polyangia		Polyangia	Polyangia			class			accepted			Bacteria	Myxococcota	Polyangia			
10761230	a97f36e5-ded1-49cc-bdec-ac6170fc7b9c	10716559			YA12-FULL-61-11						class			accepted			Bacteria	Bdellovibrionota	YA12-FULL-61-11			
11129505	a97f36e5-ded1-49cc-bdec-ac6170fc7b9c	10716559			UBA2428						class			accepted			Bacteria	Bdellovibrionota	UBA2428			
11177655	a97f36e5-ded1-49cc-bdec-ac6170fc7b9c	10814448			JAADFL01						class			accepted			Bacteria	Myxococcota	JAADFL01			
10714438	a97f36e5-ded1-49cc-bdec-ac6170fc7b9c	10814448			Myxococcia		Myxococcia	Myxococcia			class			accepted			Bacteria	Myxococcota	Myxococcia			
10831204	a97f36e5-ded1-49cc-bdec-ac6170fc7b9c	10716559			Bacteriovoracia		Bacteriovoracia	Bacteriovoracia			class			accepted			Bacteria	Bdellovibrionota	Bacteriovoracia			
11130346	a97f36e5-ded1-49cc-bdec-ac6170fc7b9c	10814448			Bradymonadia		Bradymonadia	Bradymonadia			class			accepted			Bacteria	Myxococcota	Bradymonadia			
10840210	a97f36e5-ded1-49cc-bdec-ac6170fc7b9c	10814448			UBA727						class			accepted			Bacteria	Myxococcota	UBA727			
11213531	a97f36e5-ded1-49cc-bdec-ac6170fc7b9c	10814448			B64-G9						class			accepted			Bacteria	Myxococcota	B64-G9			
11545828	a97f36e5-ded1-49cc-bdec-ac6170fc7b9c	10814448			Sp		Sp	Sp			class			accepted			Bacteria	Myxococcota	Sp			
11133527	a97f36e5-ded1-49cc-bdec-ac6170fc7b9c	10716559			Bdellovibrionia_A						class			accepted			Bacteria	Bdellovibrionota	Bdellovibrionia_A			
10798935	a97f36e5-ded1-49cc-bdec-ac6170fc7b9c	10716559			UBA2394						class			accepted			Bacteria	Bdellovibrionota	UBA2394			
10866540	a97f36e5-ded1-49cc-bdec-ac6170fc7b9c	10716559			Bdellovibrionia		Bdellovibrionia	Bdellovibrionia			class			accepted			Bacteria	Bdellovibrionota	Bdellovibrionia			
11125575	a97f36e5-ded1-49cc-bdec-ac6170fc7b9c	10814448			WYAZ01						class			accepted			Bacteria	Myxococcota	WYAZ01			
10727953	a97f36e5-ded1-49cc-bdec-ac6170fc7b9c	10814448			XYA12-FULL-58-9						class			accepted			Bacteria	Myxococcota	XYA12-FULL-58-9			
10718126	a97f36e5-ded1-49cc-bdec-ac6170fc7b9c	10814448			UBA9042						class			accepted			Bacteria	Myxococcota	UBA9042			
10870310	a97f36e5-ded1-49cc-bdec-ac6170fc7b9c	10814448			UBA6777						class			accepted			Bacteria	Myxococcota	UBA6777			
11161541	a97f36e5-ded1-49cc-bdec-ac6170fc7b9c	10760279			JAAXVQ01						class			accepted			Bacteria	FCPU426	JAAXVQ01			
10685063	a97f36e5-ded1-49cc-bdec-ac6170fc7b9c	10830501			Moduliflexia		Moduliflexia	Moduliflexia			class			accepted			Bacteria	Moduliflexota	Moduliflexia			
11203512	a97f36e5-ded1-49cc-bdec-ac6170fc7b9c	10884362			Xenobia		Xenobia	Xenobia			class			accepted			Bacteria	Eremiobacterota	Xenobia			
11597518	a97f36e5-ded1-49cc-bdec-ac6170fc7b9c	10884362			JACPDT01						class			accepted			Bacteria	Eremiobacterota	JACPDT01			
10775352	a97f36e5-ded1-49cc-bdec-ac6170fc7b9c	10848613			D2-FULL-39-29						class			accepted			Bacteria	Firestonebacteria	D2-FULL-39-29			
11789086	a97f36e5-ded1-49cc-bdec-ac6170fc7b9c	10884362			JACPDS01						class			accepted			Bacteria	Eremiobacterota	JACPDS01			
10683260	a97f36e5-ded1-49cc-bdec-ac6170fc7b9c	10884362			Eremiobacteria		Eremiobacteria	Eremiobacteria			class			accepted			Bacteria	Eremiobacterota	Eremiobacteria			
11187563	a97f36e5-ded1-49cc-bdec-ac6170fc7b9c	10884362			JABDET01						class			accepted			Bacteria	Eremiobacterota	JABDET01			
10855002	a97f36e5-ded1-49cc-bdec-ac6170fc7b9c	10768945			Dormibacteria		Dormibacteria	Dormibacteria			class			accepted			Bacteria	Dormibacterota	Dormibacteria			
10723503	a97f36e5-ded1-49cc-bdec-ac6170fc7b9c	10899072			Muirbacteriia		Muirbacteriia	Muirbacteriia			class			accepted			Bacteria	Muirbacteria	Muirbacteriia			
11680730	a97f36e5-ded1-49cc-bdec-ac6170fc7b9c	87			Bu12						class			accepted			Bacteria	Firmicutes	Bu12			
303	a97f36e5-ded1-49cc-bdec-ac6170fc7b9c	87			Bacilli		Bacilli	Bacilli			class			accepted			Bacteria	Firmicutes	Bacilli			
171	a97f36e5-ded1-49cc-bdec-ac6170fc7b9c	10885010			Deinococci		Deinococci	Deinococci			class			accepted			Bacteria	Deinococcota	Deinococci			
11798801	a97f36e5-ded1-49cc-bdec-ac6170fc7b9c	11551840			JAFGJP01						order			accepted			Bacteria	JAFGBW01		JAFGJP01		
10891507	a97f36e5-ded1-49cc-bdec-ac6170fc7b9c	11379028			UBA1144						class			accepted			Bacteria	Desulfobacterota_D	UBA1144			
11870416	a97f36e5-ded1-49cc-bdec-ac6170fc7b9c	10860391			JACRHL01						class			accepted			Bacteria	Nitrospirota	JACRHL01			
10771964	a97f36e5-ded1-49cc-bdec-ac6170fc7b9c	10860391			UBA9217						class			accepted			Bacteria	Nitrospirota	UBA9217			
11834512	a97f36e5-ded1-49cc-bdec-ac6170fc7b9c	10860391			9FT-COMBO-42-15						class			accepted			Bacteria	Nitrospirota	9FT-COMBO-42-15			
10889728	a97f36e5-ded1-49cc-bdec-ac6170fc7b9c	10860391			Nitrospiria		Nitrospiria	Nitrospiria			class			accepted			Bacteria	Nitrospirota	Nitrospiria			
10737870	a97f36e5-ded1-49cc-bdec-ac6170fc7b9c	10860391			Thermodesulfovibrionia		Thermodesulfovibrionia	Thermodesulfovibrionia			class			accepted			Bacteria	Nitrospirota	Thermodesulfovibrionia			
11549738	a97f36e5-ded1-49cc-bdec-ac6170fc7b9c	10860391			JACRHK01						order			accepted			Bacteria	Nitrospirota		JACRHK01		
10881525	a97f36e5-ded1-49cc-bdec-ac6170fc7b9c	10725132			Glassbacteria		Glassbacteria	Glassbacteria			class			accepted			Bacteria	Gemmatimonadota	Glassbacteria			
10801429	a97f36e5-ded1-49cc-bdec-ac6170fc7b9c	11193911			Dethiobacteria		Dethiobacteria	Dethiobacteria			class			accepted			Bacteria	Firmicutes_D	Dethiobacteria			
10682490	a97f36e5-ded1-49cc-bdec-ac6170fc7b9c	11193911			Proteinivoracia		Proteinivoracia	Proteinivoracia			class			accepted			Bacteria	Firmicutes_D	Proteinivoracia			
11486917	a97f36e5-ded1-49cc-bdec-ac6170fc7b9c	10769556			JAFGKV01						class			accepted			Bacteria	Fermentibacterota	JAFGKV01			
10854416	a97f36e5-ded1-49cc-bdec-ac6170fc7b9c	10769556			Fermentibacteria		Fermentibacteria	Fermentibacteria			class			accepted			Bacteria	Fermentibacterota	Fermentibacteria			
10698336	a97f36e5-ded1-49cc-bdec-ac6170fc7b9c	11193911			Natranaerobiia		Natranaerobiia	Natranaerobiia			class			accepted			Bacteria	Firmicutes_D	Natranaerobiia			
305	a97f36e5-ded1-49cc-bdec-ac6170fc7b9c	10725132			Gemmatimonadetes		Gemmatimonadetes	Gemmatimonadetes			class			accepted			Bacteria	Gemmatimonadota	Gemmatimonadetes			
11462338	a97f36e5-ded1-49cc-bdec-ac6170fc7b9c	10760200			JACRGO01						class			accepted			Bacteria	Nitrospinota	JACRGO01			
10700757	a97f36e5-ded1-49cc-bdec-ac6170fc7b9c	10760200			UBA7883						class			accepted			Bacteria	Nitrospinota	UBA7883			
11687155	a97f36e5-ded1-49cc-bdec-ac6170fc7b9c	10760200			JADGAW01						class			accepted			Bacteria	Nitrospinota	JADGAW01			
10713754	a97f36e5-ded1-49cc-bdec-ac6170fc7b9c	10760200			Nitrospinia		Nitrospinia	Nitrospinia			class			accepted			Bacteria	Nitrospinota	Nitrospinia			
10755221	a97f36e5-ded1-49cc-bdec-ac6170fc7b9c	10760200			UBA9942						class			accepted			Bacteria	Nitrospinota	UBA9942			
10895904	a97f36e5-ded1-49cc-bdec-ac6170fc7b9c	10720360			Aerophobia		Aerophobia	Aerophobia			class			accepted			Bacteria	Aerophobota	Aerophobia			
10756827	a97f36e5-ded1-49cc-bdec-ac6170fc7b9c	10876920			Termititenacia		Termititenacia	Termititenacia			class			accepted			Bacteria	Margulisbacteria	Termititenacia			
10890889	a97f36e5-ded1-49cc-bdec-ac6170fc7b9c	10876920			Marinamargulisbacteria		Marinamargulisbacteria	Marinamargulisbacteria			class			accepted			Bacteria	Margulisbacteria	Marinamargulisbacteria			
10701430	a97f36e5-ded1-49cc-bdec-ac6170fc7b9c	10876920			Riflemargulisbacteria		Riflemargulisbacteria	Riflemargulisbacteria			class			accepted			Bacteria	Margulisbacteria	Riflemargulisbacteria			
10764134	a97f36e5-ded1-49cc-bdec-ac6170fc7b9c	10831162			SLGR01						class			accepted			Bacteria	CG03	SLGR01			
10671505	a97f36e5-ded1-49cc-bdec-ac6170fc7b9c	10831162			B21-G15						order			accepted			Bacteria	CG03		B21-G15		
10717103	a97f36e5-ded1-49cc-bdec-ac6170fc7b9c	10876920			XYC2-FULL-46-14						order			accepted			Bacteria	Margulisbacteria		XYC2-FULL-46-14		
11850005	a97f36e5-ded1-49cc-bdec-ac6170fc7b9c	10876920			JAHJIW01						order			accepted			Bacteria	Margulisbacteria		JAHJIW01		
10742738	a97f36e5-ded1-49cc-bdec-ac6170fc7b9c	10876920			O2-12-FULL-45-9						order			accepted			Bacteria	Margulisbacteria		O2-12-FULL-45-9		
10752865	a97f36e5-ded1-49cc-bdec-ac6170fc7b9c	10778520			UBA5214						class			accepted			Bacteria	Elusimicrobiota	UBA5214			
8343050	a97f36e5-ded1-49cc-bdec-ac6170fc7b9c	10778520			Elusimicrobia		Elusimicrobia	Elusimicrobia			class			accepted			Bacteria	Elusimicrobiota	Elusimicrobia			
10672428	a97f36e5-ded1-49cc-bdec-ac6170fc7b9c	10778520			Endomicrobia		Endomicrobia	Endomicrobia			class			accepted			Bacteria	Elusimicrobiota	Endomicrobia			
10861416	a97f36e5-ded1-49cc-bdec-ac6170fc7b9c	10778520			UBA8919						class			accepted			Bacteria	Elusimicrobiota	UBA8919			
10809945	a97f36e5-ded1-49cc-bdec-ac6170fc7b9c	10707403			GWE2-31-10						class			accepted			Bacteria	Spirochaetota	GWE2-31-10			
10746900	a97f36e5-ded1-49cc-bdec-ac6170fc7b9c	10707403			UBA12135						class			accepted			Bacteria	Spirochaetota	UBA12135			
10883033	a97f36e5-ded1-49cc-bdec-ac6170fc7b9c	10707403			B62-G9						class			accepted			Bacteria	Spirochaetota	B62-G9			
10798891	a97f36e5-ded1-49cc-bdec-ac6170fc7b9c	11136748			UBA8468						class			accepted			Bacteria	Ratteibacteria	UBA8468			
10814827	a97f36e5-ded1-49cc-bdec-ac6170fc7b9c	10707403			Leptospirae		Leptospirae	Leptospirae			class			accepted			Bacteria	Spirochaetota	Leptospirae			
10855393	a97f36e5-ded1-49cc-bdec-ac6170fc7b9c	10707403			Brevinematia		Brevinematia	Brevinematia			class			accepted			Bacteria	Spirochaetota	Brevinematia			
11491955	a97f36e5-ded1-49cc-bdec-ac6170fc7b9c	10707403			JAHITG01						class			accepted			Bacteria	Spirochaetota	JAHITG01			
10782336	a97f36e5-ded1-49cc-bdec-ac6170fc7b9c	10707403			UBA4802						class			accepted			Bacteria	Spirochaetota	UBA4802			
10829842	a97f36e5-ded1-49cc-bdec-ac6170fc7b9c	10707403			Spirochaetia		Spirochaetia	Spirochaetia			class			accepted			Bacteria	Spirochaetota	Spirochaetia			
10825774	a97f36e5-ded1-49cc-bdec-ac6170fc7b9c	10707403			Brachyspirae		Brachyspirae	Brachyspirae			class			accepted			Bacteria	Spirochaetota	Brachyspirae			
10774599	a97f36e5-ded1-49cc-bdec-ac6170fc7b9c	10707403			UBA6919						class			accepted			Bacteria	Spirochaetota	UBA6919			
11196111	a97f36e5-ded1-49cc-bdec-ac6170fc7b9c	10707403			JAAYUW01						class			accepted			Bacteria	Spirochaetota	JAAYUW01			
10795427	a97f36e5-ded1-49cc-bdec-ac6170fc7b9c	11141473			Chlamydiia		Chlamydiia	Chlamydiia			class			accepted			Bacteria	Chlamydiota	Chlamydiia			
10814580	a97f36e5-ded1-49cc-bdec-ac6170fc7b9c	10742187			RPQS01						class			accepted			Bacteria	AABM5-125-24	RPQS01			
10700845	a97f36e5-ded1-49cc-bdec-ac6170fc7b9c	10876299			UBA4092						class			accepted			Bacteria	UBP4	UBA4092			
11142855	a97f36e5-ded1-49cc-bdec-ac6170fc7b9c	10742187			JABMRZ01						class			accepted			Bacteria	AABM5-125-24	JABMRZ01			
11187270	a97f36e5-ded1-49cc-bdec-ac6170fc7b9c	10742187			BMS3BBIN04						class			accepted			Bacteria	AABM5-125-24	BMS3BBIN04			
11131858	a97f36e5-ded1-49cc-bdec-ac6170fc7b9c	10742187			B3-LCP						class			accepted			Bacteria	AABM5-125-24	B3-LCP			
11608251	a97f36e5-ded1-49cc-bdec-ac6170fc7b9c	10696429			JAFGJU01						order			accepted			Bacteria	Eisenbacteria		JAFGJU01		
11188792	a97f36e5-ded1-49cc-bdec-ac6170fc7b9c	10696429			CAIMUX01						order			accepted			Bacteria	Eisenbacteria		CAIMUX01		
11214609	a97f36e5-ded1-49cc-bdec-ac6170fc7b9c	10696429			JABDJR01						order			accepted			Bacteria	Eisenbacteria		JABDJR01		
11725086	a97f36e5-ded1-49cc-bdec-ac6170fc7b9c	10893982			DRWO01						class			accepted			Bacteria	Synergistota	DRWO01			
7983515	a97f36e5-ded1-49cc-bdec-ac6170fc7b9c	10893982			Synergistia		Synergistia	Synergistia			class			accepted			Bacteria	Synergistota	Synergistia			
10893770	a97f36e5-ded1-49cc-bdec-ac6170fc7b9c	10826773			QNBC01						order			accepted			Bacteria		32-111	QNBC01		
10820435	a97f36e5-ded1-49cc-bdec-ac6170fc7b9c	11121594			Syntrophorhabdia		Syntrophorhabdia	Syntrophorhabdia			class			accepted			Bacteria	Desulfobacterota_G	Syntrophorhabdia			
364	a97f36e5-ded1-49cc-bdec-ac6170fc7b9c	10897891			Thermotogae		Thermotogae	Thermotogae			class			accepted			Bacteria	Thermotogota	Thermotogae			
8089559	7ddf754f-d193-4cc9-b351-99906754a03b	7920181			Aphragmophora		Aphragmophora	Aphragmophora			order			accepted			Animalia	Chaetognatha	Sagittoidea	Aphragmophora		
7468363	7ddf754f-d193-4cc9-b351-99906754a03b	7920181			Phragmophora		Phragmophora	Phragmophora			order			accepted			Animalia	Chaetognatha	Sagittoidea	Phragmophora		
11200446	a97f36e5-ded1-49cc-bdec-ac6170fc7b9c	10704569			WVXT01						order			accepted			Bacteria	UBA6262		WVXT01		
10751963	a97f36e5-ded1-49cc-bdec-ac6170fc7b9c	10872018			UBA4055						class			accepted			Bacteria	Delongbacteria	UBA4055			
296	a97f36e5-ded1-49cc-bdec-ac6170fc7b9c	10810028			Aquificae		Aquificae	Aquificae			class			accepted			Bacteria	Aquificota	Aquificae			
10813837	a97f36e5-ded1-49cc-bdec-ac6170fc7b9c	10810028			Desulfurobacteriia		Desulfurobacteriia	Desulfurobacteriia			class			accepted			Bacteria	Aquificota	Desulfurobacteriia			
11763794	a97f36e5-ded1-49cc-bdec-ac6170fc7b9c	11194308			S145-22						class			accepted			Bacteria	Desulfobacterota_C	S145-22			
10867960	a97f36e5-ded1-49cc-bdec-ac6170fc7b9c	10755940			UBA1177						class			accepted			Bacteria	UBP6	UBA1177			
11112453	a97f36e5-ded1-49cc-bdec-ac6170fc7b9c	11194308			Deferrisomatia		Deferrisomatia	Deferrisomatia			class			accepted			Bacteria	Desulfobacterota_C	Deferrisomatia			
11516552	a97f36e5-ded1-49cc-bdec-ac6170fc7b9c	11194308			Anaeroferrophillalia		Anaeroferrophillalia	Anaeroferrophillalia			class			accepted			Bacteria	Desulfobacterota_C	Anaeroferrophillalia			
10674427	aa1bc573-f338-482d-b6aa-f371d57f20f5	10781767			SAR324						class			accepted			Bacteria	SAR324	SAR324			
11558621	a97f36e5-ded1-49cc-bdec-ac6170fc7b9c	11472653			JACPRG01						order			accepted			Bacteria	UBA8248		JACPRG01		
10842204	a97f36e5-ded1-49cc-bdec-ac6170fc7b9c	10781767			XYD2-FULL-50-16						order			accepted			Bacteria	SAR324		XYD2-FULL-50-16		
7921896	a97f36e5-ded1-49cc-bdec-ac6170fc7b9c	10685384			Fusobacteriia		Fusobacteriia	Fusobacteriia			class			accepted			Bacteria	Fusobacteriota	Fusobacteriia			
10736223	a97f36e5-ded1-49cc-bdec-ac6170fc7b9c	10779189			Ozemobacteria		Ozemobacteria	Ozemobacteria			class			accepted			Bacteria	Riflebacteria	Ozemobacteria			
10866587	a97f36e5-ded1-49cc-bdec-ac6170fc7b9c	10716605			4484-213						class			accepted			Bacteria	Omnitrophota	4484-213			
11142561	a97f36e5-ded1-49cc-bdec-ac6170fc7b9c	10716605			Koll11						class			accepted			Bacteria	Omnitrophota	Koll11			
11773932	a97f36e5-ded1-49cc-bdec-ac6170fc7b9c	10716605			JACPQZ01						class			accepted			Bacteria	Omnitrophota	JACPQZ01			
10715842	a97f36e5-ded1-49cc-bdec-ac6170fc7b9c	10716605			Omnitrophia		Omnitrophia	Omnitrophia			class			accepted			Bacteria	Omnitrophota	Omnitrophia			
10816130	a97f36e5-ded1-49cc-bdec-ac6170fc7b9c	10807793			Entotheonellia		Entotheonellia	Entotheonellia			class			accepted			Bacteria	Tectomicrobia	Entotheonellia			
11152070	a97f36e5-ded1-49cc-bdec-ac6170fc7b9c	10707955			JABWAT01						class			accepted			Bacteria	Bacteroidota	JABWAT01			
11910226	a97f36e5-ded1-49cc-bdec-ac6170fc7b9c	10707955			0-14-0-80-59-12						class			accepted			Bacteria	Bacteroidota	0-14-0-80-59-12			
7498440	a97f36e5-ded1-49cc-bdec-ac6170fc7b9c	10707955			Bacteroidia		Bacteroidia	Bacteroidia			class			accepted			Bacteria	Bacteroidota	Bacteroidia			
168	a97f36e5-ded1-49cc-bdec-ac6170fc7b9c	10707955			Chlorobia		Chlorobia	Chlorobia			class			accepted			Bacteria	Bacteroidota	Chlorobia			
10826978	a97f36e5-ded1-49cc-bdec-ac6170fc7b9c	10707955			Kapabacteria		Kapabacteria	Kapabacteria			class			accepted			Bacteria	Bacteroidota	Kapabacteria			
7421138	a97f36e5-ded1-49cc-bdec-ac6170fc7b9c	10707955			Ignavibacteria		Ignavibacteria	Ignavibacteria			class			accepted			Bacteria	Bacteroidota	Ignavibacteria			
10770556	a97f36e5-ded1-49cc-bdec-ac6170fc7b9c	10707955			Rhodothermia		Rhodothermia	Rhodothermia			class			accepted			Bacteria	Bacteroidota	Rhodothermia			
11909485	a97f36e5-ded1-49cc-bdec-ac6170fc7b9c	10707955			T3Sed10-11						class			accepted			Bacteria	Bacteroidota	T3Sed10-11			
10677545	a97f36e5-ded1-49cc-bdec-ac6170fc7b9c	11465024			O2-12-FULL-43-9						class			accepted			Bacteria	Bdellovibrionota_E	O2-12-FULL-43-9			
10794829	a97f36e5-ded1-49cc-bdec-ac6170fc7b9c	10707955			Kryptonia		Kryptonia	Kryptonia			class			accepted			Bacteria	Bacteroidota	Kryptonia			
10682460	a97f36e5-ded1-49cc-bdec-ac6170fc7b9c	10707955			UBA10030						class			accepted			Bacteria	Bacteroidota	UBA10030			
10763596	a97f36e5-ded1-49cc-bdec-ac6170fc7b9c	11163779			Leptospirillia		Leptospirillia	Leptospirillia			class			accepted			Bacteria	Nitrospirota_A	Leptospirillia			
10890737	a97f36e5-ded1-49cc-bdec-ac6170fc7b9c	10733136			OXYB2-FULL-49-7						class			accepted			Bacteria	Fibrobacterota	OXYB2-FULL-49-7			
7877138	a97f36e5-ded1-49cc-bdec-ac6170fc7b9c	10733136			Fibrobacteria		Fibrobacteria	Fibrobacteria			class			accepted			Bacteria	Fibrobacterota	Fibrobacteria			
10703877	a97f36e5-ded1-49cc-bdec-ac6170fc7b9c	11124691			Binatia		Binatia	Binatia			class			accepted			Bacteria	Desulfobacterota_B	Binatia			
10701574	a97f36e5-ded1-49cc-bdec-ac6170fc7b9c	10733136			Chitinivibrionia		Chitinivibrionia	Chitinivibrionia			class			accepted			Bacteria	Fibrobacterota	Chitinivibrionia			
10793743	a97f36e5-ded1-49cc-bdec-ac6170fc7b9c	111			Magnetococcia		Magnetococcia	Magnetococcia			class			accepted			Bacteria	Proteobacteria	Magnetococcia			
197	a97f36e5-ded1-49cc-bdec-ac6170fc7b9c	111			Alphaproteobacteria		Alphaproteobacteria	Alphaproteobacteria			class			accepted			Bacteria	Proteobacteria	Alphaproteobacteria			
362	a97f36e5-ded1-49cc-bdec-ac6170fc7b9c	111			Gammaproteobacteria		Gammaproteobacteria	Gammaproteobacteria			class			accepted			Bacteria	Proteobacteria	Gammaproteobacteria			
7958261	a97f36e5-ded1-49cc-bdec-ac6170fc7b9c	111			Zetaproteobacteria		Zetaproteobacteria	Zetaproteobacteria			class			accepted			Bacteria	Proteobacteria	Zetaproteobacteria			
10720860	a97f36e5-ded1-49cc-bdec-ac6170fc7b9c	11143796			Thermincolia		Thermincolia	Thermincolia			class			accepted			Bacteria	Firmicutes_B	Thermincolia			
10766082	a97f36e5-ded1-49cc-bdec-ac6170fc7b9c	11143796			TC1						class			accepted			Bacteria	Firmicutes_B	TC1			
10756161	a97f36e5-ded1-49cc-bdec-ac6170fc7b9c	11157936			Halanaerobiia		Halanaerobiia	Halanaerobiia			class			accepted			Bacteria	Firmicutes_F	Halanaerobiia			
11837936	a97f36e5-ded1-49cc-bdec-ac6170fc7b9c	11143796			Z-2901						class			accepted			Bacteria	Firmicutes_B	Z-2901			
10769864	a97f36e5-ded1-49cc-bdec-ac6170fc7b9c	11143796			Desulfotomaculia		Desulfotomaculia	Desulfotomaculia			class			accepted			Bacteria	Firmicutes_B	Desulfotomaculia			
10848064	a97f36e5-ded1-49cc-bdec-ac6170fc7b9c	11143796			Moorellia		Moorellia	Moorellia			class			accepted			Bacteria	Firmicutes_B	Moorellia			
11210168	a97f36e5-ded1-49cc-bdec-ac6170fc7b9c	11125874			Mcinerneyibacteria		Mcinerneyibacteria	Mcinerneyibacteria			class			accepted			Bacteria	Mcinerneyibacteriota	Mcinerneyibacteria			
10681772	a97f36e5-ded1-49cc-bdec-ac6170fc7b9c	11143796			Syntrophomonadia		Syntrophomonadia	Syntrophomonadia			class			accepted			Bacteria	Firmicutes_B	Syntrophomonadia			
10855568	a97f36e5-ded1-49cc-bdec-ac6170fc7b9c	11143796			Desulfitobacteriia		Desulfitobacteriia	Desulfitobacteriia			class			accepted			Bacteria	Firmicutes_B	Desulfitobacteriia			
10705018	a97f36e5-ded1-49cc-bdec-ac6170fc7b9c	11143796			Peptococcia		Peptococcia	Peptococcia			class			accepted			Bacteria	Firmicutes_B	Peptococcia			
10899342	a97f36e5-ded1-49cc-bdec-ac6170fc7b9c	11143796			Dehalobacteriia		Dehalobacteriia	Dehalobacteriia			class			accepted			Bacteria	Firmicutes_B	Dehalobacteriia			
10746450	a97f36e5-ded1-49cc-bdec-ac6170fc7b9c	11143796			Carboxydocellales		Carboxydocellales	Carboxydocellales			order			accepted			Bacteria	Firmicutes_B		Carboxydocellales		
10828887	a97f36e5-ded1-49cc-bdec-ac6170fc7b9c	10743742			UBA796						class			accepted			Bacteria	Myxococcota_A	UBA796			
10692532	a97f36e5-ded1-49cc-bdec-ac6170fc7b9c	10822914			Thermodesulfobiia		Thermodesulfobiia	Thermodesulfobiia			class			accepted			Bacteria	Thermodesulfobiota	Thermodesulfobiia			
10771694	a97f36e5-ded1-49cc-bdec-ac6170fc7b9c	10743742			UBA9160						class			accepted			Bacteria	Myxococcota_A	UBA9160			
10758908	a97f36e5-ded1-49cc-bdec-ac6170fc7b9c	10864992			UBA6191						class			accepted			Bacteria	UBP17	UBA6191			
10745339	a97f36e5-ded1-49cc-bdec-ac6170fc7b9c	10878553			UBA6099						class			accepted			Bacteria	UBP15	UBA6099			
10862604	a97f36e5-ded1-49cc-bdec-ac6170fc7b9c	10761313			Bipolaricaulia		Bipolaricaulia	Bipolaricaulia			class			accepted			Bacteria	Bipolaricaulota	Bipolaricaulia			
11810587	a97f36e5-ded1-49cc-bdec-ac6170fc7b9c	10815135			JAFGGJ01						order			accepted			Bacteria	Planctomycetota		JAFGGJ01		
11184425	a97f36e5-ded1-49cc-bdec-ac6170fc7b9c	10815135			DTLF01						class			accepted			Bacteria	Planctomycetota	DTLF01			
11620547	a97f36e5-ded1-49cc-bdec-ac6170fc7b9c	10815135			PLA2						class			accepted			Bacteria	Planctomycetota	PLA2			
10799978	a97f36e5-ded1-49cc-bdec-ac6170fc7b9c	10815135			MHYJ01						class			accepted			Bacteria	Planctomycetota	MHYJ01			
10691406	a97f36e5-ded1-49cc-bdec-ac6170fc7b9c	10815135			B143-G9						class			accepted			Bacteria	Planctomycetota	B143-G9			
10808249	a97f36e5-ded1-49cc-bdec-ac6170fc7b9c	10815135			UBA1135						class			accepted			Bacteria	Planctomycetota	UBA1135			
10836535	a97f36e5-ded1-49cc-bdec-ac6170fc7b9c	11521612			Desulfovibrionia		Desulfovibrionia	Desulfovibrionia			class			accepted			Bacteria	Desulfobacterota_I	Desulfovibrionia			
10713154	a97f36e5-ded1-49cc-bdec-ac6170fc7b9c	10815135			UBA11346						class			accepted			Bacteria	Planctomycetota	UBA11346			
11707077	a97f36e5-ded1-49cc-bdec-ac6170fc7b9c	10815135			Planctomycetia		Planctomycetia	Planctomycetia			class			accepted			Bacteria	Planctomycetota	Planctomycetia			
11825558	a97f36e5-ded1-49cc-bdec-ac6170fc7b9c	10815135			JACQVX01						class			accepted			Bacteria	Planctomycetota	JACQVX01			
10671899	a97f36e5-ded1-49cc-bdec-ac6170fc7b9c	10815135			PUPC01						class			accepted			Bacteria	Planctomycetota	PUPC01			
10800853	a97f36e5-ded1-49cc-bdec-ac6170fc7b9c	10815135			J058						class			accepted			Bacteria	Planctomycetota	J058			
10782655	a97f36e5-ded1-49cc-bdec-ac6170fc7b9c	10815135			SBBH01						class			accepted			Bacteria	Planctomycetota	SBBH01			
11867096	a97f36e5-ded1-49cc-bdec-ac6170fc7b9c	10815135			JACOTG01						class			accepted			Bacteria	Planctomycetota	JACOTG01			
10735174	a97f36e5-ded1-49cc-bdec-ac6170fc7b9c	10815135			B129-G9						class			accepted			Bacteria	Planctomycetota	B129-G9			
11196731	a97f36e5-ded1-49cc-bdec-ac6170fc7b9c	10815135			DG-23						class			accepted			Bacteria	Planctomycetota	DG-23			
10674221	a97f36e5-ded1-49cc-bdec-ac6170fc7b9c	10815135			UBA8742						class			accepted			Bacteria	Planctomycetota	UBA8742			
10829233	a97f36e5-ded1-49cc-bdec-ac6170fc7b9c	10815135			Brocadiae		Brocadiae	Brocadiae			class			accepted			Bacteria	Planctomycetota	Brocadiae			
11132474	a97f36e5-ded1-49cc-bdec-ac6170fc7b9c	10815135			E44-bin39						class			accepted			Bacteria	Planctomycetota	E44-bin39			
11752276	a97f36e5-ded1-49cc-bdec-ac6170fc7b9c	10815135			JACQVV01						class			accepted			Bacteria	Planctomycetota	JACQVV01			
11737196	a97f36e5-ded1-49cc-bdec-ac6170fc7b9c	10815135			JAFGQW01						class			accepted			Bacteria	Planctomycetota	JAFGQW01			
11495873	a97f36e5-ded1-49cc-bdec-ac6170fc7b9c	10815135			B15-G4						class			accepted			Bacteria	Planctomycetota	B15-G4			
8211192	a97f36e5-ded1-49cc-bdec-ac6170fc7b9c	10815135			Phycisphaerae		Phycisphaerae	Phycisphaerae			class			accepted			Bacteria	Planctomycetota	Phycisphaerae			
10855741	a97f36e5-ded1-49cc-bdec-ac6170fc7b9c	10815135			UBA8108						class			accepted			Bacteria	Planctomycetota	UBA8108			
10865502	a97f36e5-ded1-49cc-bdec-ac6170fc7b9c	10815135			J132						class			accepted			Bacteria	Planctomycetota	J132			
11562151	a97f36e5-ded1-49cc-bdec-ac6170fc7b9c	10815135			H5-PLA8						order			accepted			Bacteria	Planctomycetota		H5-PLA8		
10670859	a97f36e5-ded1-49cc-bdec-ac6170fc7b9c	10844691			Coprothermobacteria		Coprothermobacteria	Coprothermobacteria			class			accepted			Bacteria	Coprothermobacterota	Coprothermobacteria			
11197960	a97f36e5-ded1-49cc-bdec-ac6170fc7b9c	10761143			DTPJ01						class			accepted			Bacteria	Poribacteria	DTPJ01			
10786806	a97f36e5-ded1-49cc-bdec-ac6170fc7b9c	10761143			B28-G17						order			accepted			Bacteria	Poribacteria		B28-G17		
10749906	a97f36e5-ded1-49cc-bdec-ac6170fc7b9c	10682923			Hydrothermales		Hydrothermales	Hydrothermales			order			accepted			Bacteria		Hydrothermia	Hydrothermales		
11631011	a97f36e5-ded1-49cc-bdec-ac6170fc7b9c	10682923			WGAB01						order			accepted			Bacteria		Hydrothermia	WGAB01		
10858412	a97f36e5-ded1-49cc-bdec-ac6170fc7b9c	10682923			LBFQ01						order			accepted			Bacteria		Hydrothermia	LBFQ01		
11458594	a97f36e5-ded1-49cc-bdec-ac6170fc7b9c	10682923			S141-80						order			accepted			Bacteria		Hydrothermia	S141-80		
10807018	a97f36e5-ded1-49cc-bdec-ac6170fc7b9c	10682923			UBA1063						order			accepted			Bacteria		Hydrothermia	UBA1063		
10852924	a97f36e5-ded1-49cc-bdec-ac6170fc7b9c	10677421			UBA6098						class			accepted			Bacteria	UBP14	UBA6098			
11716692	a97f36e5-ded1-49cc-bdec-ac6170fc7b9c	10828280			H5-UNCL2						order			accepted			Bacteria	OLB16		H5-UNCL2		
10750553	a97f36e5-ded1-49cc-bdec-ac6170fc7b9c	10884644			MVCY01						class			accepted			Bacteria	Latescibacterota	MVCY01			
10859053	a97f36e5-ded1-49cc-bdec-ac6170fc7b9c	10884644			UBA2968						class			accepted			Bacteria	Latescibacterota	UBA2968			
10709008	a97f36e5-ded1-49cc-bdec-ac6170fc7b9c	10884644			Latescibacteria		Latescibacteria	Latescibacteria			class			accepted			Bacteria	Latescibacterota	Latescibacteria			
11873733	a97f36e5-ded1-49cc-bdec-ac6170fc7b9c	10884644			4484-107						class			accepted			Bacteria	Latescibacterota	4484-107			
11627142	a97f36e5-ded1-49cc-bdec-ac6170fc7b9c	10884644			MWCZ01						class			accepted			Bacteria	Latescibacterota	MWCZ01			
10743819	a97f36e5-ded1-49cc-bdec-ac6170fc7b9c	10676888			NMUJ01						order			accepted			Bacteria		UBA3073	NMUJ01		
11703023	a97f36e5-ded1-49cc-bdec-ac6170fc7b9c	10676888			JACQXS01						order			accepted			Bacteria		UBA3073	JACQXS01		
10678398	a97f36e5-ded1-49cc-bdec-ac6170fc7b9c	10853889			Thermosulfidibacteria		Thermosulfidibacteria	Thermosulfidibacteria			class			accepted			Bacteria	Thermosulfidibacterota	Thermosulfidibacteria			
10709875	a97f36e5-ded1-49cc-bdec-ac6170fc7b9c	10885487			UBA7526						class			accepted			Bacteria	UBP18	UBA7526			
7502419	a97f36e5-ded1-49cc-bdec-ac6170fc7b9c	10773962			Lentisphaeria		Lentisphaeria	Lentisphaeria			class			accepted			Bacteria	Verrucomicrobiota	Lentisphaeria			
219	a97f36e5-ded1-49cc-bdec-ac6170fc7b9c	10773962			Verrucomicrobiae		Verrucomicrobiae	Verrucomicrobiae			class			accepted			Bacteria	Verrucomicrobiota	Verrucomicrobiae			
10818831	a97f36e5-ded1-49cc-bdec-ac6170fc7b9c	10773962			Kiritimatiellae		Kiritimatiellae	Kiritimatiellae			class			accepted			Bacteria	Verrucomicrobiota	Kiritimatiellae			
10842370	a97f36e5-ded1-49cc-bdec-ac6170fc7b9c	10781589			UBA5359						class			accepted			Bacteria	UBP13	UBA5359			
10760695	a97f36e5-ded1-49cc-bdec-ac6170fc7b9c	10747830			Dojkabacteria		Dojkabacteria	Dojkabacteria			class			accepted			Bacteria	Patescibacteria	Dojkabacteria			
11153953	a97f36e5-ded1-49cc-bdec-ac6170fc7b9c	10747830			CPR2_A						class			accepted			Bacteria	Patescibacteria	CPR2_A			
10756020	a97f36e5-ded1-49cc-bdec-ac6170fc7b9c	10747830			CG2-30-54-11						class			accepted			Bacteria	Patescibacteria	CG2-30-54-11			
11209943	a97f36e5-ded1-49cc-bdec-ac6170fc7b9c	10747830			JACMRA01						class			accepted			Bacteria	Patescibacteria	JACMRA01			
10789540	a97f36e5-ded1-49cc-bdec-ac6170fc7b9c	10747830			ABY1						class			accepted			Bacteria	Patescibacteria	ABY1			
10854746	a97f36e5-ded1-49cc-bdec-ac6170fc7b9c	10747830			UBA1384						class			accepted			Bacteria	Patescibacteria	UBA1384			
10692378	a97f36e5-ded1-49cc-bdec-ac6170fc7b9c	10747830			4484-211						class			accepted			Bacteria	Patescibacteria	4484-211			
10879967	a97f36e5-ded1-49cc-bdec-ac6170fc7b9c	10747830			CPR2						class			accepted			Bacteria	Patescibacteria	CPR2			
10854011	a97f36e5-ded1-49cc-bdec-ac6170fc7b9c	10747830			Microgenomatia		Microgenomatia	Microgenomatia			class			accepted			Bacteria	Patescibacteria	Microgenomatia			
10713104	a97f36e5-ded1-49cc-bdec-ac6170fc7b9c	10747830			Gracilibacteria		Gracilibacteria	Gracilibacteria			class			accepted			Bacteria	Patescibacteria	Gracilibacteria			
11792854	a97f36e5-ded1-49cc-bdec-ac6170fc7b9c	10747830			JACPGU01						class			accepted			Bacteria	Patescibacteria	JACPGU01			
11181141	a97f36e5-ded1-49cc-bdec-ac6170fc7b9c	10747830			SICC01						class			accepted			Bacteria	Patescibacteria	SICC01			
11499838	a97f36e5-ded1-49cc-bdec-ac6170fc7b9c	10747830			JAHJAL01						class			accepted			Bacteria	Patescibacteria	JAHJAL01			
11129158	a97f36e5-ded1-49cc-bdec-ac6170fc7b9c	10747830			JABMPQ01						class			accepted			Bacteria	Patescibacteria	JABMPQ01			
10764595	a97f36e5-ded1-49cc-bdec-ac6170fc7b9c	10747830			Doudnabacteria		Doudnabacteria	Doudnabacteria			class			accepted			Bacteria	Patescibacteria	Doudnabacteria			
10718966	a97f36e5-ded1-49cc-bdec-ac6170fc7b9c	10747830			Paceibacteria		Paceibacteria	Paceibacteria			class			accepted			Bacteria	Patescibacteria	Paceibacteria			
11656451	a97f36e5-ded1-49cc-bdec-ac6170fc7b9c	10747830			JAEDAM01						class			accepted			Bacteria	Patescibacteria	JAEDAM01			
10694230	a97f36e5-ded1-49cc-bdec-ac6170fc7b9c	10747830			Andersenbacteria		Andersenbacteria	Andersenbacteria			class			accepted			Bacteria	Patescibacteria	Andersenbacteria			
10876086	a97f36e5-ded1-49cc-bdec-ac6170fc7b9c	10747830			WWE3						class			accepted			Bacteria	Patescibacteria	WWE3			
10689092	a97f36e5-ded1-49cc-bdec-ac6170fc7b9c	10747830			CPR3						class			accepted			Bacteria	Patescibacteria	CPR3			
10828278	a97f36e5-ded1-49cc-bdec-ac6170fc7b9c	10747830			SOKK01						class			accepted			Bacteria	Patescibacteria	SOKK01			
10728077	a97f36e5-ded1-49cc-bdec-ac6170fc7b9c	10747830			Saccharimonadia		Saccharimonadia	Saccharimonadia			class			accepted			Bacteria	Patescibacteria	Saccharimonadia			
10697956	a97f36e5-ded1-49cc-bdec-ac6170fc7b9c	11216019			2-12-FULL-45-22						class			accepted			Bacteria	Nitrospinota_B	2-12-FULL-45-22			
10813663	a97f36e5-ded1-49cc-bdec-ac6170fc7b9c	10810193			UBA1551						class			accepted			Bacteria	Desantisbacteria	UBA1551			
301	a97f36e5-ded1-49cc-bdec-ac6170fc7b9c	10831091			Deferribacteres		Deferribacteres	Deferribacteres			class			accepted			Bacteria	Deferribacterota	Deferribacteres			
10887727	a97f36e5-ded1-49cc-bdec-ac6170fc7b9c	10712148			UBA6624						class			accepted			Bacteria	UBP7	UBA6624			
169	a97f36e5-ded1-49cc-bdec-ac6170fc7b9c	11872633			Chrysiogenetes		Chrysiogenetes	Chrysiogenetes			class			accepted			Bacteria	Chrysiogenota	Chrysiogenetes			
10839467	a97f36e5-ded1-49cc-bdec-ac6170fc7b9c	10784423			CG2-30-40-21						class			accepted			Bacteria	UBA9089	CG2-30-40-21			
10880907	a97f36e5-ded1-49cc-bdec-ac6170fc7b9c	10784423			UBA9088						class			accepted			Bacteria	UBA9089	UBA9088			
11451222	a97f36e5-ded1-49cc-bdec-ac6170fc7b9c	10784423			JAHJRX01						class			accepted			Bacteria	UBA9089	JAHJRX01			
10813600	a97f36e5-ded1-49cc-bdec-ac6170fc7b9c	11371390			Thermoanaerobacteria		Thermoanaerobacteria	Thermoanaerobacteria			class			accepted			Bacteria	Firmicutes_A	Thermoanaerobacteria			
11193870	a97f36e5-ded1-49cc-bdec-ac6170fc7b9c	11371390			Ch29						class			accepted			Bacteria	Firmicutes_A	Ch29			
11371428	aa1bc573-f338-482d-b6aa-f371d57f20f5	11371390			Clostridia_A						class			accepted			Bacteria	Firmicutes_A	Clostridia_A			
10683316	a97f36e5-ded1-49cc-bdec-ac6170fc7b9c	11371390			Thermosediminibacteria		Thermosediminibacteria	Thermosediminibacteria			class			accepted			Bacteria	Firmicutes_A	Thermosediminibacteria			
304	a97f36e5-ded1-49cc-bdec-ac6170fc7b9c	11371390			Clostridia		Clostridia	Clostridia			class			accepted			Bacteria	Firmicutes_A	Clostridia			
11112778	a97f36e5-ded1-49cc-bdec-ac6170fc7b9c	10721259			DSSB01						order			accepted			Bacteria	UBA10199		DSSB01		
10778332	a97f36e5-ded1-49cc-bdec-ac6170fc7b9c	10721259			SPLOWO2-01-44-7						order			accepted			Bacteria	UBA10199		SPLOWO2-01-44-7		
10670121	a97f36e5-ded1-49cc-bdec-ac6170fc7b9c	10721259			2-02-FULL-50-16						order			accepted			Bacteria	UBA10199		2-02-FULL-50-16		
11164836	a97f36e5-ded1-49cc-bdec-ac6170fc7b9c	10721259			DTNB01						order			accepted			Bacteria	UBA10199		DTNB01		
10829792	a97f36e5-ded1-49cc-bdec-ac6170fc7b9c	10721259			2-02-FULL-44-16						order			accepted			Bacteria	UBA10199		2-02-FULL-44-16		
10837405	a97f36e5-ded1-49cc-bdec-ac6170fc7b9c	10715929			Desulfobaccia		Desulfobaccia	Desulfobaccia			class			accepted			Bacteria	Desulfobacterota	Desulfobaccia			
10786246	a97f36e5-ded1-49cc-bdec-ac6170fc7b9c	10715929			Desulfarculia		Desulfarculia	Desulfarculia			class			accepted			Bacteria	Desulfobacterota	Desulfarculia			
10705277	a97f36e5-ded1-49cc-bdec-ac6170fc7b9c	10715929			Desulfobacteria		Desulfobacteria	Desulfobacteria			class			accepted			Bacteria	Desulfobacterota	Desulfobacteria			
10761152	a97f36e5-ded1-49cc-bdec-ac6170fc7b9c	10715929			Desulfuromonadia		Desulfuromonadia	Desulfuromonadia			class			accepted			Bacteria	Desulfobacterota	Desulfuromonadia			
11488857	a97f36e5-ded1-49cc-bdec-ac6170fc7b9c	10715929			JADFXK01						class			accepted			Bacteria	Desulfobacterota	JADFXK01			
10802182	a97f36e5-ded1-49cc-bdec-ac6170fc7b9c	10715929			Desulfofervidia		Desulfofervidia	Desulfofervidia			class			accepted			Bacteria	Desulfobacterota	Desulfofervidia			
11451590	a97f36e5-ded1-49cc-bdec-ac6170fc7b9c	10715929			Zymogenia		Zymogenia	Zymogenia			class			accepted			Bacteria	Desulfobacterota	Zymogenia			
11761229	a97f36e5-ded1-49cc-bdec-ac6170fc7b9c	10715929			DSWW01						class			accepted			Bacteria	Desulfobacterota	DSWW01			
10703881	a97f36e5-ded1-49cc-bdec-ac6170fc7b9c	10715929			BSN033						class			accepted			Bacteria	Desulfobacterota	BSN033			
10843512	a97f36e5-ded1-49cc-bdec-ac6170fc7b9c	10715929			Dissulfuribacteria		Dissulfuribacteria	Dissulfuribacteria			class			accepted			Bacteria	Desulfobacterota	Dissulfuribacteria			
10819244	a97f36e5-ded1-49cc-bdec-ac6170fc7b9c	10715929			Desulfobulbia		Desulfobulbia	Desulfobulbia			class			accepted			Bacteria	Desulfobacterota	Desulfobulbia			
10859599	a97f36e5-ded1-49cc-bdec-ac6170fc7b9c	10715929			Syntrophobacteria		Syntrophobacteria	Syntrophobacteria			class			accepted			Bacteria	Desulfobacterota	Syntrophobacteria			
11136085	a97f36e5-ded1-49cc-bdec-ac6170fc7b9c	10715929			SM23-61						class			accepted			Bacteria	Desulfobacterota	SM23-61			
11909215	a97f36e5-ded1-49cc-bdec-ac6170fc7b9c	10715929			JACPFL01						class			accepted			Bacteria	Desulfobacterota	JACPFL01			
11757136	a97f36e5-ded1-49cc-bdec-ac6170fc7b9c	10715929			WTBG01						class			accepted			Bacteria	Desulfobacterota	WTBG01			
11887084	a97f36e5-ded1-49cc-bdec-ac6170fc7b9c	10715929			UBA8473						class			accepted			Bacteria	Desulfobacterota	UBA8473			
10683816	a97f36e5-ded1-49cc-bdec-ac6170fc7b9c	10715929			QYQD01						class			accepted			Bacteria	Desulfobacterota	QYQD01			
218	a97f36e5-ded1-49cc-bdec-ac6170fc7b9c	10715929			Thermodesulfobacteria		Thermodesulfobacteria	Thermodesulfobacteria			class			accepted			Bacteria	Desulfobacterota	Thermodesulfobacteria			
10895279	a97f36e5-ded1-49cc-bdec-ac6170fc7b9c	10715929			GWC2-55-46						class			accepted			Bacteria	Desulfobacterota	GWC2-55-46			
11435240	a97f36e5-ded1-49cc-bdec-ac6170fc7b9c	10715929			JADFVX01						class			accepted			Bacteria	Desulfobacterota	JADFVX01			
10792383	a97f36e5-ded1-49cc-bdec-ac6170fc7b9c	10715929			Desulfomonilia		Desulfomonilia	Desulfomonilia			class			accepted			Bacteria	Desulfobacterota	Desulfomonilia			
11216184	a97f36e5-ded1-49cc-bdec-ac6170fc7b9c	10715929			DTXE01						class			accepted			Bacteria	Desulfobacterota	DTXE01			
11884484	a97f36e5-ded1-49cc-bdec-ac6170fc7b9c	10715929			JAENJC01						class			accepted			Bacteria	Desulfobacterota	JAENJC01			
11498913	a97f36e5-ded1-49cc-bdec-ac6170fc7b9c	10715929			JACQYL01						class			accepted			Bacteria	Desulfobacterota	JACQYL01			
10672374	a97f36e5-ded1-49cc-bdec-ac6170fc7b9c	10715929			Syntrophia		Syntrophia	Syntrophia			class			accepted			Bacteria	Desulfobacterota	Syntrophia			
10843273	a97f36e5-ded1-49cc-bdec-ac6170fc7b9c	10715929			Desulfatiglandales		Desulfatiglandales	Desulfatiglandales			order			accepted			Bacteria	Desulfobacterota		Desulfatiglandales		
10810928	a97f36e5-ded1-49cc-bdec-ac6170fc7b9c	10704500			GWA2-38-11						class			accepted			Bacteria	Schekmanbacteria	GWA2-38-11			
10708656	a97f36e5-ded1-49cc-bdec-ac6170fc7b9c	10899342			Dehalobacteriales		Dehalobacteriales	Dehalobacteriales			order			accepted			Bacteria	Firmicutes_B	Dehalobacteriia	Dehalobacteriales		
10817198	a97f36e5-ded1-49cc-bdec-ac6170fc7b9c	10899342			UBA7702						order			accepted			Bacteria	Firmicutes_B	Dehalobacteriia	UBA7702		
10723750	a97f36e5-ded1-49cc-bdec-ac6170fc7b9c	10899342			UBA4068						order			accepted			Bacteria	Firmicutes_B	Dehalobacteriia	UBA4068		
10844410	a97f36e5-ded1-49cc-bdec-ac6170fc7b9c	10769864			Desulfotomaculales		Desulfotomaculales	Desulfotomaculales			order			accepted			Bacteria	Firmicutes_B	Desulfotomaculia	Desulfotomaculales		
10795538	a97f36e5-ded1-49cc-bdec-ac6170fc7b9c	10769864			Ammonifexales		Ammonifexales	Ammonifexales			order			accepted			Bacteria	Firmicutes_B	Desulfotomaculia	Ammonifexales		
10759177	a97f36e5-ded1-49cc-bdec-ac6170fc7b9c	10705018			Peptococcales		Peptococcales	Peptococcales			order			accepted			Bacteria	Firmicutes_B	Peptococcia	Peptococcales		
10753066	a97f36e5-ded1-49cc-bdec-ac6170fc7b9c	10855568			Heliobacteriales		Heliobacteriales	Heliobacteriales			order			accepted			Bacteria	Firmicutes_B	Desulfitobacteriia	Heliobacteriales		
10680085	a97f36e5-ded1-49cc-bdec-ac6170fc7b9c	10855568			Desulfitobacteriales		Desulfitobacteriales	Desulfitobacteriales			order			accepted			Bacteria	Firmicutes_B	Desulfitobacteriia	Desulfitobacteriales		
11130632	a97f36e5-ded1-49cc-bdec-ac6170fc7b9c	10681772			Ch66						order			accepted			Bacteria	Firmicutes_B	Syntrophomonadia	Ch66		
10774447	a97f36e5-ded1-49cc-bdec-ac6170fc7b9c	10681772			Syntrophomonadales		Syntrophomonadales	Syntrophomonadales			order			accepted			Bacteria	Firmicutes_B	Syntrophomonadia	Syntrophomonadales		
10854126	a97f36e5-ded1-49cc-bdec-ac6170fc7b9c	11837936			Carboxydothermales		Carboxydothermales	Carboxydothermales			order			accepted			Bacteria	Firmicutes_B	Z-2901	Carboxydothermales		
10812656	a97f36e5-ded1-49cc-bdec-ac6170fc7b9c	10848064			Calderihabitantales		Calderihabitantales	Calderihabitantales			order			accepted			Bacteria	Firmicutes_B	Moorellia	Calderihabitantales		
10693013	a97f36e5-ded1-49cc-bdec-ac6170fc7b9c	10848064			UBA1874						order			accepted			Bacteria	Firmicutes_B	Moorellia	UBA1874		
10889525	a97f36e5-ded1-49cc-bdec-ac6170fc7b9c	10848064			PH28-bin88						order			accepted			Bacteria	Firmicutes_B	Moorellia	PH28-bin88		
10755388	a97f36e5-ded1-49cc-bdec-ac6170fc7b9c	10848064			DTU086						order			accepted			Bacteria	Firmicutes_B	Moorellia	DTU086		
11165758	a97f36e5-ded1-49cc-bdec-ac6170fc7b9c	10848064			DULZ01						order			accepted			Bacteria	Firmicutes_B	Moorellia	DULZ01		
10857280	a97f36e5-ded1-49cc-bdec-ac6170fc7b9c	10848064			Thermacetogeniales		Thermacetogeniales	Thermacetogeniales			order			accepted			Bacteria	Firmicutes_B	Moorellia	Thermacetogeniales		
11924097	a97f36e5-ded1-49cc-bdec-ac6170fc7b9c	10848064			JADQBR01						order			accepted			Bacteria	Firmicutes_B	Moorellia	JADQBR01		
10672631	a97f36e5-ded1-49cc-bdec-ac6170fc7b9c	10848064			Desulfitibacterales		Desulfitibacterales	Desulfitibacterales			order			accepted			Bacteria	Firmicutes_B	Moorellia	Desulfitibacterales		
10827060	a97f36e5-ded1-49cc-bdec-ac6170fc7b9c	10848064			Moorellales		Moorellales	Moorellales			order			accepted			Bacteria	Firmicutes_B	Moorellia	Moorellales		
10896376	a97f36e5-ded1-49cc-bdec-ac6170fc7b9c	10720860			Thermincolales		Thermincolales	Thermincolales			order			accepted			Bacteria	Firmicutes_B	Thermincolia	Thermincolales		
10881671	a97f36e5-ded1-49cc-bdec-ac6170fc7b9c	11130346			UBA7976						order			accepted			Bacteria	Myxococcota	Bradymonadia	UBA7976		
11214648	a97f36e5-ded1-49cc-bdec-ac6170fc7b9c	11130346			UBA4248						order			accepted			Bacteria	Myxococcota	Bradymonadia	UBA4248		
10804895	a97f36e5-ded1-49cc-bdec-ac6170fc7b9c	11130346			Bradymonadales		Bradymonadales	Bradymonadales			order			accepted			Bacteria	Myxococcota	Bradymonadia	Bradymonadales		
11219296	a97f36e5-ded1-49cc-bdec-ac6170fc7b9c	11130346			REDH01						order			accepted			Bacteria	Myxococcota	Bradymonadia	REDH01		
11503130	a97f36e5-ded1-49cc-bdec-ac6170fc7b9c	11130346			JAFGEP01						order			accepted			Bacteria	Myxococcota	Bradymonadia	JAFGEP01		
118	7ddf754f-d193-4cc9-b351-99906754a03b	56			Zoomastigophora		Zoomastigophora	Zoomastigophora			class			accepted			Protozoa	Sarcomastigophora	Zoomastigophora			
237	7ddf754f-d193-4cc9-b351-99906754a03b	56			Phytomastigophora		Phytomastigophora	Phytomastigophora			class			accepted			Protozoa	Sarcomastigophora	Phytomastigophora			
7391750	7ea21580-4f06-469d-995b-3f713fdcc37c	41			Euglenoidea		Euglenoidea	Euglenoidea			class			accepted			Protozoa	Euglenozoa	Euglenoidea			
7502057	7ea21580-4f06-469d-995b-3f713fdcc37c	41			Postgaardea		Postgaardea	Postgaardea			class		Cavalier-Smith, T. (1998). A revised six-kingdom system of life. Biological Reviews. 73(3): 203-266.	accepted			Protozoa	Euglenozoa	Postgaardea			
7687234	7ea21580-4f06-469d-995b-3f713fdcc37c	41			Kinetoplastea		Kinetoplastea	Kinetoplastea			class			accepted			Protozoa	Euglenozoa	Kinetoplastea			
8002566	7ddf754f-d193-4cc9-b351-99906754a03b	7501587			Rudimicrosporea		Rudimicrosporea	Rudimicrosporea			class			accepted			Protozoa	Microsporidia	Rudimicrosporea			
10899597	7ddf754f-d193-4cc9-b351-99906754a03b	41			Ploeotarea		Ploeotarea	Ploeotarea			class		Cavalier-Smith, T. (2016). Higher classification and phylogeny of Euglenozoa. European Journal of Protistology. 56: 250-276.	accepted			Protozoa	Euglenozoa	Ploeotarea			
7405139	7ddf754f-d193-4cc9-b351-99906754a03b	7501587			Microsporea		Microsporea	Microsporea			class			accepted			Protozoa	Microsporidia	Microsporea			
8242259	7ea21580-4f06-469d-995b-3f713fdcc37c	41			Diplonemea		Diplonemea	Diplonemea			class			accepted			Protozoa	Euglenozoa	Diplonemea			
9681197	7ddf754f-d193-4cc9-b351-99906754a03b	41			Peranemea		Peranemea	Peranemea			class		Cavalier-Smith, T. (1993). Kingdom Protozoa and its 18 phyla. Microbiological Reviews. 57(4): 953-994.	accepted			Protozoa	Euglenozoa	Peranemea			
8319499	7ea21580-4f06-469d-995b-3f713fdcc37c	41			Bodonophyceae		Bodonophyceae	Bodonophyceae			class			accepted			Protozoa	Euglenozoa	Bodonophyceae			
10765505	7ddf754f-d193-4cc9-b351-99906754a03b	41			Entosiphonea		Entosiphonea	Entosiphonea			class		Cavalier-Smith, T. (2016). Higher classification and phylogeny of Euglenozoa. European Journal of Protistology. 56: 250-276.	accepted			Protozoa	Euglenozoa	Entosiphonea			
10864478	7ddf754f-d193-4cc9-b351-99906754a03b	41			Stavomonadea		Stavomonadea	Stavomonadea			class		Cavalier-Smith, T. (2016). Higher classification and phylogeny of Euglenozoa. European Journal of Protistology. 56: 250-276.	accepted			Protozoa	Euglenozoa	Stavomonadea			
10822187	7ddf754f-d193-4cc9-b351-99906754a03b	8199256			Glissodiscea		Glissodiscea	Glissodiscea			class		Cavalier-Smith, T. (2013). Early evolution of eukaryote feeding modes, cell structural diversity, and classification of the protozoan phyla Loukozoa, Sulcozoa, and Choanozoa. European Journal of Protistology. 49(2): 115-178.	accepted			Protozoa	Sulcozoa	Glissodiscea			
9707701	7ddf754f-d193-4cc9-b351-99906754a03b	8199256			Hilomonadea		Hilomonadea	Hilomonadea			class			accepted			Protozoa	Sulcozoa	Hilomonadea			
9719611	7ddf754f-d193-4cc9-b351-99906754a03b	8199256			Thecomonadea		Thecomonadea	Thecomonadea			class			accepted			Protozoa	Sulcozoa	Thecomonadea			
9763792	7ddf754f-d193-4cc9-b351-99906754a03b	8199256			Diphyllatea		Diphyllatea	Diphyllatea			class		Cavalier-Smith, T. (2003). The excavate protozoan phyla Metamonada Grassé emend. (Anaeromonadea, Parabasalia, Carpediemonas, Eopharyngia) and Loukozoa emend. (Jakobea, Malawimonas): their evolutionary affinities and new higher taxa. International Journal of Systematic and Evolutionary Microbiology. 53(6): 1741-1758.	accepted			Protozoa	Sulcozoa	Diphyllatea			
10817443	7ddf754f-d193-4cc9-b351-99906754a03b	8199256			Breviatea		Breviatea	Breviatea			class		Cavalier-Smith, T.; Chao, E. E.-Y.; Oates, B. (2004). Molecular phylogeny of Amoebozoa and the evolutionary significance of the unikont Phalansterium. European Journal of Protistology. 40(1): 21-48.	accepted			Protozoa	Sulcozoa	Breviatea			
9771007	7ddf754f-d193-4cc9-b351-99906754a03b	8199256			Mantamonadida		Mantamonadida	Mantamonadida			order			accepted			Protozoa	Sulcozoa		Mantamonadida		
928	7ddf754f-d193-4cc9-b351-99906754a03b	232			Haplosporida		Haplosporida	Haplosporida			order			accepted			Protozoa		Haplosporea	Haplosporida		
7563721	7ea21580-4f06-469d-995b-3f713fdcc37c	7813133			Carpediemonadea		Carpediemonadea	Carpediemonadea			class			accepted			Protozoa	Metamonada	Carpediemonadea			
7681369	7ea21580-4f06-469d-995b-3f713fdcc37c	7813133			Retortamonadea		Retortamonadea	Retortamonadea			class			accepted			Protozoa	Metamonada	Retortamonadea			
7624885	7ea21580-4f06-469d-995b-3f713fdcc37c	7813133			Anaeromonadea		Anaeromonadea	Anaeromonadea			class		Cavalier-Smith, T. (1997). Amoeboflagellates and mitochondrial cristae in eukaryote evolution: megasystematics of the new protozoan subkingdoms Eozoa and Neozoa. Archiv für Protistenkunde. 147(3-4): 237-258.	accepted			Protozoa	Metamonada	Anaeromonadea			
7996082	7ea21580-4f06-469d-995b-3f713fdcc37c	7813133			Trichonymphea		Trichonymphea	Trichonymphea			class		Cavalier-Smith, T. (2003). The excavate protozoan phyla Metamonada Grassé emend. (Anaeromonadea, Parabasalia, Carpediemonas, Eopharyngia) and Loukozoa emend. (Jakobea, Malawimonas): their evolutionary affinities and new higher taxa. International Journal of Systematic and Evolutionary Microbiology. 53(6): 1741-1758.	accepted			Protozoa	Metamonada	Trichonymphea			
7436010	7ea21580-4f06-469d-995b-3f713fdcc37c	7813133			Trichomonadea		Trichomonadea	Trichomonadea			class			accepted			Protozoa	Metamonada	Trichomonadea			
7636249	7ea21580-4f06-469d-995b-3f713fdcc37c	7813133			Trepomonadea		Trepomonadea	Trepomonadea			class			accepted			Protozoa	Metamonada	Trepomonadea			
11861481	a97f36e5-ded1-49cc-bdec-ac6170fc7b9c	10701047			JACPQR01						order			accepted			Bacteria	Myxococcota	Polyangia	JACPQR01		
11193880	a97f36e5-ded1-49cc-bdec-ac6170fc7b9c	10701047			DRWM01						order			accepted			Bacteria	Myxococcota	Polyangia	DRWM01		
11910184	a97f36e5-ded1-49cc-bdec-ac6170fc7b9c	10701047			JACRCY01						order			accepted			Bacteria	Myxococcota	Polyangia	JACRCY01		
11709131	a97f36e5-ded1-49cc-bdec-ac6170fc7b9c	10701047			Palsa-1104_A		Palsa	Palsa			order			accepted			Bacteria	Myxococcota	Polyangia	Palsa		
11149797	a97f36e5-ded1-49cc-bdec-ac6170fc7b9c	10701047			JAAYKL01						order			accepted			Bacteria	Myxococcota	Polyangia	JAAYKL01		
10785117	a97f36e5-ded1-49cc-bdec-ac6170fc7b9c	10701047			Haliangiales		Haliangiales	Haliangiales			order			accepted			Bacteria	Myxococcota	Polyangia	Haliangiales		
10876507	a97f36e5-ded1-49cc-bdec-ac6170fc7b9c	10701047			Nannocystales		Nannocystales	Nannocystales			order			accepted			Bacteria	Myxococcota	Polyangia	Nannocystales		
10871805	a97f36e5-ded1-49cc-bdec-ac6170fc7b9c	10701047			Polyangiales		Polyangiales	Polyangiales			order			accepted			Bacteria	Myxococcota	Polyangia	Polyangiales		
8262092	7ddf754f-d193-4cc9-b351-99906754a03b	97			Ichthyosporea		Ichthyosporea	Ichthyosporea			class			accepted			Protozoa	Choanozoa	Ichthyosporea			
9720994	7ddf754f-d193-4cc9-b351-99906754a03b	97			Rozellidea		Rozellidea	Rozellidea			class		Cavalier-Smith, T. (2013). Early evolution of eukaryote feeding modes, cell structural diversity, and classification of the protozoan phyla Loukozoa, Sulcozoa, and Choanozoa. European Journal of Protistology. 49(2): 115-178.	accepted			Protozoa	Choanozoa	Rozellidea			
9740552	7ddf754f-d193-4cc9-b351-99906754a03b	97			Filasterea		Filasterea	Filasterea			class		Shalchian-Tabrizi, K.; Minge, M. A.; Espelund, M.; Orr, R.; Ruden, T.; Jakobsen, K. S.; Cavalier-Smith, T. (2008). Multigene phylogeny of Choanozoa and the origin of animals. PLoS ONE. 3(5): e2098.	accepted			Protozoa	Choanozoa	Filasterea			
9737030	7ddf754f-d193-4cc9-b351-99906754a03b	97			Choanoflagellatea		Choanoflagellatea	Choanoflagellatea			class			accepted			Protozoa	Choanozoa	Choanoflagellatea			
9730635	7ddf754f-d193-4cc9-b351-99906754a03b	97			Cristidiscoidea		Cristidiscoidea	Cristidiscoidea			class			accepted			Protozoa	Choanozoa	Cristidiscoidea			
10877963	a97f36e5-ded1-49cc-bdec-ac6170fc7b9c	10718126			PHBI01						order			accepted			Bacteria	Myxococcota	UBA9042	PHBI01		
11127051	a97f36e5-ded1-49cc-bdec-ac6170fc7b9c	10718126			DTJE01						order			accepted			Bacteria	Myxococcota	UBA9042	DTJE01		
10704541	a97f36e5-ded1-49cc-bdec-ac6170fc7b9c	10718126			PWKZ01						order			accepted			Bacteria	Myxococcota	UBA9042	PWKZ01		
10812990	a97f36e5-ded1-49cc-bdec-ac6170fc7b9c	10718126			UBA3505						order			accepted			Bacteria	Myxococcota	UBA9042	UBA3505		
11163954	a97f36e5-ded1-49cc-bdec-ac6170fc7b9c	10718126			JABWCM01						order			accepted			Bacteria	Myxococcota	UBA9042	JABWCM01		
11208544	a97f36e5-ded1-49cc-bdec-ac6170fc7b9c	10718126			CAIXZC01						order			accepted			Bacteria	Myxococcota	UBA9042	CAIXZC01		
11642176	a97f36e5-ded1-49cc-bdec-ac6170fc7b9c	10727953			JAEEML01						order			accepted			Bacteria	Myxococcota	XYA12-FULL-58-9	JAEEML01		
9732619	7ddf754f-d193-4cc9-b351-99906754a03b	7509337			Discosea		Discosea	Discosea			class		Cavalier-Smith, T.; Chao, E. E.-Y.; Oates, B. (2004). Molecular phylogeny of Amoebozoa and the evolutionary significance of the unikont Phalansterium. European Journal of Protistology. 40(1): 21-48.	accepted			Protozoa	Amoebozoa	Discosea			
116	7ddf754f-d193-4cc9-b351-99906754a03b	7509337			Lobosa		Lobosa	Lobosa			class			accepted			Protozoa	Amoebozoa	Lobosa			
9775802	7ddf754f-d193-4cc9-b351-99906754a03b	7509337			Tubulinea		Tubulinea	Tubulinea			class		Smirnov, A.; Nassonova, E.; Berney, C.; Fahrni, J.; Bolivar, I.; Pawlowski, J. (2005). Molecular phylogeny and classification of the lobose Amoebae. Protist. 156(2): 129-142.	accepted			Protozoa	Amoebozoa	Tubulinea			
9759116	7ddf754f-d193-4cc9-b351-99906754a03b	7509337			Variosea		Variosea	Variosea			class			accepted			Protozoa	Amoebozoa	Variosea			
9800853	7ddf754f-d193-4cc9-b351-99906754a03b	7509337			Pelobiontida		Pelobiontida	Pelobiontida			order			accepted			Protozoa	Amoebozoa		Pelobiontida		
9803786	7ddf754f-d193-4cc9-b351-99906754a03b	7509337			Schizopyrenida		Schizopyrenida	Schizopyrenida			order			accepted			Protozoa	Amoebozoa		Schizopyrenida		
7608643	7ea21580-4f06-469d-995b-3f713fdcc37c	7872314			Malawimonadea		Malawimonadea	Malawimonadea			class			accepted			Protozoa	Loukozoa	Malawimonadea			
9775313	7ddf754f-d193-4cc9-b351-99906754a03b	7872314			Tsukubea		Tsukubea	Tsukubea			class		Cavalier-Smith, T. (2013). Early evolution of eukaryote feeding modes, cell structural diversity, and classification of the protozoan phyla Loukozoa, Sulcozoa, and Choanozoa. European Journal of Protistology. 49(2): 115-178.	accepted			Protozoa	Loukozoa	Tsukubea			
7579938	7ea21580-4f06-469d-995b-3f713fdcc37c	7872314			Jakobea		Jakobea	Jakobea			class			accepted			Protozoa	Loukozoa	Jakobea			
284	7ddf754f-d193-4cc9-b351-99906754a03b	33			Dictyosteliomycetes		Dictyosteliomycetes	Dictyosteliomycetes			class			accepted			Protozoa	Mycetozoa	Dictyosteliomycetes			
145	7ddf754f-d193-4cc9-b351-99906754a03b	33			Protosteliomycetes		Protosteliomycetes	Protosteliomycetes			class			accepted			Protozoa	Mycetozoa	Protosteliomycetes			
319	7ddf754f-d193-4cc9-b351-99906754a03b	33			Myxomycetes		Myxomycetes	Myxomycetes			class			accepted			Protozoa	Mycetozoa	Myxomycetes			
926	7ddf754f-d193-4cc9-b351-99906754a03b	234			Arthracanthida		Arthracanthida	Arthracanthida			order			accepted			Protozoa		Acantharia	Arthracanthida		
10890002	a97f36e5-ded1-49cc-bdec-ac6170fc7b9c	10714438			SLRQ01						order			accepted			Bacteria	Myxococcota	Myxococcia	SLRQ01		
1384	a97f36e5-ded1-49cc-bdec-ac6170fc7b9c	10714438			Myxococcales		Myxococcales	Myxococcales			order			accepted			Bacteria	Myxococcota	Myxococcia	Myxococcales		
927	7ddf754f-d193-4cc9-b351-99906754a03b	233			Aconchulinida		Aconchulinida	Aconchulinida			order			accepted			Protozoa		Filosia	Aconchulinida		
11187306	a97f36e5-ded1-49cc-bdec-ac6170fc7b9c	10707890			Conexivisphaerales		Conexivisphaerales	Conexivisphaerales			order			accepted			Archaea	Thermoproteota	Nitrososphaeria	Conexivisphaerales		
10883498	a97f36e5-ded1-49cc-bdec-ac6170fc7b9c	10707890			Nitrososphaerales		Nitrososphaerales	Nitrososphaerales			order			accepted			Archaea	Thermoproteota	Nitrososphaeria	Nitrososphaerales		
10876842	a97f36e5-ded1-49cc-bdec-ac6170fc7b9c	10707890			Geothermarchaeales		Geothermarchaeales	Geothermarchaeales			order			accepted			Archaea	Thermoproteota	Nitrososphaeria	Geothermarchaeales		
11142900	a97f36e5-ded1-49cc-bdec-ac6170fc7b9c	10707890			JACIWG01						order			accepted			Archaea	Thermoproteota	Nitrososphaeria	JACIWG01		
11120167	a97f36e5-ded1-49cc-bdec-ac6170fc7b9c	10775312			DRAE01						order			accepted			Archaea	Thermoproteota	Korarchaeia	DRAE01		
10740113	a97f36e5-ded1-49cc-bdec-ac6170fc7b9c	10775312			Korarchaeales		Korarchaeales	Korarchaeales			order			accepted			Archaea	Thermoproteota	Korarchaeia	Korarchaeales		
11125241	a97f36e5-ded1-49cc-bdec-ac6170fc7b9c	10824143			DTDM01						order			accepted			Archaea	Thermoproteota	Methanomethylicia	DTDM01		
10773023	a97f36e5-ded1-49cc-bdec-ac6170fc7b9c	10824143			Nezhaarchaeales		Nezhaarchaeales	Nezhaarchaeales			order			accepted			Archaea	Thermoproteota	Methanomethylicia	Nezhaarchaeales		
10731466	a97f36e5-ded1-49cc-bdec-ac6170fc7b9c	10824143			B29-G17						order			accepted			Archaea	Thermoproteota	Methanomethylicia	B29-G17		
10691306	a97f36e5-ded1-49cc-bdec-ac6170fc7b9c	10824143			Methanomethylicales		Methanomethylicales	Methanomethylicales			order			accepted			Archaea	Thermoproteota	Methanomethylicia	Methanomethylicales		
10871718	a97f36e5-ded1-49cc-bdec-ac6170fc7b9c	10705856			EX4484-135						order			accepted			Archaea	Thermoproteota	Bathyarchaeia	EX4484-135		
10809503	a97f36e5-ded1-49cc-bdec-ac6170fc7b9c	10705856			B25						order			accepted			Archaea	Thermoproteota	Bathyarchaeia	B25		
10726612	a97f36e5-ded1-49cc-bdec-ac6170fc7b9c	10705856			TCS64						order			accepted			Archaea	Thermoproteota	Bathyarchaeia	TCS64		
10710732	a97f36e5-ded1-49cc-bdec-ac6170fc7b9c	10705856			40CM-2-53-6						order			accepted			Archaea	Thermoproteota	Bathyarchaeia	40CM-2-53-6		
10835129	a97f36e5-ded1-49cc-bdec-ac6170fc7b9c	10705856			B24						order			accepted			Archaea	Thermoproteota	Bathyarchaeia	B24		
10829137	a97f36e5-ded1-49cc-bdec-ac6170fc7b9c	10705856			B26-1						order			accepted			Archaea	Thermoproteota	Bathyarchaeia	B26-1		
10710960	a97f36e5-ded1-49cc-bdec-ac6170fc7b9c	11545815			Caldarchaeales		Caldarchaeales	Caldarchaeales			order			accepted			Archaea	Thermoproteota	Nitrososphaeria_A	Caldarchaeales		
10772788	a97f36e5-ded1-49cc-bdec-ac6170fc7b9c	10705623			Thermofilales		Thermofilales	Thermofilales			order			accepted			Archaea	Thermoproteota	Thermoproteia	Thermofilales		
564	a97f36e5-ded1-49cc-bdec-ac6170fc7b9c	10705623			Sulfolobales		Sulfolobales	Sulfolobales			order			accepted			Archaea	Thermoproteota	Thermoproteia	Sulfolobales		
10849549	a97f36e5-ded1-49cc-bdec-ac6170fc7b9c	10705623			QMSL01						order			accepted			Archaea	Thermoproteota	Thermoproteia	QMSL01		
10818040	a97f36e5-ded1-49cc-bdec-ac6170fc7b9c	10705623			Gearchaeales		Gearchaeales	Gearchaeales			order			accepted			Archaea	Thermoproteota	Thermoproteia	Gearchaeales		
10738692	a97f36e5-ded1-49cc-bdec-ac6170fc7b9c	10705623			Marsarchaeales		Marsarchaeales	Marsarchaeales			order			accepted			Archaea	Thermoproteota	Thermoproteia	Marsarchaeales		
10881187	a97f36e5-ded1-49cc-bdec-ac6170fc7b9c	10705623			EX4484-217-1						order			accepted			Archaea	Thermoproteota	Thermoproteia	EX4484-217-1		
1191	a97f36e5-ded1-49cc-bdec-ac6170fc7b9c	10705623			Thermoproteales		Thermoproteales	Thermoproteales			order			accepted			Archaea	Thermoproteota	Thermoproteia	Thermoproteales		
552	7ddf754f-d193-4cc9-b351-99906754a03b	196			Arecales		Arecales	Arecales			order			accepted			Plantae	Tracheophyta	Liliopsida	Arecales		
551	7ddf754f-d193-4cc9-b351-99906754a03b	196			Alismatales		Alismatales	Alismatales			order			accepted			Plantae	Tracheophyta	Liliopsida	Alismatales		
7227341	7ddf754f-d193-4cc9-b351-99906754a03b	196			Acorales		Acorales	Acorales			order			accepted			Plantae	Tracheophyta	Liliopsida	Acorales		
554	7ddf754f-d193-4cc9-b351-99906754a03b	196			Pandanales		Pandanales	Pandanales			order			accepted			Plantae	Tracheophyta	Liliopsida	Pandanales		
1369	7ddf754f-d193-4cc9-b351-99906754a03b	196			Poales		Poales	Poales			order			accepted			Plantae	Tracheophyta	Liliopsida	Poales		
627	7ddf754f-d193-4cc9-b351-99906754a03b	196			Zingiberales		Zingiberales	Zingiberales			order			accepted			Plantae	Tracheophyta	Liliopsida	Zingiberales		
1169	7ddf754f-d193-4cc9-b351-99906754a03b	196			Asparagales		Asparagales	Asparagales			order			accepted			Plantae	Tracheophyta	Liliopsida	Asparagales		
1172	7ddf754f-d193-4cc9-b351-99906754a03b	196			Liliales		Liliales	Liliales			order			accepted			Plantae	Tracheophyta	Liliopsida	Liliales		
1173	7ddf754f-d193-4cc9-b351-99906754a03b	196			Petrosaviales		Petrosaviales	Petrosaviales			order			accepted			Plantae	Tracheophyta	Liliopsida	Petrosaviales		
553	7ddf754f-d193-4cc9-b351-99906754a03b	196			Commelinales		Commelinales	Commelinales			order			accepted			Plantae	Tracheophyta	Liliopsida	Commelinales		
1171	7ddf754f-d193-4cc9-b351-99906754a03b	196			Dioscoreales		Dioscoreales	Dioscoreales			order			accepted			Plantae	Tracheophyta	Liliopsida	Dioscoreales		
10695145	a97f36e5-ded1-49cc-bdec-ac6170fc7b9c	7502419			UBA1407						order			accepted			Bacteria	Verrucomicrobiota	Lentisphaeria	UBA1407		
11199569	a97f36e5-ded1-49cc-bdec-ac6170fc7b9c	7502419			JABSQK01						order			accepted			Bacteria	Verrucomicrobiota	Lentisphaeria	JABSQK01		
539	7ddf754f-d193-4cc9-b351-99906754a03b	159			Golfingiiformes		Golfingiiformes	Golfingiiformes			order			accepted			Animalia	Sipuncula	Sipunculidea	Golfingiiformes		
10710858	a97f36e5-ded1-49cc-bdec-ac6170fc7b9c	7502419			UBA2565						order			accepted			Bacteria	Verrucomicrobiota	Lentisphaeria	UBA2565		
10819404	a97f36e5-ded1-49cc-bdec-ac6170fc7b9c	7502419			UBA12247						order			accepted			Bacteria	Verrucomicrobiota	Lentisphaeria	UBA12247		
1215	a97f36e5-ded1-49cc-bdec-ac6170fc7b9c	7502419			Lentisphaerales		Lentisphaerales	Lentisphaerales			order			accepted			Bacteria	Verrucomicrobiota	Lentisphaeria	Lentisphaerales		
863	7ddf754f-d193-4cc9-b351-99906754a03b	159			Sipunculiformes		Sipunculiformes	Sipunculiformes			order			accepted			Animalia	Sipuncula	Sipunculidea	Sipunculiformes		
1217	a97f36e5-ded1-49cc-bdec-ac6170fc7b9c	7502419			Victivallales		Victivallales	Victivallales			order			accepted			Bacteria	Verrucomicrobiota	Lentisphaeria	Victivallales		
1155	7ddf754f-d193-4cc9-b351-99906754a03b	158			Phascolosomatiformes		Phascolosomatiformes	Phascolosomatiformes			order			accepted			Animalia	Sipuncula	Phascolosomatidea	Phascolosomatiformes		
1154	7ddf754f-d193-4cc9-b351-99906754a03b	158			Aspidosiphoniformes		Aspidosiphoniformes	Aspidosiphoniformes			order			accepted			Animalia	Sipuncula	Phascolosomatidea	Aspidosiphoniformes		
424	7ddf754f-d193-4cc9-b351-99906754a03b	282			Ephedrales		Ephedrales	Ephedrales			order			accepted			Plantae	Tracheophyta	Gnetopsida	Ephedrales		
1168	7ddf754f-d193-4cc9-b351-99906754a03b	282			Welwitschiales		Welwitschiales	Welwitschiales			order			accepted			Plantae	Tracheophyta	Gnetopsida	Welwitschiales		
640	7ddf754f-d193-4cc9-b351-99906754a03b	194			Pinales		Pinales	Pinales			order			accepted			Plantae	Tracheophyta	Pinopsida	Pinales		
423	7ddf754f-d193-4cc9-b351-99906754a03b	282			Gnetales		Gnetales	Gnetales			order			accepted			Plantae	Tracheophyta	Gnetopsida	Gnetales		
10844209	a97f36e5-ded1-49cc-bdec-ac6170fc7b9c	219			Methylacidiphilales		Methylacidiphilales	Methylacidiphilales			order			accepted			Bacteria	Verrucomicrobiota	Verrucomicrobiae	Methylacidiphilales		
11216532	a97f36e5-ded1-49cc-bdec-ac6170fc7b9c	219			JABWAM01						order			accepted			Bacteria	Verrucomicrobiota	Verrucomicrobiae	JABWAM01		
10882404	a97f36e5-ded1-49cc-bdec-ac6170fc7b9c	219			Pedosphaerales		Pedosphaerales	Pedosphaerales			order			accepted			Bacteria	Verrucomicrobiota	Verrucomicrobiae	Pedosphaerales		
10733345	a97f36e5-ded1-49cc-bdec-ac6170fc7b9c	219			Chthoniobacterales		Chthoniobacterales	Chthoniobacterales			order			accepted			Bacteria	Verrucomicrobiota	Verrucomicrobiae	Chthoniobacterales		
8349054	a97f36e5-ded1-49cc-bdec-ac6170fc7b9c	219			Opitutales		Opitutales	Opitutales			order			accepted			Bacteria	Verrucomicrobiota	Verrucomicrobiae	Opitutales		
1479	a97f36e5-ded1-49cc-bdec-ac6170fc7b9c	219			Verrucomicrobiales		Verrucomicrobiales	Verrucomicrobiales			order			accepted			Bacteria	Verrucomicrobiota	Verrucomicrobiae	Verrucomicrobiales		
951	7ddf754f-d193-4cc9-b351-99906754a03b	245			Isoetales		Isoetales	Isoetales			order		Prantl. (1874). In: Lehrb. Bot.: 116.	accepted			Plantae	Tracheophyta	Lycopodiopsida	Isoetales		
421	7ddf754f-d193-4cc9-b351-99906754a03b	245			Lycopodiales		Lycopodiales	Lycopodiales			order		DC. ex Bercht. & J. Presl. (1820). In: Prir. Rostlin: 272.	accepted			Plantae	Tracheophyta	Lycopodiopsida	Lycopodiales		
420	7ddf754f-d193-4cc9-b351-99906754a03b	245			Selaginellales		Selaginellales	Selaginellales			order		Prantl. (1874). In: Lehrb. Bot.: 116.	accepted			Plantae	Tracheophyta	Lycopodiopsida	Selaginellales		
1414	7ddf754f-d193-4cc9-b351-99906754a03b	220			Malpighiales		Malpighiales	Malpighiales			order			accepted			Plantae	Tracheophyta	Magnoliopsida	Malpighiales		
400	7ddf754f-d193-4cc9-b351-99906754a03b	220			Proteales		Proteales	Proteales			order		Juss. ex Bercht. & J. Presl. (1820). In: Prir. Rostlin: 234.	accepted			Plantae	Tracheophyta	Magnoliopsida	Proteales		
7222050	7ddf754f-d193-4cc9-b351-99906754a03b	220			Vitales		Vitales	Vitales			order		Juss. ex Bercht. & J. Presl. (1820). In: Prir. Rostlin: 225.	accepted			Plantae	Tracheophyta	Magnoliopsida	Vitales		
7221318	7ddf754f-d193-4cc9-b351-99906754a03b	220			Austrobaileyales		Austrobaileyales	Austrobaileyales			order		Takht. ex Reveal. (1992). In: Novon 2: 238.	accepted			Plantae	Tracheophyta	Magnoliopsida	Austrobaileyales		
407	7ddf754f-d193-4cc9-b351-99906754a03b	220			Laurales		Laurales	Laurales			order		Juss. ex Bercht. & J. Presl. (1820). In: Prir. Rostlin: 235.	accepted			Plantae	Tracheophyta	Magnoliopsida	Laurales		
1353	7ddf754f-d193-4cc9-b351-99906754a03b	220			Ericales		Ericales	Ericales			order			accepted			Plantae	Tracheophyta	Magnoliopsida	Ericales		
636	7ddf754f-d193-4cc9-b351-99906754a03b	220			Nymphaeales		Nymphaeales	Nymphaeales			order		Salisb. ex Bercht. & J. Presl. (1820). In: Prir. Rostlin: 270.	accepted			Plantae	Tracheophyta	Magnoliopsida	Nymphaeales		
412	7ddf754f-d193-4cc9-b351-99906754a03b	220			Gentianales		Gentianales	Gentianales			order		Juss. ex Bercht. & J. Presl. (1820). In: Prir. Rostlin: 248.	accepted			Plantae	Tracheophyta	Magnoliopsida	Gentianales		
1354	7ddf754f-d193-4cc9-b351-99906754a03b	220			Fagales		Fagales	Fagales			order			accepted			Plantae	Tracheophyta	Magnoliopsida	Fagales		
946	7ddf754f-d193-4cc9-b351-99906754a03b	220			Dipsacales		Dipsacales	Dipsacales			order		Juss. ex Bercht. & J. Presl. (1820). In: Prir. Rostlin: 255.	accepted			Plantae	Tracheophyta	Magnoliopsida	Dipsacales		
399	7ddf754f-d193-4cc9-b351-99906754a03b	220			Ranunculales		Ranunculales	Ranunculales			order		Juss. ex Bercht. & J. Presl. (1820). In: Prir. Rostlin: 215.	accepted			Plantae	Tracheophyta	Magnoliopsida	Ranunculales		
690	7ddf754f-d193-4cc9-b351-99906754a03b	220			Myrtales		Myrtales	Myrtales			order		Juss. ex Bercht. & J. Presl. (1820). In: Prir. Rostlin: 233.	accepted			Plantae	Tracheophyta	Magnoliopsida	Myrtales		
7219293	7ddf754f-d193-4cc9-b351-99906754a03b	220			Zygophyllales		Zygophyllales	Zygophyllales			order		Link. (1829). In: Handbuch 2: 228.	accepted			Plantae	Tracheophyta	Magnoliopsida	Zygophyllales		
7224005	7ddf754f-d193-4cc9-b351-99906754a03b	220			Cucurbitales		Cucurbitales	Cucurbitales			order		Juss. ex Bercht. & J. Presl. (1820). In: Prir. Rostlin: 236.	accepted			Plantae	Tracheophyta	Magnoliopsida	Cucurbitales		
408	7ddf754f-d193-4cc9-b351-99906754a03b	220			Lamiales		Lamiales	Lamiales			order		Bromhead. (1838). In: Mag. Nat. Hist., Ser. 2, 2: 210.	accepted			Plantae	Tracheophyta	Magnoliopsida	Lamiales		
7226589	7ddf754f-d193-4cc9-b351-99906754a03b	220			Chloranthales		Chloranthales	Chloranthales			order		Mart. (1835). In: Consp. Regn. Veg.: 12.	accepted			Plantae	Tracheophyta	Magnoliopsida	Chloranthales		
8124151	7ddf754f-d193-4cc9-b351-99906754a03b	220			Paracryphiales		Paracryphiales	Paracryphiales			order		Takht. ex Reveal. (1992). In: Novon 2: 239.	accepted			Plantae	Tracheophyta	Magnoliopsida	Paracryphiales		
7224021	7ddf754f-d193-4cc9-b351-99906754a03b	220			Oxalidales		Oxalidales	Oxalidales			order		Bercht. & J. Presl. (1820). In: Prir. Rostlin: 221.	accepted			Plantae	Tracheophyta	Magnoliopsida	Oxalidales		
628	7ddf754f-d193-4cc9-b351-99906754a03b	220			Garryales		Garryales	Garryales			order			accepted			Plantae	Tracheophyta	Magnoliopsida	Garryales		
7219248	7ddf754f-d193-4cc9-b351-99906754a03b	220			Saxifragales		Saxifragales	Saxifragales			order		Bercht. & J. Presl. (1820). In: Prir. Rostlin: 259 S. Str.	accepted			Plantae	Tracheophyta	Magnoliopsida	Saxifragales		
718	7ddf754f-d193-4cc9-b351-99906754a03b	220			Magnoliales		Magnoliales	Magnoliales			order			accepted			Plantae	Tracheophyta	Magnoliopsida	Magnoliales		
7561687	7ddf754f-d193-4cc9-b351-99906754a03b	220			Metteniusales		Metteniusales	Metteniusales			order			accepted			Plantae	Tracheophyta	Magnoliopsida	Metteniusales		
414	7ddf754f-d193-4cc9-b351-99906754a03b	220			Asterales		Asterales	Asterales			order			accepted			Plantae	Tracheophyta	Magnoliopsida	Asterales		
950	7ddf754f-d193-4cc9-b351-99906754a03b	220			Celastrales		Celastrales	Celastrales			order		Link. (1829). In: Handbuch 2: 115.	accepted			Plantae	Tracheophyta	Magnoliopsida	Celastrales		
7226638	7ddf754f-d193-4cc9-b351-99906754a03b	220			Aquifoliales		Aquifoliales	Aquifoliales			order			accepted			Plantae	Tracheophyta	Magnoliopsida	Aquifoliales		
624	7ddf754f-d193-4cc9-b351-99906754a03b	220			Geraniales		Geraniales	Geraniales			order		Juss. ex Bercht. & J. Presl. (1820). In: Prir. Rostlin: 221.	accepted			Plantae	Tracheophyta	Magnoliopsida	Geraniales		
7225535	7ddf754f-d193-4cc9-b351-99906754a03b	220			Brassicales		Brassicales	Brassicales			order			accepted			Plantae	Tracheophyta	Magnoliopsida	Brassicales		
1351	7ddf754f-d193-4cc9-b351-99906754a03b	220			Apiales		Apiales	Apiales			order		Nakai. (1930). In: Hisi-Shokubutsu: 58.	accepted			Plantae	Tracheophyta	Magnoliopsida	Apiales		
7219294	7ddf754f-d193-4cc9-b351-99906754a03b	220			Gunnerales		Gunnerales	Gunnerales			order		Takht. ex Reveal. (1992). In: Novon 2: 239.	accepted			Plantae	Tracheophyta	Magnoliopsida	Gunnerales		
7941101	7ddf754f-d193-4cc9-b351-99906754a03b	220			Amborellales		Amborellales	Amborellales			order		Melikyan. (1999). In: A. V. Bobrov & Zaytzeva, F. Manitz & F. H. Hellwig, 14 Symp. Biodiv. Evolutionsbiol.: 122.	accepted			Plantae	Tracheophyta	Magnoliopsida	Amborellales		
422	7ddf754f-d193-4cc9-b351-99906754a03b	220			Caryophyllales		Caryophyllales	Caryophyllales			order		Juss. ex Bercht. & J. Presl. (1820). In: Prir. Rostlin: 239.	accepted			Plantae	Tracheophyta	Magnoliopsida	Caryophyllales		
5939628	7ddf754f-d193-4cc9-b351-99906754a03b	220			Buxales		Buxales	Buxales			order		Takht. ex Reveal. (1996). In: Phytologia 79: 72.	accepted			Plantae	Tracheophyta	Magnoliopsida	Buxales		
7471799	7ddf754f-d193-4cc9-b351-99906754a03b	220			Trochodendrales		Trochodendrales	Trochodendrales			order		Takht. ex Cronquist. (1981). In: Integr. Syst. Class. Fl. Pl.: 157.	accepted			Plantae	Tracheophyta	Magnoliopsida	Trochodendrales		
7223737	7ddf754f-d193-4cc9-b351-99906754a03b	220			Picramniales		Picramniales	Picramniales			order		Doweld. (2001). In: Tent. Syst. Pl. Vasc.: Xxxviii.	accepted			Plantae	Tracheophyta	Magnoliopsida	Picramniales		
7222036	7ddf754f-d193-4cc9-b351-99906754a03b	220			Crossosomatales		Crossosomatales	Crossosomatales			order		Takht. ex Reveal. (1993). In: Phytologia 74: 174.	accepted			Plantae	Tracheophyta	Magnoliopsida	Crossosomatales		
947	7ddf754f-d193-4cc9-b351-99906754a03b	220			Dilleniales		Dilleniales	Dilleniales			order		DC. ex Bercht. & J. Presl. (1820). In: Prir. Rostlin: 223.	accepted			Plantae	Tracheophyta	Magnoliopsida	Dilleniales		
7222018	7ddf754f-d193-4cc9-b351-99906754a03b	220			Canellales		Canellales	Canellales			order		Cronquist. (1957). In: Bull. Jard. Bot. Bruxelles 27: 17.	accepted			Plantae	Tracheophyta	Magnoliopsida	Canellales		
404	7ddf754f-d193-4cc9-b351-99906754a03b	220			Piperales		Piperales	Piperales			order		Bercht. & J. Presl. (1820). In: Prir. Rostlin: 261.	accepted			Plantae	Tracheophyta	Magnoliopsida	Piperales		
934	7ddf754f-d193-4cc9-b351-99906754a03b	220			Santalales		Santalales	Santalales			order		R. Br. ex Bercht. & J. Presl. (1820). In: Prir. Rostlin: 234.	accepted			Plantae	Tracheophyta	Magnoliopsida	Santalales		
1370	7ddf754f-d193-4cc9-b351-99906754a03b	220			Fabales		Fabales	Fabales			order		Bromhead. In: Edinburgh New Philos. J. 25: 126. (1838).	accepted			Plantae	Tracheophyta	Magnoliopsida	Fabales		
933	7ddf754f-d193-4cc9-b351-99906754a03b	220			Sapindales		Sapindales	Sapindales			order		Juss. ex Bercht. & J. Presl. (1820). In: Prir. Rostlin: 224.	accepted			Plantae	Tracheophyta	Magnoliopsida	Sapindales		
941	7ddf754f-d193-4cc9-b351-99906754a03b	220			Malvales		Malvales	Malvales			order		Juss. ex Bercht. & J. Presl. (1820). In: Prir. Rostlin: 221.	accepted			Plantae	Tracheophyta	Magnoliopsida	Malvales		
7224003	7ddf754f-d193-4cc9-b351-99906754a03b	220			Ceratophyllales		Ceratophyllales	Ceratophyllales			order		Link. (1829). In: Handbuch 2: 406.	accepted			Plantae	Tracheophyta	Magnoliopsida	Ceratophyllales		
1176	7ddf754f-d193-4cc9-b351-99906754a03b	220			Solanales		Solanales	Solanales			order		Juss. ex Bercht. & J. Presl. (1820). In: Prir. Rostlin: 243.	accepted			Plantae	Tracheophyta	Magnoliopsida	Solanales		
7226464	7ddf754f-d193-4cc9-b351-99906754a03b	220			Boraginales		Boraginales	Boraginales			order		Juss. ex Bercht. & J. Presl. (1820). In: Prir. Rostlin: 244.	accepted			Plantae	Tracheophyta	Magnoliopsida	Boraginales		
8322363	7ddf754f-d193-4cc9-b351-99906754a03b	220			Vahliales		Vahliales	Vahliales			order		Doweld. (2001). In: Tent. Syst. Pl. Vasc.: Xlviii.	accepted			Plantae	Tracheophyta	Magnoliopsida	Vahliales		
7222049	7ddf754f-d193-4cc9-b351-99906754a03b	220			Bruniales		Bruniales	Bruniales			order		Dumort. (1829). In: Anal. Fam. Pl.: 34.	accepted			Plantae	Tracheophyta	Magnoliopsida	Bruniales		
691	7ddf754f-d193-4cc9-b351-99906754a03b	220			Rosales		Rosales	Rosales			order		Bercht. & J. Presl. (1820). In: Prir. Rostlin: 231.	accepted			Plantae	Tracheophyta	Magnoliopsida	Rosales		
11502167	7ddf754f-d193-4cc9-b351-99906754a03b	220			Cardiopteridales		Cardiopteridales	Cardiopteridales			order			accepted			Plantae	Tracheophyta	Magnoliopsida	Cardiopteridales		
8275975	7ddf754f-d193-4cc9-b351-99906754a03b	220			Berberidopsidales		Berberidopsidales	Berberidopsidales			order		Doweld. (2001). In: Tent. Syst. Pl. Vasc.: Xxviii.	accepted			Plantae	Tracheophyta	Magnoliopsida	Berberidopsidales		
7225533	7ddf754f-d193-4cc9-b351-99906754a03b	220			Huerteales		Huerteales	Huerteales			order		Doweld. (2001). In: Tent. Syst. Pl. Vasc.: Xxxv.	accepted			Plantae	Tracheophyta	Magnoliopsida	Huerteales		
7221331	7ddf754f-d193-4cc9-b351-99906754a03b	220			Escalloniales		Escalloniales	Escalloniales			order		Mart. (1835). In: Consp. Regn. Veg.: 47.	accepted			Plantae	Tracheophyta	Magnoliopsida	Escalloniales		
7223732	7ddf754f-d193-4cc9-b351-99906754a03b	220			Icacinales		Icacinales	Icacinales			order			accepted			Plantae	Tracheophyta	Magnoliopsida	Icacinales		
949	7ddf754f-d193-4cc9-b351-99906754a03b	220			Cornales		Cornales	Cornales			order			accepted			Plantae	Tracheophyta	Magnoliopsida	Cornales		
418	7ddf754f-d193-4cc9-b351-99906754a03b	244			Ginkgoales		Ginkgoales	Ginkgoales			order			accepted			Plantae	Tracheophyta	Ginkgoopsida	Ginkgoales		
10883621	a97f36e5-ded1-49cc-bdec-ac6170fc7b9c	10818831			B70-G9						order			accepted			Bacteria	Verrucomicrobiota	Kiritimatiellae	B70-G9		
11163882	a97f36e5-ded1-49cc-bdec-ac6170fc7b9c	10818831			JAAZAB01						order			accepted			Bacteria	Verrucomicrobiota	Kiritimatiellae	JAAZAB01		
10885895	a97f36e5-ded1-49cc-bdec-ac6170fc7b9c	10818831			SLAD01						order			accepted			Bacteria	Verrucomicrobiota	Kiritimatiellae	SLAD01		
10765395	a97f36e5-ded1-49cc-bdec-ac6170fc7b9c	10818831			LD1-PB3						order			accepted			Bacteria	Verrucomicrobiota	Kiritimatiellae	LD1-PB3		
11194229	a97f36e5-ded1-49cc-bdec-ac6170fc7b9c	10818831			CAIKKV01						order			accepted			Bacteria	Verrucomicrobiota	Kiritimatiellae	CAIKKV01		
11187336	a97f36e5-ded1-49cc-bdec-ac6170fc7b9c	10818831			RZYC01						order			accepted			Bacteria	Verrucomicrobiota	Kiritimatiellae	RZYC01		
11151641	a97f36e5-ded1-49cc-bdec-ac6170fc7b9c	10818831			SS1-B-03-39						order			accepted			Bacteria	Verrucomicrobiota	Kiritimatiellae	SS1-B-03-39		
10852567	a97f36e5-ded1-49cc-bdec-ac6170fc7b9c	10818831			RFP12						order			accepted			Bacteria	Verrucomicrobiota	Kiritimatiellae	RFP12		
10805090	a97f36e5-ded1-49cc-bdec-ac6170fc7b9c	10818831			SLOV01						order			accepted			Bacteria	Verrucomicrobiota	Kiritimatiellae	SLOV01		
11657229	a97f36e5-ded1-49cc-bdec-ac6170fc7b9c	10818831			SPBP01						order			accepted			Bacteria	Verrucomicrobiota	Kiritimatiellae	SPBP01		
10723882	a97f36e5-ded1-49cc-bdec-ac6170fc7b9c	10818831			Kiritimatiellales		Kiritimatiellales	Kiritimatiellales			order			accepted			Bacteria	Verrucomicrobiota	Kiritimatiellae	Kiritimatiellales		
11446037	a97f36e5-ded1-49cc-bdec-ac6170fc7b9c	10818831			PXCX01						order			accepted			Bacteria	Verrucomicrobiota	Kiritimatiellae	PXCX01		
11715576	a97f36e5-ded1-49cc-bdec-ac6170fc7b9c	10818831			PWTM01						order			accepted			Bacteria	Verrucomicrobiota	Kiritimatiellae	PWTM01		
10862295	a97f36e5-ded1-49cc-bdec-ac6170fc7b9c	10818831			UBA8416						order			accepted			Bacteria	Verrucomicrobiota	Kiritimatiellae	UBA8416		
11815141	a97f36e5-ded1-49cc-bdec-ac6170fc7b9c	10818831			JAFGHX01						order			accepted			Bacteria	Verrucomicrobiota	Kiritimatiellae	JAFGHX01		
931	7ddf754f-d193-4cc9-b351-99906754a03b	7228684			Psilotales		Psilotales	Psilotales			order		Prantl. (1884). In: Lehrb. Bot., Ed. 5: 183 (Psilotaceae).	accepted			Plantae	Tracheophyta	Polypodiopsida	Psilotales		
392	7ddf754f-d193-4cc9-b351-99906754a03b	7228684			Polypodiales		Polypodiales	Polypodiales			order		Link. (1833). In: Hort. Berol. 2: 5 (Polypodiaceae).	accepted			Plantae	Tracheophyta	Polypodiopsida	Polypodiales		
394	7ddf754f-d193-4cc9-b351-99906754a03b	7228684			Marattiales		Marattiales	Marattiales			order		Link. (1833). In: Hort. Berol. 2: 148 (Marattiaceae).	accepted			Plantae	Tracheophyta	Polypodiopsida	Marattiales		
7229403	7ddf754f-d193-4cc9-b351-99906754a03b	7228684			Osmundales		Osmundales	Osmundales			order		Link. (1833). In: Hort. Berol. 2: 138 (Osmundaceae).	accepted			Plantae	Tracheophyta	Polypodiopsida	Osmundales		
393	7ddf754f-d193-4cc9-b351-99906754a03b	7228684			Ophioglossales		Ophioglossales	Ophioglossales			order		Link. (1833). In: Hort. Berol. 2: 151 (Ophioglossaceae).	accepted			Plantae	Tracheophyta	Polypodiopsida	Ophioglossales		
7229400	7ddf754f-d193-4cc9-b351-99906754a03b	7228684			Gleicheniales		Gleicheniales	Gleicheniales			order		Schimp. (1869). In: Traité Paléont. Vég. 1: 669.	accepted			Plantae	Tracheophyta	Polypodiopsida	Gleicheniales		
7229401	7ddf754f-d193-4cc9-b351-99906754a03b	7228684			Schizaeales		Schizaeales	Schizaeales			order		Schimp. (1869). In: Traité Paléont. Vég. 1: 674.	accepted			Plantae	Tracheophyta	Polypodiopsida	Schizaeales		
7229402	7ddf754f-d193-4cc9-b351-99906754a03b	7228684			Cyatheales		Cyatheales	Cyatheales			order		Frank, A. B. (1877). In: Syn. Pflanzenkd. (Leunis) Ed. 2, 3: 1452, 1456 (Cyatheaceae).	accepted			Plantae	Tracheophyta	Polypodiopsida	Cyatheales		
954	7ddf754f-d193-4cc9-b351-99906754a03b	7228684			Equisetales		Equisetales	Equisetales			order		DC. ex Bercht. & J. Presl. (1820). In: Prir. Rostlin. 1: 271 (Equisetaceae).	accepted			Plantae	Tracheophyta	Polypodiopsida	Equisetales		
7229405	7ddf754f-d193-4cc9-b351-99906754a03b	7228684			Salviniales		Salviniales	Salviniales			order		Bartl. (1835). In: Mart., Consp. Regn. Veg.: 4.	accepted			Plantae	Tracheophyta	Polypodiopsida	Salviniales		
7228685	7ddf754f-d193-4cc9-b351-99906754a03b	7228684			Hymenophyllales		Hymenophyllales	Hymenophyllales			order		Frank, A. B. (1877). In: Syn. Pflanzenkd. (Leunis) Ed. 2, 3: 1452 (Hymenophyllaceae).	accepted			Plantae	Tracheophyta	Polypodiopsida	Hymenophyllales		
834	7ddf754f-d193-4cc9-b351-99906754a03b	228			Cycadales		Cycadales	Cycadales			order			accepted			Plantae	Tracheophyta	Cycadopsida	Cycadales		
1214	a97f36e5-ded1-49cc-bdec-ac6170fc7b9c	7921896			Fusobacteriales		Fusobacteriales	Fusobacteriales			order			accepted			Bacteria	Fusobacteriota	Fusobacteriia	Fusobacteriales		
10817930	a97f36e5-ded1-49cc-bdec-ac6170fc7b9c	7921896			Bac17						order			accepted			Bacteria	Fusobacteriota	Fusobacteriia	Bac17		
10785593	a97f36e5-ded1-49cc-bdec-ac6170fc7b9c	10729825			UBA5066						order			accepted			Bacteria	Acidobacteriota	Thermoanaerobaculia	UBA5066		
10771382	a97f36e5-ded1-49cc-bdec-ac6170fc7b9c	10729825			UBA5704						order			accepted			Bacteria	Acidobacteriota	Thermoanaerobaculia	UBA5704		
10720039	a97f36e5-ded1-49cc-bdec-ac6170fc7b9c	10729825			Thermoanaerobaculales		Thermoanaerobaculales	Thermoanaerobaculales			order			accepted			Bacteria	Acidobacteriota	Thermoanaerobaculia	Thermoanaerobaculales		
10862389	a97f36e5-ded1-49cc-bdec-ac6170fc7b9c	10729825			UBA2201						order			accepted			Bacteria	Acidobacteriota	Thermoanaerobaculia	UBA2201		
10745651	a97f36e5-ded1-49cc-bdec-ac6170fc7b9c	10729825			Gp7-AA8						order			accepted			Bacteria	Acidobacteriota	Thermoanaerobaculia	Gp7-AA8		
10748534	a97f36e5-ded1-49cc-bdec-ac6170fc7b9c	10674311			Aminicenantales		Aminicenantales	Aminicenantales			order			accepted			Bacteria	Acidobacteriota	Aminicenantia	Aminicenantales		
11113254	a97f36e5-ded1-49cc-bdec-ac6170fc7b9c	10674311			DTKB01						order			accepted			Bacteria	Acidobacteriota	Aminicenantia	DTKB01		
10849758	a97f36e5-ded1-49cc-bdec-ac6170fc7b9c	10674311			UBA2199						order			accepted			Bacteria	Acidobacteriota	Aminicenantia	UBA2199		
11842808	a97f36e5-ded1-49cc-bdec-ac6170fc7b9c	10674311			S016-38						order			accepted			Bacteria	Acidobacteriota	Aminicenantia	S016-38		
11611131	a97f36e5-ded1-49cc-bdec-ac6170fc7b9c	10827900			JAFGBY01						order			accepted			Bacteria	Acidobacteriota	B3-B38	JAFGBY01		
10693641	a97f36e5-ded1-49cc-bdec-ac6170fc7b9c	10869170			Vicinamibacterales		Vicinamibacterales	Vicinamibacterales			order			accepted			Bacteria	Acidobacteriota	Vicinamibacteria	Vicinamibacterales		
11186368	a97f36e5-ded1-49cc-bdec-ac6170fc7b9c	10869170			Bin61						order			accepted			Bacteria	Acidobacteriota	Vicinamibacteria	Bin61		
10825565	a97f36e5-ded1-49cc-bdec-ac6170fc7b9c	10689929			2-12-FULL-54-10						order			accepted			Bacteria	Acidobacteriota	Acidobacteriae	2-12-FULL-54-10		
10713974	a97f36e5-ded1-49cc-bdec-ac6170fc7b9c	10689929			UBA7540						order			accepted			Bacteria	Acidobacteriota	Acidobacteriae	UBA7540		
10842881	a97f36e5-ded1-49cc-bdec-ac6170fc7b9c	10689929			20CM-2-55-15						order			accepted			Bacteria	Acidobacteriota	Acidobacteriae	20CM-2-55-15		
10731255	a97f36e5-ded1-49cc-bdec-ac6170fc7b9c	10689929			Bryobacterales		Bryobacterales	Bryobacterales			order			accepted			Bacteria	Acidobacteriota	Acidobacteriae	Bryobacterales		
11924397	a97f36e5-ded1-49cc-bdec-ac6170fc7b9c	10689929			Acidoferrales		Acidoferrales	Acidoferrales			order			accepted			Bacteria	Acidobacteriota	Acidobacteriae	Acidoferrales		
1197	a97f36e5-ded1-49cc-bdec-ac6170fc7b9c	10689929			Acidobacteriales		Acidobacteriales	Acidobacteriales			order			accepted			Bacteria	Acidobacteriota	Acidobacteriae	Acidobacteriales		
11112834	a97f36e5-ded1-49cc-bdec-ac6170fc7b9c	10689929			VXMN01						order			accepted			Bacteria	Acidobacteriota	Acidobacteriae	VXMN01		
10870046	a97f36e5-ded1-49cc-bdec-ac6170fc7b9c	10753873			Pyrinomonadales		Pyrinomonadales	Pyrinomonadales			order			accepted			Bacteria	Acidobacteriota	Blastocatellia	Pyrinomonadales		
10674993	a97f36e5-ded1-49cc-bdec-ac6170fc7b9c	10753873			UBA7656						order			accepted			Bacteria	Acidobacteriota	Blastocatellia	UBA7656		
10706383	a97f36e5-ded1-49cc-bdec-ac6170fc7b9c	10753873			HR10						order			accepted			Bacteria	Acidobacteriota	Blastocatellia	HR10		
11898894	a97f36e5-ded1-49cc-bdec-ac6170fc7b9c	10753873			DSOJ01						order			accepted			Bacteria	Acidobacteriota	Blastocatellia	DSOJ01		
10891864	a97f36e5-ded1-49cc-bdec-ac6170fc7b9c	10753873			Chloracidobacteriales		Chloracidobacteriales	Chloracidobacteriales			order			accepted			Bacteria	Acidobacteriota	Blastocatellia	Chloracidobacteriales		
11135870	a97f36e5-ded1-49cc-bdec-ac6170fc7b9c	10753873			RBC074						order			accepted			Bacteria	Acidobacteriota	Blastocatellia	RBC074		
8379694	a97f36e5-ded1-49cc-bdec-ac6170fc7b9c	7547422			Acanthopleuribacterales		Acanthopleuribacterales	Acanthopleuribacterales			order			accepted			Bacteria	Acidobacteriota	Holophagae	Acanthopleuribacterales		
11554686	a97f36e5-ded1-49cc-bdec-ac6170fc7b9c	7547422			Thermotomaculales		Thermotomaculales	Thermotomaculales			order			accepted			Bacteria	Acidobacteriota	Holophagae	Thermotomaculales		
7359693	a97f36e5-ded1-49cc-bdec-ac6170fc7b9c	7547422			Holophagales		Holophagales	Holophagales			order			accepted			Bacteria	Acidobacteriota	Holophagae	Holophagales		
10703581	a97f36e5-ded1-49cc-bdec-ac6170fc7b9c	10811841			SMYD01						order			accepted			Bacteria	Acidobacteriota	Mor1	SMYD01		
10894700	a97f36e5-ded1-49cc-bdec-ac6170fc7b9c	10811841			Gp22-AA2						order			accepted			Bacteria	Acidobacteriota	Mor1	Gp22-AA2		
10744744	a97f36e5-ded1-49cc-bdec-ac6170fc7b9c	10811841			J045						order			accepted			Bacteria	Acidobacteriota	Mor1	J045		
11588828	a97f36e5-ded1-49cc-bdec-ac6170fc7b9c	10811841			JACPZX01						order			accepted			Bacteria	Acidobacteriota	Mor1	JACPZX01		
10786299	a97f36e5-ded1-49cc-bdec-ac6170fc7b9c	10811841			QHYA01						order			accepted			Bacteria	Acidobacteriota	Mor1	QHYA01		
11201096	a97f36e5-ded1-49cc-bdec-ac6170fc7b9c	10837443			CAINFC01						order			accepted			Bacteria	Acidobacteriota	UBA6911	CAINFC01		
11125643	a97f36e5-ded1-49cc-bdec-ac6170fc7b9c	10837443			RPQK01						order			accepted			Bacteria	Acidobacteriota	UBA6911	RPQK01		
11704106	a97f36e5-ded1-49cc-bdec-ac6170fc7b9c	10837443			JACQTF01						order			accepted			Bacteria	Acidobacteriota	UBA6911	JACQTF01		
11537554	a97f36e5-ded1-49cc-bdec-ac6170fc7b9c	10837443			JACOSC01						order			accepted			Bacteria	Acidobacteriota	UBA6911	JACOSC01		
11118094	a97f36e5-ded1-49cc-bdec-ac6170fc7b9c	10837443			JAAYUB01						order			accepted			Bacteria	Acidobacteriota	UBA6911	JAAYUB01		
8238441	7ddf754f-d193-4cc9-b351-99906754a03b	8297263			Miliolida		Miliolida	Miliolida			order			accepted			Chromista	Foraminifera	Tubothalamea	Miliolida		
7471160	7ddf754f-d193-4cc9-b351-99906754a03b	8297263			Spirillinida		Spirillinida	Spirillinida			order		Hohenegger, J., & Piller, W. (1975). Wandstrukturen und Grossgliederung der Foraminiferen. Sitzungberichten Der Österreichische Akademie Der Wissenschaften, Mathematisch-Naturwissenschaftliche Klasse, Abteilung 1, 184: 67–96. https://www.marinespecies.org/foraminifera/aphia.php?p=sourcedetails&id=333841	accepted			Chromista	Foraminifera	Tubothalamea	Spirillinida		
7378538	7ddf754f-d193-4cc9-b351-99906754a03b	7434778			Lituolida		Lituolida	Lituolida			order			accepted			Chromista	Foraminifera	Globothalamea	Lituolida		
8313851	7ddf754f-d193-4cc9-b351-99906754a03b	7434778			Robertinida		Robertinida	Robertinida			order		Loeblich, A. R., & Tappan, H. (1984). Suprageneric Classification of the Foraminiferida (Protozoa). Micropaleontology, 30(1): 1–70. https://doi.org/10.2307/1485456	accepted			Chromista	Foraminifera	Globothalamea	Robertinida		
7878880	7ddf754f-d193-4cc9-b351-99906754a03b	7434778			Textulariida		Textulariida	Textulariida			order			accepted			Chromista	Foraminifera	Globothalamea	Textulariida		
7424738	7ddf754f-d193-4cc9-b351-99906754a03b	7434778			Carterinida		Carterinida	Carterinida			order		Loeblich, A. R., & Tappan, H. (1981). Suprageneric revisions of some calcareous Foraminiferida. The Journal of Foraminiferal Research, 11(2): 159–164. https://doi.org/10.2113/gsjfr.11.2.159	accepted			Chromista	Foraminifera	Globothalamea	Carterinida		
7692889	7ddf754f-d193-4cc9-b351-99906754a03b	7434778			Rotaliida		Rotaliida	Rotaliida			order			accepted			Chromista	Foraminifera	Globothalamea	Rotaliida		
8258225	7ddf754f-d193-4cc9-b351-99906754a03b	7434778			Loftusiida		Loftusiida	Loftusiida			order		Kaminski, M. A. (2004). The Year 2000 Classification of the Agglutinated Foraminifera. In: Bubik, M. & Kaminski, M.A. (eds) Proceedings of the Sixth International Workshop on Agglutinated Foraminifera. Grzybowski Foundation Special Publication, 8: 237–255. https://www.marinespecies.org/foraminifera/aphia.php?p=sourcedetails&id=131347	accepted			Chromista	Foraminifera	Globothalamea	Loftusiida		
10889003	a97f36e5-ded1-49cc-bdec-ac6170fc7b9c	10734941			UBA12225						order			accepted			Bacteria	Chloroflexota	UBA2235	UBA12225		
10731668	a97f36e5-ded1-49cc-bdec-ac6170fc7b9c	11857655			QHBO01						order			accepted			Bacteria	Chloroflexota	Limnocylindria	QHBO01		
11609208	a97f36e5-ded1-49cc-bdec-ac6170fc7b9c	11857655			Limnocylindrales		Limnocylindrales	Limnocylindrales			order			accepted			Bacteria	Chloroflexota	Limnocylindria	Limnocylindrales		
10726394	a97f36e5-ded1-49cc-bdec-ac6170fc7b9c	11857655			P2-11E						order			accepted			Bacteria	Chloroflexota	Limnocylindria	P2-11E		
11678385	a97f36e5-ded1-49cc-bdec-ac6170fc7b9c	298			JACRMK01						order			accepted			Bacteria	Chloroflexota	Anaerolineae	JACRMK01		
10685618	a97f36e5-ded1-49cc-bdec-ac6170fc7b9c	298			UBA1429						order			accepted			Bacteria	Chloroflexota	Anaerolineae	UBA1429		
11748111	a97f36e5-ded1-49cc-bdec-ac6170fc7b9c	298			VGOG01						order			accepted			Bacteria	Chloroflexota	Anaerolineae	VGOG01		
11914144	a97f36e5-ded1-49cc-bdec-ac6170fc7b9c	298			JAAEKA01						order			accepted			Bacteria	Chloroflexota	Anaerolineae	JAAEKA01		
11646882	a97f36e5-ded1-49cc-bdec-ac6170fc7b9c	298			J102						order			accepted			Bacteria	Chloroflexota	Anaerolineae	J102		
10741771	a97f36e5-ded1-49cc-bdec-ac6170fc7b9c	298			UCB3						order			accepted			Bacteria	Chloroflexota	Anaerolineae	UCB3		
11527720	a97f36e5-ded1-49cc-bdec-ac6170fc7b9c	298			S140-20						order			accepted			Bacteria	Chloroflexota	Anaerolineae	S140-20		
1205	a97f36e5-ded1-49cc-bdec-ac6170fc7b9c	298			Caldilineales		Caldilineales	Caldilineales			order			accepted			Bacteria	Chloroflexota	Anaerolineae	Caldilineales		
10747989	a97f36e5-ded1-49cc-bdec-ac6170fc7b9c	298			UBA3071						order			accepted			Bacteria	Chloroflexota	Anaerolineae	UBA3071		
10757769	a97f36e5-ded1-49cc-bdec-ac6170fc7b9c	298			4572-78						order			accepted			Bacteria	Chloroflexota	Anaerolineae	4572-78		
11441802	a97f36e5-ded1-49cc-bdec-ac6170fc7b9c	298			S016-19						order			accepted			Bacteria	Chloroflexota	Anaerolineae	S016-19		
11133320	a97f36e5-ded1-49cc-bdec-ac6170fc7b9c	298			DTPP01						order			accepted			Bacteria	Chloroflexota	Anaerolineae	DTPP01		
11650415	a97f36e5-ded1-49cc-bdec-ac6170fc7b9c	298			Aggregatilineales		Aggregatilineales	Aggregatilineales			order			accepted			Bacteria	Chloroflexota	Anaerolineae	Aggregatilineales		
11500892	a97f36e5-ded1-49cc-bdec-ac6170fc7b9c	298			SSC4						order			accepted			Bacteria	Chloroflexota	Anaerolineae	SSC4		
11730902	a97f36e5-ded1-49cc-bdec-ac6170fc7b9c	298			JACIWR01						order			accepted			Bacteria	Chloroflexota	Anaerolineae	JACIWR01		
10706486	a97f36e5-ded1-49cc-bdec-ac6170fc7b9c	298			UBA7937						order			accepted			Bacteria	Chloroflexota	Anaerolineae	UBA7937		
11175418	a97f36e5-ded1-49cc-bdec-ac6170fc7b9c	298			DRVO01						order			accepted			Bacteria	Chloroflexota	Anaerolineae	DRVO01		
11152565	a97f36e5-ded1-49cc-bdec-ac6170fc7b9c	298			CG2-30-64-16						order			accepted			Bacteria	Chloroflexota	Anaerolineae	CG2-30-64-16		
11431325	a97f36e5-ded1-49cc-bdec-ac6170fc7b9c	298			JACIWP01						order			accepted			Bacteria	Chloroflexota	Anaerolineae	JACIWP01		
8229939	a97f36e5-ded1-49cc-bdec-ac6170fc7b9c	298			Anaerolineales		Anaerolineales	Anaerolineales			order			accepted			Bacteria	Chloroflexota	Anaerolineae	Anaerolineales		
10735800	a97f36e5-ded1-49cc-bdec-ac6170fc7b9c	298			B4-G1						order			accepted			Bacteria	Chloroflexota	Anaerolineae	B4-G1		
11635915	a97f36e5-ded1-49cc-bdec-ac6170fc7b9c	298			JAHJIN01						order			accepted			Bacteria	Chloroflexota	Anaerolineae	JAHJIN01		
10699568	a97f36e5-ded1-49cc-bdec-ac6170fc7b9c	298			Ardenticatenales		Ardenticatenales	Ardenticatenales			order			accepted			Bacteria	Chloroflexota	Anaerolineae	Ardenticatenales		
11203487	a97f36e5-ded1-49cc-bdec-ac6170fc7b9c	298			JAAYEA01						order			accepted			Bacteria	Chloroflexota	Anaerolineae	JAAYEA01		
11722378	a97f36e5-ded1-49cc-bdec-ac6170fc7b9c	298			DTLA01						order			accepted			Bacteria	Chloroflexota	Anaerolineae	DTLA01		
11127992	a97f36e5-ded1-49cc-bdec-ac6170fc7b9c	298			E26-bin7						order			accepted			Bacteria	Chloroflexota	Anaerolineae	E26-bin7		
11187584	a97f36e5-ded1-49cc-bdec-ac6170fc7b9c	298			DUEN01						order			accepted			Bacteria	Chloroflexota	Anaerolineae	DUEN01		
10839622	a97f36e5-ded1-49cc-bdec-ac6170fc7b9c	298			UBA4142						order			accepted			Bacteria	Chloroflexota	Anaerolineae	UBA4142		
10732113	a97f36e5-ded1-49cc-bdec-ac6170fc7b9c	298			UBA2200						order			accepted			Bacteria	Chloroflexota	Anaerolineae	UBA2200		
11142683	a97f36e5-ded1-49cc-bdec-ac6170fc7b9c	298			DSLN01						order			accepted			Bacteria	Chloroflexota	Anaerolineae	DSLN01		
11204682	a97f36e5-ded1-49cc-bdec-ac6170fc7b9c	298			JAAYZQ01						order			accepted			Bacteria	Chloroflexota	Anaerolineae	JAAYZQ01		
10679988	a97f36e5-ded1-49cc-bdec-ac6170fc7b9c	298			Promineofilales		Promineofilales	Promineofilales			order			accepted			Bacteria	Chloroflexota	Anaerolineae	Promineofilales		
11539408	a97f36e5-ded1-49cc-bdec-ac6170fc7b9c	298			JAFGEY01						order			accepted			Bacteria	Chloroflexota	Anaerolineae	JAFGEY01		
11530155	a97f36e5-ded1-49cc-bdec-ac6170fc7b9c	298			JAADDB01						order			accepted			Bacteria	Chloroflexota	Anaerolineae	JAADDB01		
10738172	a97f36e5-ded1-49cc-bdec-ac6170fc7b9c	298			Thermoflexales		Thermoflexales	Thermoflexales			order			accepted			Bacteria	Chloroflexota	Anaerolineae	Thermoflexales		
11639079	a97f36e5-ded1-49cc-bdec-ac6170fc7b9c	10843430			JACQUS01						order			accepted			Bacteria	Chloroflexota	FW602-bin22	JACQUS01		
1206	a97f36e5-ded1-49cc-bdec-ac6170fc7b9c	8308597			Chloroflexales		Chloroflexales	Chloroflexales			order			accepted			Bacteria	Chloroflexota	Chloroflexia	Chloroflexales		
10770364	a97f36e5-ded1-49cc-bdec-ac6170fc7b9c	8308597			54-19						order			accepted			Bacteria	Chloroflexota	Chloroflexia	54-19		
10786642	a97f36e5-ded1-49cc-bdec-ac6170fc7b9c	8308597			Thermobaculales		Thermobaculales	Thermobaculales			order			accepted			Bacteria	Chloroflexota	Chloroflexia	Thermobaculales		
11204155	a97f36e5-ded1-49cc-bdec-ac6170fc7b9c	8308597			DTKN01						order			accepted			Bacteria	Chloroflexota	Chloroflexia	DTKN01		
1478	a97f36e5-ded1-49cc-bdec-ac6170fc7b9c	8308597			Thermomicrobiales		Thermomicrobiales	Thermomicrobiales			order			accepted			Bacteria	Chloroflexota	Chloroflexia	Thermomicrobiales		
7761819	a97f36e5-ded1-49cc-bdec-ac6170fc7b9c	7781780			Ktedonobacterales		Ktedonobacterales	Ktedonobacterales			order			accepted			Bacteria	Chloroflexota	Ktedonobacteria	Ktedonobacterales		
11176965	a97f36e5-ded1-49cc-bdec-ac6170fc7b9c	10802085			VXOZ01						order			accepted			Bacteria	Chloroflexota	UBA11872	VXOZ01		
11599268	a97f36e5-ded1-49cc-bdec-ac6170fc7b9c	10856899			JACVQG01						order			accepted			Bacteria	Chloroflexota	Dehalococcoidia	JACVQG01		
11462142	a97f36e5-ded1-49cc-bdec-ac6170fc7b9c	10856899			JAQUO01						order			accepted			Bacteria	Chloroflexota	Dehalococcoidia	JAQUO01		
10767049	a97f36e5-ded1-49cc-bdec-ac6170fc7b9c	10856899			Dehalococcoidales		Dehalococcoidales	Dehalococcoidales			order			accepted			Bacteria	Chloroflexota	Dehalococcoidia	Dehalococcoidales		
11770896	a97f36e5-ded1-49cc-bdec-ac6170fc7b9c	10856899			JACPQK01						order			accepted			Bacteria	Chloroflexota	Dehalococcoidia	JACPQK01		
11634632	a97f36e5-ded1-49cc-bdec-ac6170fc7b9c	10856899			JACQTT01						order			accepted			Bacteria	Chloroflexota	Dehalococcoidia	JACQTT01		
11130801	a97f36e5-ded1-49cc-bdec-ac6170fc7b9c	10856899			SHXV01						order			accepted			Bacteria	Chloroflexota	Dehalococcoidia	SHXV01		
11723927	a97f36e5-ded1-49cc-bdec-ac6170fc7b9c	10856899			JACQUD01						order			accepted			Bacteria	Chloroflexota	Dehalococcoidia	JACQUD01		
11601970	a97f36e5-ded1-49cc-bdec-ac6170fc7b9c	10856899			JACPQL01						order			accepted			Bacteria	Chloroflexota	Dehalococcoidia	JACPQL01		
11543472	a97f36e5-ded1-49cc-bdec-ac6170fc7b9c	10856899			JACPQF01						order			accepted			Bacteria	Chloroflexota	Dehalococcoidia	JACPQF01		
11848645	a97f36e5-ded1-49cc-bdec-ac6170fc7b9c	10856899			JACQUA01						order			accepted			Bacteria	Chloroflexota	Dehalococcoidia	JACQUA01		
10836440	a97f36e5-ded1-49cc-bdec-ac6170fc7b9c	10856899			UBA6952						order			accepted			Bacteria	Chloroflexota	Dehalococcoidia	UBA6952		
10803382	a97f36e5-ded1-49cc-bdec-ac6170fc7b9c	10856899			UBA1127						order			accepted			Bacteria	Chloroflexota	Dehalococcoidia	UBA1127		
10720386	a97f36e5-ded1-49cc-bdec-ac6170fc7b9c	10856899			Bin125						order			accepted			Bacteria	Chloroflexota	Dehalococcoidia	Bin125		
10854504	a97f36e5-ded1-49cc-bdec-ac6170fc7b9c	10856899			UBA6926						order			accepted			Bacteria	Chloroflexota	Dehalococcoidia	UBA6926		
10883931	a97f36e5-ded1-49cc-bdec-ac6170fc7b9c	10856899			UBA1151						order			accepted			Bacteria	Chloroflexota	Dehalococcoidia	UBA1151		
11323795	a97f36e5-ded1-49cc-bdec-ac6170fc7b9c	10856899			Tepidiformales		Tepidiformales	Tepidiformales			order			accepted			Bacteria	Chloroflexota	Dehalococcoidia	Tepidiformales		
10810831	a97f36e5-ded1-49cc-bdec-ac6170fc7b9c	10856899			SM23-28-2						order			accepted			Bacteria	Chloroflexota	Dehalococcoidia	SM23-28-2		
10810758	a97f36e5-ded1-49cc-bdec-ac6170fc7b9c	10856899			GIF9						order			accepted			Bacteria	Chloroflexota	Dehalococcoidia	GIF9		
10682832	a97f36e5-ded1-49cc-bdec-ac6170fc7b9c	10856899			UBA3088						order			accepted			Bacteria	Chloroflexota	Dehalococcoidia	UBA3088		
11477812	a97f36e5-ded1-49cc-bdec-ac6170fc7b9c	10856899			JACQTR01						order			accepted			Bacteria	Chloroflexota	Dehalococcoidia	JACQTR01		
10846215	a97f36e5-ded1-49cc-bdec-ac6170fc7b9c	10856899			UBA3495						order			accepted			Bacteria	Chloroflexota	Dehalococcoidia	UBA3495		
11188310	a97f36e5-ded1-49cc-bdec-ac6170fc7b9c	10856899			DSTF01						order			accepted			Bacteria	Chloroflexota	Dehalococcoidia	DSTF01		
11207648	a97f36e5-ded1-49cc-bdec-ac6170fc7b9c	10856899			DSGV01						order			accepted			Bacteria	Chloroflexota	Dehalococcoidia	DSGV01		
10880130	a97f36e5-ded1-49cc-bdec-ac6170fc7b9c	10856899			UBA2985						order			accepted			Bacteria	Chloroflexota	Dehalococcoidia	UBA2985		
11682369	a97f36e5-ded1-49cc-bdec-ac6170fc7b9c	10856899			JAENJB01						order			accepted			Bacteria	Chloroflexota	Dehalococcoidia	JAENJB01		
11143869	a97f36e5-ded1-49cc-bdec-ac6170fc7b9c	10856899			WHTO01						order			accepted			Bacteria	Chloroflexota	Dehalococcoidia	WHTO01		
11666576	a97f36e5-ded1-49cc-bdec-ac6170fc7b9c	10856899			JACPQD01						order			accepted			Bacteria	Chloroflexota	Dehalococcoidia	JACPQD01		
10730159	a97f36e5-ded1-49cc-bdec-ac6170fc7b9c	10856899			UBA2247						order			accepted			Bacteria	Chloroflexota	Dehalococcoidia	UBA2247		
10801192	aa1bc573-f338-482d-b6aa-f371d57f20f5	10856899			UBA2991						order			accepted			Bacteria	Chloroflexota	Dehalococcoidia	UBA2991		
10858265	a97f36e5-ded1-49cc-bdec-ac6170fc7b9c	10856899			UBA2979						order			accepted			Bacteria	Chloroflexota	Dehalococcoidia	UBA2979		
10779172	a97f36e5-ded1-49cc-bdec-ac6170fc7b9c	10856899			FW602-bin16						order			accepted			Bacteria	Chloroflexota	Dehalococcoidia	FW602-bin16		
11580936	a97f36e5-ded1-49cc-bdec-ac6170fc7b9c	10856899			JACQUE01						order			accepted			Bacteria	Chloroflexota	Dehalococcoidia	JACQUE01		
11156154	a97f36e5-ded1-49cc-bdec-ac6170fc7b9c	10856899			SHYB01						order			accepted			Bacteria	Chloroflexota	Dehalococcoidia	SHYB01		
10705973	a97f36e5-ded1-49cc-bdec-ac6170fc7b9c	10856899			SAR202						order			accepted			Bacteria	Chloroflexota	Dehalococcoidia	SAR202		
11476568	a97f36e5-ded1-49cc-bdec-ac6170fc7b9c	10856899			JACQGW01						order			accepted			Bacteria	Chloroflexota	Dehalococcoidia	JACQGW01		
11557328	a97f36e5-ded1-49cc-bdec-ac6170fc7b9c	10856899			E44-bin15						order			accepted			Bacteria	Chloroflexota	Dehalococcoidia	E44-bin15		
11928943	a97f36e5-ded1-49cc-bdec-ac6170fc7b9c	10856899			JABGRK01						order			accepted			Bacteria	Chloroflexota	Dehalococcoidia	JABGRK01		
10862071	a97f36e5-ded1-49cc-bdec-ac6170fc7b9c	10856899			UBA2777						order			accepted			Bacteria	Chloroflexota	Dehalococcoidia	UBA2777		
11546021	a97f36e5-ded1-49cc-bdec-ac6170fc7b9c	10856899			JACPPY01						order			accepted			Bacteria	Chloroflexota	Dehalococcoidia	JACPPY01		
10765647	a97f36e5-ded1-49cc-bdec-ac6170fc7b9c	10856899			UBA2963						order			accepted			Bacteria	Chloroflexota	Dehalococcoidia	UBA2963		
11210361	a97f36e5-ded1-49cc-bdec-ac6170fc7b9c	10856899			SAR202-VII-2						order			accepted			Bacteria	Chloroflexota	Dehalococcoidia	SAR202-VII-2		
11195911	a97f36e5-ded1-49cc-bdec-ac6170fc7b9c	10856899			SHYD01						order			accepted			Bacteria	Chloroflexota	Dehalococcoidia	SHYD01		
11158173	a97f36e5-ded1-49cc-bdec-ac6170fc7b9c	10856899			SHYM01						order			accepted			Bacteria	Chloroflexota	Dehalococcoidia	SHYM01		
11827727	a97f36e5-ded1-49cc-bdec-ac6170fc7b9c	10856899			JACPPT01						order			accepted			Bacteria	Chloroflexota	Dehalococcoidia	JACPPT01		
11465370	a97f36e5-ded1-49cc-bdec-ac6170fc7b9c	10856899			JACPEP01						order			accepted			Bacteria	Chloroflexota	Dehalococcoidia	JACPEP01		
10862153	7ddf754f-d193-4cc9-b351-99906754a03b	10761788			Serpentovirales		Serpentovirales	Serpentovirales			order			accepted			Viruses	Negarnaviricota	Milneviricetes	Serpentovirales		
10688471	7ddf754f-d193-4cc9-b351-99906754a03b	10863890			Articulavirales		Articulavirales	Articulavirales			order			accepted			Viruses	Negarnaviricota	Insthoviricetes	Articulavirales		
10836826	7ddf754f-d193-4cc9-b351-99906754a03b	10678647			Muvirales		Muvirales	Muvirales			order			accepted			Viruses	Negarnaviricota	Chunqiuviricetes	Muvirales		
842	7ddf754f-d193-4cc9-b351-99906754a03b	10854423			Mononegavirales		Mononegavirales	Mononegavirales			order			accepted			Viruses	Negarnaviricota	Monjiviricetes	Mononegavirales		
10769555	7ddf754f-d193-4cc9-b351-99906754a03b	10854423			Jingchuvirales		Jingchuvirales	Jingchuvirales			order			accepted			Viruses	Negarnaviricota	Monjiviricetes	Jingchuvirales		
10705933	7ddf754f-d193-4cc9-b351-99906754a03b	10881520			Goujianvirales		Goujianvirales	Goujianvirales			order			accepted			Viruses	Negarnaviricota	Yunchangviricetes	Goujianvirales		
10694484	7ddf754f-d193-4cc9-b351-99906754a03b	10869995			Bunyavirales		Bunyavirales	Bunyavirales			order			accepted			Viruses	Negarnaviricota	Ellioviricetes	Bunyavirales		
11214343	a97f36e5-ded1-49cc-bdec-ac6170fc7b9c	364			MWEM01						order			accepted			Bacteria	Thermotogota	Thermotogae	MWEM01		
10702816	a97f36e5-ded1-49cc-bdec-ac6170fc7b9c	364			UBA12178						order			accepted			Bacteria	Thermotogota	Thermotogae	UBA12178		
10793237	a97f36e5-ded1-49cc-bdec-ac6170fc7b9c	364			B3-G13						order			accepted			Bacteria	Thermotogota	Thermotogae	B3-G13		
10763845	a97f36e5-ded1-49cc-bdec-ac6170fc7b9c	364			Mesoaciditogales		Mesoaciditogales	Mesoaciditogales			order			accepted			Bacteria	Thermotogota	Thermotogae	Mesoaciditogales		
821	a97f36e5-ded1-49cc-bdec-ac6170fc7b9c	364			Thermotogales		Thermotogales	Thermotogales			order			accepted			Bacteria	Thermotogota	Thermotogae	Thermotogales		
10684656	a97f36e5-ded1-49cc-bdec-ac6170fc7b9c	364			B21-G9						order			accepted			Bacteria	Thermotogota	Thermotogae	B21-G9		
10818625	a97f36e5-ded1-49cc-bdec-ac6170fc7b9c	364			Petrotogales		Petrotogales	Petrotogales			order			accepted			Bacteria	Thermotogota	Thermotogae	Petrotogales		
10876559	7ddf754f-d193-4cc9-b351-99906754a03b	10778666			Sobelivirales		Sobelivirales	Sobelivirales			order			accepted			Viruses	Pisuviricota	Pisoniviricetes	Sobelivirales		
844	7ddf754f-d193-4cc9-b351-99906754a03b	10778666			Picornavirales		Picornavirales	Picornavirales			order			accepted			Viruses	Pisuviricota	Pisoniviricetes	Picornavirales		
738	7ddf754f-d193-4cc9-b351-99906754a03b	10778666			Nidovirales		Nidovirales	Nidovirales			order			accepted			Viruses	Pisuviricota	Pisoniviricetes	Nidovirales		
1440	7ddf754f-d193-4cc9-b351-99906754a03b	209			Lingulida		Lingulida	Lingulida			order		Waagen, W. H. (1885). Salt Range fossils, vol. I, part 4. Productus Limestone fossils, Brachiopoda. Memoirs of the Geological Survey of India, Palaeontologia Indica (Series 13), 5: 729–770, pl. 82–86. https://www.marinespecies.org/aphia.php?p=sourcedetails&id=222344	accepted			Animalia	Brachiopoda	Lingulata	Lingulida		
9311931	7ddf754f-d193-4cc9-b351-99906754a03b	209			Siphonotretida		Siphonotretida	Siphonotretida			order			accepted			Animalia	Brachiopoda	Lingulata	Siphonotretida		
719	7ddf754f-d193-4cc9-b351-99906754a03b	355			Craniida		Craniida	Craniida			order		Waagen, W. H. (1885). Salt Range fossils, vol. I, part 4. Productus Limestone fossils, Brachiopoda. Memoirs of the Geological Survey of India, Palaeontologia Indica (Series 13), 5: 729–770, pl. 82–86. https://www.marinespecies.org/aphia.php?p=sourcedetails&id=222344	accepted			Animalia	Brachiopoda	Craniata	Craniida		
855	7ddf754f-d193-4cc9-b351-99906754a03b	210			Thecideida		Thecideida	Thecideida			order		Elliott, G. F. (1958). Classiﬁcation of thecidean brachiopods. Journal of Paleontology, 32:373. https://www.marinespecies.org/aphia.php?p=sourcedetails&id=222355	accepted			Animalia	Brachiopoda	Rhynchonellata	Thecideida		
509	7ddf754f-d193-4cc9-b351-99906754a03b	210			Terebratulida		Terebratulida	Terebratulida			order		Waagen, W. H. (1883). Salt Range Fossils. I. Productus-Limestone Fossils. Geological Survey of India, Memoirs, Palaeontologia Indica (Series 13), 4(2): 391–546, pl. 29–49. https://www.marinespecies.org/aphia.php?p=sourcedetails&id=222345	accepted			Animalia	Brachiopoda	Rhynchonellata	Terebratulida		
510	7ddf754f-d193-4cc9-b351-99906754a03b	210			Rhynchonellida		Rhynchonellida	Rhynchonellida			order		Kuhn, O. (1949). Lehrbuch der Paläozoologie. E. Schweizerbart. Stuttgart, v + 326 p., 244 ﬁg. https://www.marinespecies.org/aphia.php?p=sourcedetails&id=222348	accepted			Animalia	Brachiopoda	Rhynchonellata	Rhynchonellida		
10787490	7ddf754f-d193-4cc9-b351-99906754a03b	10727949			Durnavirales		Durnavirales	Durnavirales			order			accepted			Viruses	Pisuviricota	Duplopiviricetes	Durnavirales		
10747015	7ddf754f-d193-4cc9-b351-99906754a03b	10676685			Stellavirales		Stellavirales	Stellavirales			order			accepted			Viruses	Pisuviricota	Stelpaviricetes	Stellavirales		
10852213	7ddf754f-d193-4cc9-b351-99906754a03b	10676685			Patatavirales		Patatavirales	Patatavirales			order			accepted			Viruses	Pisuviricota	Stelpaviricetes	Patatavirales		
9766570	7ddf754f-d193-4cc9-b351-99906754a03b	9736380			Picomonadida		Picomonadida	Picomonadida			order		Seenivasan, R.; Sausen, N.; Medlin, L. K.; Melkonian, M. (2013). Picomonas judraskeda gen. et sp. nov.: the first identified member of the Picozoa phylum nov., a widespread group of picoeukaryotes, formerly known as 'picobiliphytes'. PLoS ONE. 8(3): e59565.	accepted			Chromista	Picozoa	Picomonadea	Picomonadida		
11430454	7ddf754f-d193-4cc9-b351-99906754a03b	11833928			Primavirales		Primavirales	Primavirales			order			accepted			Viruses	Taleaviricota	Tokiviricetes	Primavirales		
7526717	7ddf754f-d193-4cc9-b351-99906754a03b	11833928			Ligamenvirales		Ligamenvirales	Ligamenvirales			order			accepted			Viruses	Taleaviricota	Tokiviricetes	Ligamenvirales		
10887649	a97f36e5-ded1-49cc-bdec-ac6170fc7b9c	10736223			Ozemobacterales		Ozemobacterales	Ozemobacterales			order			accepted			Bacteria	Riflebacteria	Ozemobacteria	Ozemobacterales		
10869156	7ddf754f-d193-4cc9-b351-99906754a03b	9681197			Natomonadida		Natomonadida	Natomonadida			order		Cavalier-Smith, T. (2016). Higher classification and phylogeny of Euglenozoa. European Journal of Protistology. 56: 250-276.	accepted			Protozoa	Euglenozoa	Peranemea	Natomonadida		
10843549	7ddf754f-d193-4cc9-b351-99906754a03b	9681197			Anisonemida		Anisonemida	Anisonemida			order		Cavalier-Smith, T. (2016). Higher classification and phylogeny of Euglenozoa. European Journal of Protistology. 56: 250-276.	accepted			Protozoa	Euglenozoa	Peranemea	Anisonemida		
10872932	7ddf754f-d193-4cc9-b351-99906754a03b	9681197			Acroglissida		Acroglissida	Acroglissida			order		Cavalier-Smith, T. (2016). Higher classification and phylogeny of Euglenozoa. European Journal of Protistology. 56: 250-276.	accepted			Protozoa	Euglenozoa	Peranemea	Acroglissida		
10749957	7ddf754f-d193-4cc9-b351-99906754a03b	10765505			Entosiphonida		Entosiphonida	Entosiphonida			order		Cavalier-Smith, T. (2016). Higher classification and phylogeny of Euglenozoa. European Journal of Protistology. 56: 250-276.	accepted			Protozoa	Euglenozoa	Entosiphonea	Entosiphonida		
10813467	7ddf754f-d193-4cc9-b351-99906754a03b	7502057			Bihospitida		Bihospitida	Bihospitida			order		Cavalier-Smith, T. (2016). Higher classification and phylogeny of Euglenozoa. European Journal of Protistology. 56: 250-276.	accepted			Protozoa	Euglenozoa	Postgaardea	Bihospitida		
8330909	7ea21580-4f06-469d-995b-3f713fdcc37c	7502057			Postgaardida		Postgaardida	Postgaardida			order		Cavalier-Smith, T. (2003). The excavate protozoan phyla Metamonada Grassé emend. (Anaeromonadea, Parabasalia, Carpediemonas, Eopharyngia) and Loukozoa emend. (Jakobea, Malawimonas): their evolutionary affinities and new higher taxa. International Journal of Systematic and Evolutionary Microbiology. 53(6): 1741-1758.	accepted			Protozoa	Euglenozoa	Postgaardea	Postgaardida		
10889339	a97f36e5-ded1-49cc-bdec-ac6170fc7b9c	10713754			Nitrospinales		Nitrospinales	Nitrospinales			order			accepted			Bacteria	Nitrospinota	Nitrospinia	Nitrospinales		
10874315	7ddf754f-d193-4cc9-b351-99906754a03b	10864478			Decastavida		Decastavida	Decastavida			order		Cavalier-Smith, T. (2016). Higher classification and phylogeny of Euglenozoa. European Journal of Protistology. 56: 250-276.	accepted			Protozoa	Euglenozoa	Stavomonadea	Decastavida		
10832891	7ddf754f-d193-4cc9-b351-99906754a03b	10864478			Heterostavida		Heterostavida	Heterostavida			order		Cavalier-Smith, T. (2016). Higher classification and phylogeny of Euglenozoa. European Journal of Protistology. 56: 250-276.	accepted			Protozoa	Euglenozoa	Stavomonadea	Heterostavida		
8200943	7ea21580-4f06-469d-995b-3f713fdcc37c	7687234			Neobodonida		Neobodonida	Neobodonida			order			accepted			Protozoa	Euglenozoa	Kinetoplastea	Neobodonida		
8206012	7ea21580-4f06-469d-995b-3f713fdcc37c	7687234			Parabodonida		Parabodonida	Parabodonida			order			accepted			Protozoa	Euglenozoa	Kinetoplastea	Parabodonida		
7386020	7ea21580-4f06-469d-995b-3f713fdcc37c	7687234			Bodonida		Bodonida	Bodonida			order			accepted			Protozoa	Euglenozoa	Kinetoplastea	Bodonida		
7692064	7ea21580-4f06-469d-995b-3f713fdcc37c	7687234			Trypanosomatida		Trypanosomatida	Trypanosomatida			order			accepted			Protozoa	Euglenozoa	Kinetoplastea	Trypanosomatida		
7811471	7ea21580-4f06-469d-995b-3f713fdcc37c	7687234			Prokinetoplastida		Prokinetoplastida	Prokinetoplastida			order			accepted			Protozoa	Euglenozoa	Kinetoplastea	Prokinetoplastida		
7381269	7ea21580-4f06-469d-995b-3f713fdcc37c	7687234			Eubodonida		Eubodonida	Eubodonida			order			accepted			Protozoa	Euglenozoa	Kinetoplastea	Eubodonida		
7697905	7ea21580-4f06-469d-995b-3f713fdcc37c	8319499			Karotomorphales		Karotomorphales	Karotomorphales			order			accepted			Protozoa	Euglenozoa	Bodonophyceae	Karotomorphales		
8212077	7ea21580-4f06-469d-995b-3f713fdcc37c	8319499			Bodonales		Bodonales	Bodonales			order			accepted			Protozoa	Euglenozoa	Bodonophyceae	Bodonales		
8013077	7ea21580-4f06-469d-995b-3f713fdcc37c	8242259			Diplonemida		Diplonemida	Diplonemida			order			accepted			Protozoa	Euglenozoa	Diplonemea	Diplonemida		
1421	7ea21580-4f06-469d-995b-3f713fdcc37c	7391750			Euglenales		Euglenales	Euglenales			order			accepted			Protozoa	Euglenozoa	Euglenoidea	Euglenales		
8118561	7ea21580-4f06-469d-995b-3f713fdcc37c	7391750			Ploeotiida		Ploeotiida	Ploeotiida			order			accepted			Protozoa	Euglenozoa	Euglenoidea	Ploeotiida		
7927033	7ea21580-4f06-469d-995b-3f713fdcc37c	7391750			Eutreptiida		Eutreptiida	Eutreptiida			order			accepted			Protozoa	Euglenozoa	Euglenoidea	Eutreptiida		
7885652	7ea21580-4f06-469d-995b-3f713fdcc37c	7391750			Euglenida		Euglenida	Euglenida			order			accepted			Protozoa	Euglenozoa	Euglenoidea	Euglenida		
7457734	7ea21580-4f06-469d-995b-3f713fdcc37c	7391750			Rhabdomonadida		Rhabdomonadida	Rhabdomonadida			order			accepted			Protozoa	Euglenozoa	Euglenoidea	Rhabdomonadida		
8282929	7ea21580-4f06-469d-995b-3f713fdcc37c	7391750			Petalomonadida		Petalomonadida	Petalomonadida			order			accepted			Protozoa	Euglenozoa	Euglenoidea	Petalomonadida		
7425559	7ea21580-4f06-469d-995b-3f713fdcc37c	7391750			Peranemida		Peranemida	Peranemida			order			accepted			Protozoa	Euglenozoa	Euglenoidea	Peranemida		
11839702	a97f36e5-ded1-49cc-bdec-ac6170fc7b9c	10700757			JACRGQ01						order			accepted			Bacteria	Nitrospinota	UBA7883	JACRGQ01		
10796828	a97f36e5-ded1-49cc-bdec-ac6170fc7b9c	10672428			PHAN01						order			accepted			Bacteria	Elusimicrobiota	Endomicrobia	PHAN01		
10843143	a97f36e5-ded1-49cc-bdec-ac6170fc7b9c	10672428			Endomicrobiales		Endomicrobiales	Endomicrobiales			order			accepted			Bacteria	Elusimicrobiota	Endomicrobia	Endomicrobiales		
11158748	a97f36e5-ded1-49cc-bdec-ac6170fc7b9c	10672428			DTEH01						order			accepted			Bacteria	Elusimicrobiota	Endomicrobia	DTEH01		
10886997	a97f36e5-ded1-49cc-bdec-ac6170fc7b9c	10672428			CG1-02-37-114						order			accepted			Bacteria	Elusimicrobiota	Endomicrobia	CG1-02-37-114		
7675718	a97f36e5-ded1-49cc-bdec-ac6170fc7b9c	8343050			Elusimicrobiales		Elusimicrobiales	Elusimicrobiales			order			accepted			Bacteria	Elusimicrobiota	Elusimicrobia	Elusimicrobiales		
11149498	a97f36e5-ded1-49cc-bdec-ac6170fc7b9c	8343050			02-12-FULL-59-9						order			accepted			Bacteria	Elusimicrobiota	Elusimicrobia	02-12-FULL-59-9		
11871628	a97f36e5-ded1-49cc-bdec-ac6170fc7b9c	8343050			JACQPE01						order			accepted			Bacteria	Elusimicrobiota	Elusimicrobia	JACQPE01		
11813636	a97f36e5-ded1-49cc-bdec-ac6170fc7b9c	8343050			JACQJP01						order			accepted			Bacteria	Elusimicrobiota	Elusimicrobia	JACQJP01		
10788198	a97f36e5-ded1-49cc-bdec-ac6170fc7b9c	8343050			2-02-FULL-39-32						order			accepted			Bacteria	Elusimicrobiota	Elusimicrobia	2-02-FULL-39-32		
11787057	a97f36e5-ded1-49cc-bdec-ac6170fc7b9c	8343050			JACQJN01						order			accepted			Bacteria	Elusimicrobiota	Elusimicrobia	JACQJN01		
10682157	a97f36e5-ded1-49cc-bdec-ac6170fc7b9c	8343050			F11						order			accepted			Bacteria	Elusimicrobiota	Elusimicrobia	F11		
10790699	a97f36e5-ded1-49cc-bdec-ac6170fc7b9c	8343050			2-01-FULL-59-12						order			accepted			Bacteria	Elusimicrobiota	Elusimicrobia	2-01-FULL-59-12		
10899123	a97f36e5-ded1-49cc-bdec-ac6170fc7b9c	8343050			UBA1565						order			accepted			Bacteria	Elusimicrobiota	Elusimicrobia	UBA1565		
11136228	a97f36e5-ded1-49cc-bdec-ac6170fc7b9c	10847779			JAADDC01						order			accepted			Archaea	Iainarchaeota	Iainarchaeia	JAADDC01		
10729495	a97f36e5-ded1-49cc-bdec-ac6170fc7b9c	10847779			0-14-0-20-30-16						order			accepted			Archaea	Iainarchaeota	Iainarchaeia	0-14-0-20-30-16		
11853735	a97f36e5-ded1-49cc-bdec-ac6170fc7b9c	10847779			JAFGOX01						order			accepted			Archaea	Iainarchaeota	Iainarchaeia	JAFGOX01		
10672343	a97f36e5-ded1-49cc-bdec-ac6170fc7b9c	10847779			Iainarchaeales		Iainarchaeales	Iainarchaeales			order			accepted			Archaea	Iainarchaeota	Iainarchaeia	Iainarchaeales		
805	7ddf754f-d193-4cc9-b351-99906754a03b	213			Symbiida		Symbiida	Symbiida			order		Funch, P. and R. M. Kristensen. (1995). Cycliophora is a new phylum with affinities to Entoprocta and Ectoprocta. Nature, Vol. 378, No. 6558.	accepted			Animalia	Cycliophora	Eucycliophora	Symbiida		
10837077	a97f36e5-ded1-49cc-bdec-ac6170fc7b9c	10678398			Thermosulfidibacterales		Thermosulfidibacterales	Thermosulfidibacterales			order			accepted			Bacteria	Thermosulfidibacterota	Thermosulfidibacteria	Thermosulfidibacterales		
10810079	7ddf754f-d193-4cc9-b351-99906754a03b	10705299			Halopanivirales		Halopanivirales	Halopanivirales			order			accepted			Viruses	Dividoviricota	Laserviricetes	Halopanivirales		
1152	7ddf754f-d193-4cc9-b351-99906754a03b	276			Dentaliida		Dentaliida	Dentaliida			order			accepted			Animalia	Mollusca	Scaphopoda	Dentaliida		
536	7ddf754f-d193-4cc9-b351-99906754a03b	276			Gadilida		Gadilida	Gadilida			order			accepted			Animalia	Mollusca	Scaphopoda	Gadilida		
11140679	7ddf754f-d193-4cc9-b351-99906754a03b	11186032			Conocardiida		Conocardiida	Conocardiida			order			accepted			Animalia	Mollusca	Rostroconchia	Conocardiida		
9759304	7ddf754f-d193-4cc9-b351-99906754a03b	225			Seguenziida		Seguenziida	Seguenziida			order			accepted			Animalia	Mollusca	Gastropoda	Seguenziida		
7390893	daacce49-b206-469b-8dc2-2257719f3afa	225			Littorinimorpha		Littorinimorpha	Littorinimorpha			order		Golikov, A. N., & Starobogatov, Y. I. (1975). Systematics of prosobranch gastropods. Malacologia, 15(1): 185–232. https://www.molluscabase.org/aphia.php?p=sourcedetails&id=294108	accepted			Animalia	Mollusca	Gastropoda	Littorinimorpha		
454	7ddf754f-d193-4cc9-b351-99906754a03b	225			Cephalaspidea		Cephalaspidea	Cephalaspidea			order			accepted			Animalia	Mollusca	Gastropoda	Cephalaspidea		
11180934	7ddf754f-d193-4cc9-b351-99906754a03b	225			Neomphalida		Neomphalida	Neomphalida			order			accepted			Animalia	Mollusca	Gastropoda	Neomphalida		
9697017	7ddf754f-d193-4cc9-b351-99906754a03b	225			Pteropoda		Pteropoda	Pteropoda			order			accepted			Animalia	Mollusca	Gastropoda	Pteropoda		
9715180	7ddf754f-d193-4cc9-b351-99906754a03b	225			Trochida		Trochida	Trochida			order			accepted			Animalia	Mollusca	Gastropoda	Trochida		
9682653	7ddf754f-d193-4cc9-b351-99906754a03b	225			Aplysiida		Aplysiida	Aplysiida			order			accepted			Animalia	Mollusca	Gastropoda	Aplysiida		
11117200	7ddf754f-d193-4cc9-b351-99906754a03b	225			Cocculinida		Cocculinida	Cocculinida			order		Haszprunar, G. (1987). Anatomy and affinities of Cocculinid limpets. Mollusca, Archeogastropoda). Zoologica Scripta</i, 16: 305–324. https://www.molluscabase.org/aphia.php?p=sourcedetails&id=141998	accepted			Animalia	Mollusca	Gastropoda	Cocculinida		
11158875	7ddf754f-d193-4cc9-b351-99906754a03b	225			Tectibranchiata		Tectibranchiata	Tectibranchiata			order			accepted			Animalia	Mollusca	Gastropoda	Tectibranchiata		
9747957	7ddf754f-d193-4cc9-b351-99906754a03b	225			Siphonariida		Siphonariida	Siphonariida			order			accepted			Animalia	Mollusca	Gastropoda	Siphonariida		
1455	7ddf754f-d193-4cc9-b351-99906754a03b	225			Systellommatophora		Systellommatophora	Systellommatophora			order			accepted			Animalia	Mollusca	Gastropoda	Systellommatophora		
7853392	7ddf754f-d193-4cc9-b351-99906754a03b	225			Umbraculida		Umbraculida	Umbraculida			order			accepted			Animalia	Mollusca	Gastropoda	Umbraculida		
11169462	7ddf754f-d193-4cc9-b351-99906754a03b	225			Cyrtoneritida		Cyrtoneritida	Cyrtoneritida			order			accepted			Animalia	Mollusca	Gastropoda	Cyrtoneritida		
455	7ddf754f-d193-4cc9-b351-99906754a03b	225			Architaenioglossa		Architaenioglossa	Architaenioglossa			order		Haller, B. (1892). Die Morphologie der Prosobranchier. Morphologisches Jahrbuch, 18(3): 451–543, pls. 13–19. [15 July]. https://www.molluscabase.org/aphia.php?p=sourcedetails&id=406973	accepted			Animalia	Mollusca	Gastropoda	Architaenioglossa		
10413826	7ddf754f-d193-4cc9-b351-99906754a03b	225			Runcinida		Runcinida	Runcinida			order			accepted			Animalia	Mollusca	Gastropoda	Runcinida		
9799313	7ddf754f-d193-4cc9-b351-99906754a03b	225			Lepetellida		Lepetellida	Lepetellida			order			accepted			Animalia	Mollusca	Gastropoda	Lepetellida		
9680972	7ddf754f-d193-4cc9-b351-99906754a03b	225			Cycloneritida		Cycloneritida	Cycloneritida			order			accepted			Animalia	Mollusca	Gastropoda	Cycloneritida		
9721495	7ddf754f-d193-4cc9-b351-99906754a03b	225			Ellobiida		Ellobiida	Ellobiida			order			accepted			Animalia	Mollusca	Gastropoda	Ellobiida		
9684115	7ddf754f-d193-4cc9-b351-99906754a03b	225			Pleurotomariida		Pleurotomariida	Pleurotomariida			order			accepted			Animalia	Mollusca	Gastropoda	Pleurotomariida		
982	7ddf754f-d193-4cc9-b351-99906754a03b	225			Neogastropoda		Neogastropoda	Neogastropoda			order			accepted			Animalia	Mollusca	Gastropoda	Neogastropoda		
10659174	7ddf754f-d193-4cc9-b351-99906754a03b	225			Pleurobranchida		Pleurobranchida	Pleurobranchida			order			accepted			Animalia	Mollusca	Gastropoda	Pleurobranchida		
980	7ddf754f-d193-4cc9-b351-99906754a03b	225			Nudibranchia		Nudibranchia	Nudibranchia			order			accepted			Animalia	Mollusca	Gastropoda	Nudibranchia		
1456	daacce49-b206-469b-8dc2-2257719f3afa	225			Stylommatophora		Stylommatophora	Stylommatophora			order			accepted			Animalia	Mollusca	Gastropoda	Stylommatophora		
12261528	7ddf754f-d193-4cc9-b351-99906754a03b	136			Ceratitida		Ceratitida	Ceratitida			order			accepted			Animalia	Mollusca	Cephalopoda	Ceratitida		
12216105	7ddf754f-d193-4cc9-b351-99906754a03b	136			Prolecanitida		Prolecanitida	Prolecanitida			order			accepted			Animalia	Mollusca	Cephalopoda	Prolecanitida		
11164149	7ddf754f-d193-4cc9-b351-99906754a03b	136			Idiosepida		Idiosepida	Idiosepida			order			accepted			Animalia	Mollusca	Cephalopoda	Idiosepida		
11164857	7ddf754f-d193-4cc9-b351-99906754a03b	136			Orthocerida		Orthocerida	Orthocerida			order			accepted			Animalia	Mollusca	Cephalopoda	Orthocerida		
7954962	7ddf754f-d193-4cc9-b351-99906754a03b	136			Myopsida		Myopsida	Myopsida			order			accepted			Animalia	Mollusca	Cephalopoda	Myopsida		
459	7ddf754f-d193-4cc9-b351-99906754a03b	136			Octopoda		Octopoda	Octopoda			order			accepted			Animalia	Mollusca	Cephalopoda	Octopoda		
8403901	7ddf754f-d193-4cc9-b351-99906754a03b	136			Oegopsida		Oegopsida	Oegopsida			order			accepted			Animalia	Mollusca	Cephalopoda	Oegopsida		
988	7ddf754f-d193-4cc9-b351-99906754a03b	136			Spirulida		Spirulida	Spirulida			order			accepted			Animalia	Mollusca	Cephalopoda	Spirulida		
989	7ddf754f-d193-4cc9-b351-99906754a03b	136			Sepiida		Sepiida	Sepiida			order			accepted			Animalia	Mollusca	Cephalopoda	Sepiida		
12226851	7ddf754f-d193-4cc9-b351-99906754a03b	136			Goniatitida		Goniatitida	Goniatitida			order			accepted			Animalia	Mollusca	Cephalopoda	Goniatitida		
460	7ddf754f-d193-4cc9-b351-99906754a03b	136			Nautilida		Nautilida	Nautilida			order			accepted			Animalia	Mollusca	Cephalopoda	Nautilida		
12198767	7ddf754f-d193-4cc9-b351-99906754a03b	136			Clymeniida		Clymeniida	Clymeniida			order			accepted			Animalia	Mollusca	Cephalopoda	Clymeniida		
9341894	7ddf754f-d193-4cc9-b351-99906754a03b	136			Belemnitida		Belemnitida	Belemnitida			order			accepted			Animalia	Mollusca	Cephalopoda	Belemnitida		
12188055	7ddf754f-d193-4cc9-b351-99906754a03b	136			Phylloceratida		Phylloceratida	Phylloceratida			order			accepted			Animalia	Mollusca	Cephalopoda	Phylloceratida		
11139090	7ddf754f-d193-4cc9-b351-99906754a03b	136			Bathyteuthida		Bathyteuthida	Bathyteuthida			order			accepted			Animalia	Mollusca	Cephalopoda	Bathyteuthida		
7852764	7ddf754f-d193-4cc9-b351-99906754a03b	136			Vampyromorpha		Vampyromorpha	Vampyromorpha			order			accepted			Animalia	Mollusca	Cephalopoda	Vampyromorpha		
12226358	7ddf754f-d193-4cc9-b351-99906754a03b	136			Diplobelida		Diplobelida	Diplobelida			order			accepted			Animalia	Mollusca	Cephalopoda	Diplobelida		
12233564	7ddf754f-d193-4cc9-b351-99906754a03b	136			Agoniatitida		Agoniatitida	Agoniatitida			order			accepted			Animalia	Mollusca	Cephalopoda	Agoniatitida		
11115940	7ddf754f-d193-4cc9-b351-99906754a03b	347			Neopilinida		Neopilinida	Neopilinida			order			accepted			Animalia	Mollusca	Monoplacophora	Neopilinida		
12210128	7ddf754f-d193-4cc9-b351-99906754a03b	347			Kirengellida		Kirengellida	Kirengellida			order		Rozov, S. N. (1975). Новый отряд моноплакофор [= A new order of Monoplacophora]. Paleontologicheskiy Zhurnal, № 1: 41–45. In Russian. [English translation see Paleontological Journal, 9(1): 39–43]. https://www.molluscabase.org/aphia.php?p=sourcedetails&id=437257	accepted			Animalia	Mollusca	Monoplacophora	Kirengellida		
1413	7ddf754f-d193-4cc9-b351-99906754a03b	347			Tryblidiida		Tryblidiida	Tryblidiida			order		Lemche, H. (1957). A new living deep-sea mollusc of the Cambro-Devonian class Monoplacophora. Nature 179: 413-416 fig. 1-4. https://www.molluscabase.org/aphia.php?p=sourcedetails&id=39887	accepted			Animalia	Mollusca	Monoplacophora	Tryblidiida		
11126586	7ddf754f-d193-4cc9-b351-99906754a03b	347			Sinuitopsida		Sinuitopsida	Sinuitopsida			order			accepted			Animalia	Mollusca	Monoplacophora	Sinuitopsida		
11128168	7ddf754f-d193-4cc9-b351-99906754a03b	347			Cyrtonellida		Cyrtonellida	Cyrtonellida			order			accepted			Animalia	Mollusca	Monoplacophora	Cyrtonellida		
9405932	7ddf754f-d193-4cc9-b351-99906754a03b	137			Nuculanida		Nuculanida	Nuculanida			order		Carter, J. G., Campbell, D. C., & Campbell, M. R. (2000). Cladistic perspectives on early bivalve evolution. In E. M. Harper, J. D. Taylor, & J. A. Crame, eds., the Evolutionary Biology of the Bivalvia. the Geological Society of London, Special Publication, 177:47–79. https://www.molluscabase.org/aphia.php?p=sourcedetails&id=195688	accepted			Animalia	Mollusca	Bivalvia	Nuculanida		
9310756	7ddf754f-d193-4cc9-b351-99906754a03b	137			Venerida		Venerida	Venerida			order			accepted			Animalia	Mollusca	Bivalvia	Venerida		
9301143	7ddf754f-d193-4cc9-b351-99906754a03b	137			Unionida		Unionida	Unionida			order			accepted			Animalia	Mollusca	Bivalvia	Unionida		
9306876	7ddf754f-d193-4cc9-b351-99906754a03b	137			Lucinida		Lucinida	Lucinida			order			accepted			Animalia	Mollusca	Bivalvia	Lucinida		
9380407	7ddf754f-d193-4cc9-b351-99906754a03b	137			Limida		Limida	Limida			order			accepted			Animalia	Mollusca	Bivalvia	Limida		
9261825	7ddf754f-d193-4cc9-b351-99906754a03b	137			Solemyida		Solemyida	Solemyida			order			accepted			Animalia	Mollusca	Bivalvia	Solemyida		
9267240	7ddf754f-d193-4cc9-b351-99906754a03b	137			Myalinida		Myalinida	Myalinida			order		Paul, H. (1939). Die Muscheln der Magdeburger Kulmgrauwack. Abhandlungen Und Berichte Aus Dem Museum Für Naturkunde Und Vorgeschichte Und Dem Naturwissenschaftlichen Verein in Magdeburg, 7(1):165–181, pl. 12. https://www.molluscabase.org/aphia.php?p=sourcedetails&id=195701	accepted			Animalia	Mollusca	Bivalvia	Myalinida		
9574493	7ddf754f-d193-4cc9-b351-99906754a03b	137			Arcida		Arcida	Arcida			order			accepted			Animalia	Mollusca	Bivalvia	Arcida		
9241244	daacce49-b206-469b-8dc2-2257719f3afa	137			Myida		Myida	Myida			order			accepted			Animalia	Mollusca	Bivalvia	Myida		
11185117	7ddf754f-d193-4cc9-b351-99906754a03b	137			Colpomyida		Colpomyida	Colpomyida			order		Carter, J. G.; Altaba, C. R.; Anderson, L. C.; Araujo, R.; Biakov, A. S.; Bogan, A. E.; Campbell, D. C.; Campbell, M.; Jin-hua, C.; Cope, J. C. W.; Delvene, G.; Dijkstra, H. H.; Zong-jie, F.; Gardner, R. N.; Gavrilova, V. A.; Goncharova, I. A.; Harries, P. J.; Hartman, J. H.; Hautmann, M.; Hoeh, W. R.; Hylleberg, J.; Bao-yu, J.; Johnston, P.; Kirkendale, L.; Kleemann, K.; Koppka, J.; Kříž, J.; Machado, D.; Malchus, N.; Márquez-Aliaga, A.; Masse, J.-P.; McRoberts, C. A.; Middelfart, P.U.; Mitchell, S.; Nevesskaja, L. A.; Özer, S.; Pojeta, J. Jr.; Polubotko, I.V.; Pons, J. M.; Popov, S.; Sánchez, T.; Sartori, A. F.; Scott, R. W.; Sey, I. I.; Signorelli, J. H.; Silantiev, V. V.; Skelton, P. W.; Steuber, T.; Waterhouse, J. B.; Wingard, G. L.; Yancey, T. (2011). A synoptical classification of the Bivalvia (Mollusca). Paleontological Contributions, 4: 1–47. https://www.molluscabase.org/aphia.php?p=sourcedetails&id=153973	accepted			Animalia	Mollusca	Bivalvia	Colpomyida		
11185957	7ddf754f-d193-4cc9-b351-99906754a03b	137			Tuarangiida		Tuarangiida	Tuarangiida			order		MacKinnon, D. I. (1982). Tuarangia paparua, n. gen. and n. sp., a late Middle Cambrian pelecypod from New Zealand. Journal of Paleontology, 56(3):589–598, 2 pl. https://www.molluscabase.org/aphia.php?p=sourcedetails&id=195648	accepted			Animalia	Mollusca	Bivalvia	Tuarangiida		
9463058	7ddf754f-d193-4cc9-b351-99906754a03b	137			Modiomorphida		Modiomorphida	Modiomorphida			order		Newell, N. D. (1969). Subclass Palaeoheterodonta Newell, 1965, and Order Modiomorphoida Newell, new order [diagnoses]. In R. C. Moore, ed., Treatise on Invertebrate Paleontology, Part N. Mollusca 6, Bivalvia, Vol. 1–2. Geological Society of America & University of Kansas. Boulder & Lawrence., p. 393. https://www.molluscabase.org/aphia.php?p=sourcedetails&id=195788	accepted			Animalia	Mollusca	Bivalvia	Modiomorphida		
9485611	7ddf754f-d193-4cc9-b351-99906754a03b	137			Ostreida		Ostreida	Ostreida			order			accepted			Animalia	Mollusca	Bivalvia	Ostreida		
9391016	7ddf754f-d193-4cc9-b351-99906754a03b	137			Trigoniida		Trigoniida	Trigoniida			order			accepted			Animalia	Mollusca	Bivalvia	Trigoniida		
11125512	7ddf754f-d193-4cc9-b351-99906754a03b	137			Cyrtodontida		Cyrtodontida	Cyrtodontida			order		Nevesskaja, L. A., Scarlato, O. A., Starobogatov, Y. I., & Eberzin, A. G. (1971). Novye predstavleniia o sisteme dvustvorchatykh molliuskov [New ideas on the systematics of bivalved mollusks]. Paleontologicheskii Zhurnal, 1971(2):3–20. In Russian. https://www.molluscabase.org/aphia.php?p=sourcedetails&id=195690	accepted			Animalia	Mollusca	Bivalvia	Cyrtodontida		
10009910	7ddf754f-d193-4cc9-b351-99906754a03b	137			Gastrochaenida		Gastrochaenida	Gastrochaenida			order			accepted			Animalia	Mollusca	Bivalvia	Gastrochaenida		
8023994	7ddf754f-d193-4cc9-b351-99906754a03b	137			Nuculida		Nuculida	Nuculida			order		Dall, W. H. (1889). On the hinge of pelecypods and its development, with an attempt toward a better subdivision of the group. American Journal of Science, (series 3) 38(228):445–462. https://www.molluscabase.org/aphia.php?p=sourcedetails&id=195645	accepted			Animalia	Mollusca	Bivalvia	Nuculida		
9469583	7ddf754f-d193-4cc9-b351-99906754a03b	137			Megalodontida		Megalodontida	Megalodontida			order		Starobogatov, Y. I. (1992). Morphological basis for phylogeny and classification of Bivalvia. Ruthenica, 2(1):1–25. https://www.molluscabase.org/aphia.php?p=sourcedetails&id=195791	accepted			Animalia	Mollusca	Bivalvia	Megalodontida		
11183490	7ddf754f-d193-4cc9-b351-99906754a03b	137			Afghanodesmatida		Afghanodesmatida	Afghanodesmatida			order		Carter, J. G.; Altaba, C. R.; Anderson, L. C.; Araujo, R.; Biakov, A. S.; Bogan, A. E.; Campbell, D. C.; Campbell, M.; Jin-hua, C.; Cope, J. C. W.; Delvene, G.; Dijkstra, H. H.; Zong-jie, F.; Gardner, R. N.; Gavrilova, V. A.; Goncharova, I. A.; Harries, P. J.; Hartman, J. H.; Hautmann, M.; Hoeh, W. R.; Hylleberg, J.; Bao-yu, J.; Johnston, P.; Kirkendale, L.; Kleemann, K.; Koppka, J.; Kříž, J.; Machado, D.; Malchus, N.; Márquez-Aliaga, A.; Masse, J.-P.; McRoberts, C. A.; Middelfart, P.U.; Mitchell, S.; Nevesskaja, L. A.; Özer, S.; Pojeta, J. Jr.; Polubotko, I.V.; Pons, J. M.; Popov, S.; Sánchez, T.; Sartori, A. F.; Scott, R. W.; Sey, I. I.; Signorelli, J. H.; Silantiev, V. V.; Skelton, P. W.; Steuber, T.; Waterhouse, J. B.; Wingard, G. L.; Yancey, T. (2011). A synoptical classification of the Bivalvia (Mollusca). Paleontological Contributions, 4: 1–47. https://www.molluscabase.org/aphia.php?p=sourcedetails&id=153973	accepted			Animalia	Mollusca	Bivalvia	Afghanodesmatida		
9584178	7ddf754f-d193-4cc9-b351-99906754a03b	137			Adapedonta		Adapedonta	Adapedonta			order		Cossmann, M., & Peyrot, A. (1909). Conchologie néogénique de l’Aquitaine. Pélécypodes. 2 volumes. Bordeaux: A. Saugnac. Published in parallel in Actes de la Société Linnéenne de Bordeaux. [Publication dates after Lozouet & Lesport, 1994, Cossmanniana 3(1): 9–12]. Tome 1: pp. 1–220, pls 1–7 [18 December 1909]; = Actes, 63(2): 72–144, pls 1–4 [October 5, 1909]; Actes, 63(3): 145–232, pls 5–7 [13 November 1909]; Actes, 63(4): 233–293 [18 December 1909]. https://www.molluscabase.org/aphia.php?p=sourcedetails&id=39431	accepted			Animalia	Mollusca	Bivalvia	Adapedonta		
11114931	7ddf754f-d193-4cc9-b351-99906754a03b	137			Actinodontida		Actinodontida	Actinodontida			order			accepted			Animalia	Mollusca	Bivalvia	Actinodontida		
9529005	7ddf754f-d193-4cc9-b351-99906754a03b	137			Cardiida		Cardiida	Cardiida			order			accepted			Animalia	Mollusca	Bivalvia	Cardiida		
9898370	7ddf754f-d193-4cc9-b351-99906754a03b	137			Galeommatida		Galeommatida	Galeommatida			order			accepted			Animalia	Mollusca	Bivalvia	Galeommatida		
10495862	7ddf754f-d193-4cc9-b351-99906754a03b	137			Sphaeriida		Sphaeriida	Sphaeriida			order			accepted			Animalia	Mollusca	Bivalvia	Sphaeriida		
9280936	7ddf754f-d193-4cc9-b351-99906754a03b	137			Hippuritida		Hippuritida	Hippuritida			order		Newell, N. D. (1965). Classification of the Bivalvia. American Museum Novitates, 2206: 1–25. https://www.molluscabase.org/aphia.php?p=sourcedetails&id=142491	accepted			Animalia	Mollusca	Bivalvia	Hippuritida		
11205145	7ddf754f-d193-4cc9-b351-99906754a03b	137			Fordillida		Fordillida	Fordillida			order		Pojeta, J. Jr. (1975). Fordilla troyensis Barrande and early pelecypod phylogeny. Studies in paleontology and stratigraphy. Bulletins of American Paleontology, 67(287):363–384, pl. 1–5. https://www.molluscabase.org/aphia.php?p=sourcedetails&id=195646	accepted			Animalia	Mollusca	Bivalvia	Fordillida		
9330464	7ddf754f-d193-4cc9-b351-99906754a03b	137			Mytilida		Mytilida	Mytilida			order			accepted			Animalia	Mollusca	Bivalvia	Mytilida		
9280416	7ddf754f-d193-4cc9-b351-99906754a03b	137			Carditida		Carditida	Carditida			order			accepted			Animalia	Mollusca	Bivalvia	Carditida		
9250425	7ddf754f-d193-4cc9-b351-99906754a03b	137			Pectinida		Pectinida	Pectinida			order			accepted			Animalia	Mollusca	Bivalvia	Pectinida		
8278247	7ddf754f-d193-4cc9-b351-99906754a03b	346			Chitonida		Chitonida	Chitonida			order			accepted			Animalia	Mollusca	Polyplacophora	Chitonida		
11134213	7ddf754f-d193-4cc9-b351-99906754a03b	346			Chelodida		Chelodida	Chelodida			order			accepted			Animalia	Mollusca	Polyplacophora	Chelodida		
11136089	7ddf754f-d193-4cc9-b351-99906754a03b	346			Callochitonida		Callochitonida	Callochitonida			order		Giribet, G., & Edgecombe, G. D. (2020). The Invertebrate Tree of Life. Princeton University Press, Princeton and Oxford. 608 pp. https://www.molluscabase.org/aphia.php?p=sourcedetails&id=400566	accepted			Animalia	Mollusca	Polyplacophora	Callochitonida		
7601723	7ddf754f-d193-4cc9-b351-99906754a03b	346			Lepidopleurida		Lepidopleurida	Lepidopleurida			order			accepted			Animalia	Mollusca	Polyplacophora	Lepidopleurida		
11171071	7ddf754f-d193-4cc9-b351-99906754a03b	346			Septemchitonida		Septemchitonida	Septemchitonida			order			accepted			Animalia	Mollusca	Polyplacophora	Septemchitonida		
11148310	7ddf754f-d193-4cc9-b351-99906754a03b	11210652			Tentaculitida		Tentaculitida	Tentaculitida			order			accepted			Animalia	Mollusca	Cricoconarida	Tentaculitida		
7441141	7ddf754f-d193-4cc9-b351-99906754a03b	8066236			Chaetodermatida		Chaetodermatida	Chaetodermatida			order			accepted			Animalia	Mollusca	Caudofoveata	Chaetodermatida		
10803537	a97f36e5-ded1-49cc-bdec-ac6170fc7b9c	10820435			Syntrophorhabdales		Syntrophorhabdales	Syntrophorhabdales			order			accepted			Bacteria	Desulfobacterota_G	Syntrophorhabdia	Syntrophorhabdales		
11480610	a97f36e5-ded1-49cc-bdec-ac6170fc7b9c	10703877			JACPRU01						order			accepted			Bacteria	Desulfobacterota_B	Binatia	JACPRU01		
10677496	a97f36e5-ded1-49cc-bdec-ac6170fc7b9c	10703877			HRBIN30						order			accepted			Bacteria	Desulfobacterota_B	Binatia	HRBIN30		
10879435	a97f36e5-ded1-49cc-bdec-ac6170fc7b9c	10703877			UBA1149						order			accepted			Bacteria	Desulfobacterota_B	Binatia	UBA1149		
10785981	a97f36e5-ded1-49cc-bdec-ac6170fc7b9c	10703877			UTPRO1						order			accepted			Bacteria	Desulfobacterota_B	Binatia	UTPRO1		
10868859	a97f36e5-ded1-49cc-bdec-ac6170fc7b9c	10703877			UBA9968						order			accepted			Bacteria	Desulfobacterota_B	Binatia	UBA9968		
10894417	a97f36e5-ded1-49cc-bdec-ac6170fc7b9c	10703877			UBA12015						order			accepted			Bacteria	Desulfobacterota_B	Binatia	UBA12015		
10688096	a97f36e5-ded1-49cc-bdec-ac6170fc7b9c	10703877			Bin18						order			accepted			Bacteria	Desulfobacterota_B	Binatia	Bin18		
10672296	a97f36e5-ded1-49cc-bdec-ac6170fc7b9c	10703877			Binatales		Binatales	Binatales			order			accepted			Bacteria	Desulfobacterota_B	Binatia	Binatales		
10680633	a97f36e5-ded1-49cc-bdec-ac6170fc7b9c	10834868			Calescibacteriales		Calescibacteriales	Calescibacteriales			order			accepted			Bacteria	Calescibacterota	Calescibacteriia	Calescibacteriales		
10678941	a97f36e5-ded1-49cc-bdec-ac6170fc7b9c	10854416			Fermentibacterales		Fermentibacterales	Fermentibacterales			order			accepted			Bacteria	Fermentibacterota	Fermentibacteria	Fermentibacterales		
9695776	7ddf754f-d193-4cc9-b351-99906754a03b	9808658			Kathablepharida		Kathablepharida	Kathablepharida			order		Cavalier-Smith, T. (1993). The protozoan phylum Opalozoa. Journal of Eukaryotic Microbiology. 40(5): 609-615.	accepted			Chromista	Cryptophyta	Leucocryptea	Kathablepharida		
8287388	7ea21580-4f06-469d-995b-3f713fdcc37c	7969060			Telonemida		Telonemida	Telonemida			order			accepted			Chromista	Cryptophyta	Telonemea	Telonemida		
9756381	7ddf754f-d193-4cc9-b351-99906754a03b	9665066			Palpitida		Palpitida	Palpitida			order			accepted			Chromista	Cryptophyta	Palpitea	Palpitida		
1082	7ea21580-4f06-469d-995b-3f713fdcc37c	7461897			Goniomonadales		Goniomonadales	Goniomonadales			order			accepted			Chromista	Cryptophyta	Goniomonadophyceae	Goniomonadales		
1081	7ea21580-4f06-469d-995b-3f713fdcc37c	257			Cryptomonadales		Cryptomonadales	Cryptomonadales			order			accepted			Chromista	Cryptophyta	Cryptophyceae	Cryptomonadales		
1083	7ea21580-4f06-469d-995b-3f713fdcc37c	257			Pyrenomonadales		Pyrenomonadales	Pyrenomonadales			order			accepted			Chromista	Cryptophyta	Cryptophyceae	Pyrenomonadales		
476	7ea21580-4f06-469d-995b-3f713fdcc37c	257			Tetragonidiales		Tetragonidiales	Tetragonidiales			order			accepted			Chromista	Cryptophyta	Cryptophyceae	Tetragonidiales		
7533781	7ea21580-4f06-469d-995b-3f713fdcc37c	8364895			Katablepharidales		Katablepharidales	Katablepharidales			order			accepted			Chromista	Cryptophyta	Katablepharidophyceae	Katablepharidales		
10694082	a97f36e5-ded1-49cc-bdec-ac6170fc7b9c	10869597			UBA7694						order			accepted			Bacteria	Cyanobacteria	Sericytochromatia	UBA7694		
10802644	a97f36e5-ded1-49cc-bdec-ac6170fc7b9c	10869597			S15B-MN24						order			accepted			Bacteria	Cyanobacteria	Sericytochromatia	S15B-MN24		
11140918	a97f36e5-ded1-49cc-bdec-ac6170fc7b9c	10869597			JACMPN01						order			accepted			Bacteria	Cyanobacteria	Sericytochromatia	JACMPN01		
10671578	a97f36e5-ded1-49cc-bdec-ac6170fc7b9c	10843988			Vampirovibrionales		Vampirovibrionales	Vampirovibrionales			order			accepted			Bacteria	Cyanobacteria	Vampirovibrionia	Vampirovibrionales		
10779202	a97f36e5-ded1-49cc-bdec-ac6170fc7b9c	10843988			Caenarcaniphilales		Caenarcaniphilales	Caenarcaniphilales			order			accepted			Bacteria	Cyanobacteria	Vampirovibrionia	Caenarcaniphilales		
10805661	a97f36e5-ded1-49cc-bdec-ac6170fc7b9c	10843988			2-02-FULL-35-15						order			accepted			Bacteria	Cyanobacteria	Vampirovibrionia	2-02-FULL-35-15		
10856797	a97f36e5-ded1-49cc-bdec-ac6170fc7b9c	10843988			Gastranaerophilales		Gastranaerophilales	Gastranaerophilales			order			accepted			Bacteria	Cyanobacteria	Vampirovibrionia	Gastranaerophilales		
10751305	a97f36e5-ded1-49cc-bdec-ac6170fc7b9c	10843988			Obscuribacterales		Obscuribacterales	Obscuribacterales			order			accepted			Bacteria	Cyanobacteria	Vampirovibrionia	Obscuribacterales		
11193449	a97f36e5-ded1-49cc-bdec-ac6170fc7b9c	10774316			CAIUCS01						order			accepted			Bacteria	Cyanobacteria	Cyanobacteriia	CAIUCS01		
10687363	a97f36e5-ded1-49cc-bdec-ac6170fc7b9c	10774316			Neosynechococcales		Neosynechococcales	Neosynechococcales			order			accepted			Bacteria	Cyanobacteria	Cyanobacteriia	Neosynechococcales		
10672236	a97f36e5-ded1-49cc-bdec-ac6170fc7b9c	10774316			Elainellales		Elainellales	Elainellales			order			accepted			Bacteria	Cyanobacteria	Cyanobacteriia	Elainellales		
10849340	a97f36e5-ded1-49cc-bdec-ac6170fc7b9c	10774316			Phormidesmiales		Phormidesmiales	Phormidesmiales			order			accepted			Bacteria	Cyanobacteria	Cyanobacteriia	Phormidesmiales		
10853072	a97f36e5-ded1-49cc-bdec-ac6170fc7b9c	10774316			Gloeomargaritales		Gloeomargaritales	Gloeomargaritales			order			accepted			Bacteria	Cyanobacteria	Cyanobacteriia	Gloeomargaritales		
10822037	a97f36e5-ded1-49cc-bdec-ac6170fc7b9c	10774316			Leptolyngbyales		Leptolyngbyales	Leptolyngbyales			order			accepted			Bacteria	Cyanobacteria	Cyanobacteriia	Leptolyngbyales		
10793096	a97f36e5-ded1-49cc-bdec-ac6170fc7b9c	10774316			Cyanobacteriales		Cyanobacteriales	Cyanobacteriales			order			accepted			Bacteria	Cyanobacteria	Cyanobacteriia	Cyanobacteriales		
10831881	a97f36e5-ded1-49cc-bdec-ac6170fc7b9c	10774316			Thermosynechococcales		Thermosynechococcales	Thermosynechococcales			order			accepted			Bacteria	Cyanobacteria	Cyanobacteriia	Thermosynechococcales		
10703807	a97f36e5-ded1-49cc-bdec-ac6170fc7b9c	10774316			Gloeobacterales		Gloeobacterales	Gloeobacterales			order			accepted			Bacteria	Cyanobacteria	Cyanobacteriia	Gloeobacterales		
10718904	a97f36e5-ded1-49cc-bdec-ac6170fc7b9c	10774316			Synechococcales		Synechococcales	Synechococcales			order			accepted			Bacteria	Cyanobacteria	Cyanobacteriia	Synechococcales		
10745203	a97f36e5-ded1-49cc-bdec-ac6170fc7b9c	10774316			Pseudanabaenales		Pseudanabaenales	Pseudanabaenales			order			accepted			Bacteria	Cyanobacteria	Cyanobacteriia	Pseudanabaenales		
11169501	a97f36e5-ded1-49cc-bdec-ac6170fc7b9c	10683260			Baltobacterales		Baltobacterales	Baltobacterales			order			accepted			Bacteria	Eremiobacterota	Eremiobacteria	Baltobacterales		
10749321	a97f36e5-ded1-49cc-bdec-ac6170fc7b9c	10683260			Eremiobacterales		Eremiobacterales	Eremiobacterales			order			accepted			Bacteria	Eremiobacterota	Eremiobacteria	Eremiobacterales		
9799078	7ddf754f-d193-4cc9-b351-99906754a03b	9705016			Acavomonida		Acavomonida	Acavomonida			order			accepted			Chromista	Acavomonidia	Acavomonea	Acavomonida		
11123284	a97f36e5-ded1-49cc-bdec-ac6170fc7b9c	11203512			Xenobiales		Xenobiales	Xenobiales			order			accepted			Bacteria	Eremiobacterota	Xenobia	Xenobiales		
11155455	a97f36e5-ded1-49cc-bdec-ac6170fc7b9c	11203512			CADAWZ01						order			accepted			Bacteria	Eremiobacterota	Xenobia	CADAWZ01		
11195829	a97f36e5-ded1-49cc-bdec-ac6170fc7b9c	11203512			RGZZ01						order			accepted			Bacteria	Eremiobacterota	Xenobia	RGZZ01		
10786026	a97f36e5-ded1-49cc-bdec-ac6170fc7b9c	10677545			2-02-FULL-40-11						order			accepted			Bacteria	Bdellovibrionota_E	O2-12-FULL-43-9	2-02-FULL-40-11		
11712201	a97f36e5-ded1-49cc-bdec-ac6170fc7b9c	10677545			JACQJE01						order			accepted			Bacteria	Bdellovibrionota_E	O2-12-FULL-43-9	JACQJE01		
11501000	a97f36e5-ded1-49cc-bdec-ac6170fc7b9c	10677545			JACOXK01						order			accepted			Bacteria	Bdellovibrionota_E	O2-12-FULL-43-9	JACOXK01		
10792039	a97f36e5-ded1-49cc-bdec-ac6170fc7b9c	10723503			Muirbacteriales		Muirbacteriales	Muirbacteriales			order			accepted			Bacteria	Muirbacteria	Muirbacteriia	Muirbacteriales		
11118299	a97f36e5-ded1-49cc-bdec-ac6170fc7b9c	10832696			JACNKJ01						order			accepted			Bacteria	Krumholzibacteriota	Krumholzibacteria	JACNKJ01		
11156381	a97f36e5-ded1-49cc-bdec-ac6170fc7b9c	10832696			Krumholzibacteriales		Krumholzibacteriales	Krumholzibacteriales			order			accepted			Bacteria	Krumholzibacteriota	Krumholzibacteria	Krumholzibacteriales		
11125848	a97f36e5-ded1-49cc-bdec-ac6170fc7b9c	10832696			WVZY01						order			accepted			Bacteria	Krumholzibacteriota	Krumholzibacteria	WVZY01		
10765727	a97f36e5-ded1-49cc-bdec-ac6170fc7b9c	10832696			LZORAL124-64-63						order			accepted			Bacteria	Krumholzibacteriota	Krumholzibacteria	LZORAL124-64-63		
9762364	7ddf754f-d193-4cc9-b351-99906754a03b	9740552			Ministeriida		Ministeriida	Ministeriida			order			accepted			Protozoa	Choanozoa	Filasterea	Ministeriida		
10700244	a97f36e5-ded1-49cc-bdec-ac6170fc7b9c	10875737			Nanosalinales		Nanosalinales	Nanosalinales			order			accepted			Archaea	Nanohaloarchaeota	Nanosalinia	Nanosalinales		
7438352	7ddf754f-d193-4cc9-b351-99906754a03b	8262092			Eccrinida		Eccrinida	Eccrinida			order			accepted			Protozoa	Choanozoa	Ichthyosporea	Eccrinida		
10846630	7ddf754f-d193-4cc9-b351-99906754a03b	9730635			Nucleariida		Nucleariida	Nucleariida			order			accepted			Protozoa	Choanozoa	Cristidiscoidea	Nucleariida		
9689916	7ddf754f-d193-4cc9-b351-99906754a03b	9730635			Fonticulida		Fonticulida	Fonticulida			order			accepted			Protozoa	Choanozoa	Cristidiscoidea	Fonticulida		
9782288	7ddf754f-d193-4cc9-b351-99906754a03b	9720994			Rozellida		Rozellida	Rozellida			order			accepted			Protozoa	Choanozoa	Rozellidea	Rozellida		
9765899	7ddf754f-d193-4cc9-b351-99906754a03b	9737030			Choanoflagellida		Choanoflagellida	Choanoflagellida			order			accepted			Protozoa	Choanozoa	Choanoflagellatea	Choanoflagellida		
8007464	7ddf754f-d193-4cc9-b351-99906754a03b	7496922			Polyacanthorhynchida		Polyacanthorhynchida	Polyacanthorhynchida			order			accepted			Animalia	Acanthocephala	Polyacanthocephala	Polyacanthorhynchida		
7682745	7ddf754f-d193-4cc9-b351-99906754a03b	254			Heteramorphida		Heteramorphida	Heteramorphida			order		Amin, Omar M., and Nguyen Van Ha. (2008). On a New Acanthocephalan Family and a New Order, from Birds in Vietnam. Journal of Parasitology, Vol. 94, No. 6.	accepted			Animalia	Acanthocephala	Palaeacanthocephala	Heteramorphida		
1074	7ddf754f-d193-4cc9-b351-99906754a03b	254			Echinorhynchida		Echinorhynchida	Echinorhynchida			order			accepted			Animalia	Acanthocephala	Palaeacanthocephala	Echinorhynchida		
1075	7ddf754f-d193-4cc9-b351-99906754a03b	254			Polymorphida		Polymorphida	Polymorphida			order			accepted			Animalia	Acanthocephala	Palaeacanthocephala	Polymorphida		
1071	7ddf754f-d193-4cc9-b351-99906754a03b	253			Gigantorhynchida		Gigantorhynchida	Gigantorhynchida			order			accepted			Animalia	Acanthocephala	Archiacanthocephala	Gigantorhynchida		
469	7ddf754f-d193-4cc9-b351-99906754a03b	253			Oligacanthorhynchida		Oligacanthorhynchida	Oligacanthorhynchida			order			accepted			Animalia	Acanthocephala	Archiacanthocephala	Oligacanthorhynchida		
1072	7ddf754f-d193-4cc9-b351-99906754a03b	253			Moniliformida		Moniliformida	Moniliformida			order			accepted			Animalia	Acanthocephala	Archiacanthocephala	Moniliformida		
468	7ddf754f-d193-4cc9-b351-99906754a03b	253			Apororhynchida		Apororhynchida	Apororhynchida			order			accepted			Animalia	Acanthocephala	Archiacanthocephala	Apororhynchida		
1073	7ddf754f-d193-4cc9-b351-99906754a03b	140			Neoechinorhynchida		Neoechinorhynchida	Neoechinorhynchida			order			accepted			Animalia	Acanthocephala	Eoacanthocephala	Neoechinorhynchida		
470	7ddf754f-d193-4cc9-b351-99906754a03b	140			Gyracanthocephala		Gyracanthocephala	Gyracanthocephala			order			accepted			Animalia	Acanthocephala	Eoacanthocephala	Gyracanthocephala		
11164849	a97f36e5-ded1-49cc-bdec-ac6170fc7b9c	10852877			JAAZEB01						order			accepted			Bacteria	Armatimonadota	SYMT01	JAAZEB01		
10761286	a97f36e5-ded1-49cc-bdec-ac6170fc7b9c	10828338			UBA1398						order			accepted			Bacteria	Armatimonadota	UBA5377	UBA1398		
8308161	a97f36e5-ded1-49cc-bdec-ac6170fc7b9c	7708627			Chthonomonadales		Chthonomonadales	Chthonomonadales			order			accepted			Bacteria	Armatimonadota	Chthonomonadetes	Chthonomonadales		
10790652	a97f36e5-ded1-49cc-bdec-ac6170fc7b9c	10816130			J063						order			accepted			Bacteria	Tectomicrobia	Entotheonellia	J063		
10699327	a97f36e5-ded1-49cc-bdec-ac6170fc7b9c	10816130			Entotheonellales		Entotheonellales	Entotheonellales			order			accepted			Bacteria	Tectomicrobia	Entotheonellia	Entotheonellales		
8348287	a97f36e5-ded1-49cc-bdec-ac6170fc7b9c	7518266			Armatimonadales		Armatimonadales	Armatimonadales			order			accepted			Bacteria	Armatimonadota	Armatimonadia	Armatimonadales		
10885546	a97f36e5-ded1-49cc-bdec-ac6170fc7b9c	10846871			Fimbriimonadales		Fimbriimonadales	Fimbriimonadales			order			accepted			Bacteria	Armatimonadota	Fimbriimonadia	Fimbriimonadales		
10728492	a97f36e5-ded1-49cc-bdec-ac6170fc7b9c	10770078			CG2-30-59-28						order			accepted			Bacteria	Armatimonadota	Abditibacteria	CG2-30-59-28		
10853930	a97f36e5-ded1-49cc-bdec-ac6170fc7b9c	10770078			Abditibacteriales		Abditibacteriales	Abditibacteriales			order			accepted			Bacteria	Armatimonadota	Abditibacteria	Abditibacteriales		
11817861	a97f36e5-ded1-49cc-bdec-ac6170fc7b9c	10770078			CG2-30-66-41						order			accepted			Bacteria	Armatimonadota	Abditibacteria	CG2-30-66-41		
11187609	a97f36e5-ded1-49cc-bdec-ac6170fc7b9c	10703993			DSUL01						order			accepted			Bacteria	Armatimonadota	UBA5829	DSUL01		
11126756	a97f36e5-ded1-49cc-bdec-ac6170fc7b9c	10703993			DTJY01						order			accepted			Bacteria	Armatimonadota	UBA5829	DTJY01		
11141423	a97f36e5-ded1-49cc-bdec-ac6170fc7b9c	11193395			WVXJ01						order			accepted			Bacteria	Armatimonadota	CAIYQO01	WVXJ01		
10677353	a97f36e5-ded1-49cc-bdec-ac6170fc7b9c	10862604			UBA7950						order			accepted			Bacteria	Bipolaricaulota	Bipolaricaulia	UBA7950		
10687145	a97f36e5-ded1-49cc-bdec-ac6170fc7b9c	10862604			Bipolaricaulales		Bipolaricaulales	Bipolaricaulales			order			accepted			Bacteria	Bipolaricaulota	Bipolaricaulia	Bipolaricaulales		
11863684	a97f36e5-ded1-49cc-bdec-ac6170fc7b9c	10862604			M55B111						order			accepted			Bacteria	Bipolaricaulota	Bipolaricaulia	M55B111		
1207	a97f36e5-ded1-49cc-bdec-ac6170fc7b9c	169			Chrysiogenales		Chrysiogenales	Chrysiogenales			order			accepted			Bacteria	Chrysiogenota	Chrysiogenetes	Chrysiogenales		
678	7ea21580-4f06-469d-995b-3f713fdcc37c	344			Chlorarachniales		Chlorarachniales	Chlorarachniales			order			accepted			Chromista	Cercozoa	Chlorarachniophyceae	Chlorarachniales		
1116	7ddf754f-d193-4cc9-b351-99906754a03b	266			Plasmodiophorida		Plasmodiophorida	Plasmodiophorida			order			accepted			Chromista	Cercozoa	Phytomyxea	Plasmodiophorida		
12260364	7ddf754f-d193-4cc9-b351-99906754a03b	12186859			Langiophytales		Langiophytales	Langiophytales			order		Doweld, A. B. (2001). In Prosyllabus Tracheophytorum, tentamen systematis plantarum vascularium (Tracheophyta). Geos. https://www.tropicos.org/reference/9025952	accepted			Plantae	Langiophytophyta	Langiophytopsida	Langiophytales		
12206542	7ddf754f-d193-4cc9-b351-99906754a03b	12186859			Lyonophytales		Lyonophytales	Lyonophytales			order		Doweld, A. B. (2001). In Prosyllabus Tracheophytorum, tentamen systematis plantarum vascularium (Tracheophyta). Geos. https://www.tropicos.org/reference/9025952	accepted			Plantae	Langiophytophyta	Langiophytopsida	Lyonophytales		
11148822	a97f36e5-ded1-49cc-bdec-ac6170fc7b9c	11210168			Mcinerneyibacteriales		Mcinerneyibacteriales	Mcinerneyibacteriales			order			accepted			Bacteria	Mcinerneyibacteriota	Mcinerneyibacteria	Mcinerneyibacteriales		
10830117	7ddf754f-d193-4cc9-b351-99906754a03b	10871541			Chitovirales		Chitovirales	Chitovirales			order			accepted			Viruses	Nucleocytoviricota	Pokkesviricetes	Chitovirales		
10752386	7ddf754f-d193-4cc9-b351-99906754a03b	10871541			Asfuvirales		Asfuvirales	Asfuvirales			order			accepted			Viruses	Nucleocytoviricota	Pokkesviricetes	Asfuvirales		
10893311	7ddf754f-d193-4cc9-b351-99906754a03b	10750132			Imitervirales		Imitervirales	Imitervirales			order			accepted			Viruses	Nucleocytoviricota	Megaviricetes	Imitervirales		
10765325	7ddf754f-d193-4cc9-b351-99906754a03b	10750132			Pimascovirales		Pimascovirales	Pimascovirales			order			accepted			Viruses	Nucleocytoviricota	Megaviricetes	Pimascovirales		
10772083	7ddf754f-d193-4cc9-b351-99906754a03b	10750132			Algavirales		Algavirales	Algavirales			order			accepted			Viruses	Nucleocytoviricota	Megaviricetes	Algavirales		
10832175	a97f36e5-ded1-49cc-bdec-ac6170fc7b9c	10683316			Thermosediminibacterales		Thermosediminibacterales	Thermosediminibacterales			order			accepted			Bacteria	Firmicutes_A	Thermosediminibacteria	Thermosediminibacterales		
11523287	a97f36e5-ded1-49cc-bdec-ac6170fc7b9c	10683316			Koleobacterales		Koleobacterales	Koleobacterales			order			accepted			Bacteria	Firmicutes_A	Thermosediminibacteria	Koleobacterales		
11688157	a97f36e5-ded1-49cc-bdec-ac6170fc7b9c	11531748			Atribacterales		Atribacterales	Atribacterales			order			accepted			Bacteria	Atribacterota	Atribacteria	Atribacterales		
7579411	a97f36e5-ded1-49cc-bdec-ac6170fc7b9c	10813600			Thermoanaerobacterales		Thermoanaerobacterales	Thermoanaerobacterales			order			accepted			Bacteria	Firmicutes_A	Thermoanaerobacteria	Thermoanaerobacterales		
10701829	a97f36e5-ded1-49cc-bdec-ac6170fc7b9c	10813600			Caldicellulosiruptorales		Caldicellulosiruptorales	Caldicellulosiruptorales			order			accepted			Bacteria	Firmicutes_A	Thermoanaerobacteria	Caldicellulosiruptorales		
11184954	a97f36e5-ded1-49cc-bdec-ac6170fc7b9c	10891428			SB-45						order			accepted			Bacteria	Atribacterota	JS1	SB-45		
10879095	a97f36e5-ded1-49cc-bdec-ac6170fc7b9c	304			Lutisporales		Lutisporales	Lutisporales			order			accepted			Bacteria	Firmicutes_A	Clostridia	Lutisporales		
11209006	a97f36e5-ded1-49cc-bdec-ac6170fc7b9c	304			JAAYHZ01						order			accepted			Bacteria	Firmicutes_A	Clostridia	JAAYHZ01		
10830254	a97f36e5-ded1-49cc-bdec-ac6170fc7b9c	304			Saccharofermentanales		Saccharofermentanales	Saccharofermentanales			order			accepted			Bacteria	Firmicutes_A	Clostridia	Saccharofermentanales		
10775287	a97f36e5-ded1-49cc-bdec-ac6170fc7b9c	304			Acetivibrionales		Acetivibrionales	Acetivibrionales			order			accepted			Bacteria	Firmicutes_A	Clostridia	Acetivibrionales		
1211	a97f36e5-ded1-49cc-bdec-ac6170fc7b9c	304			Clostridiales		Clostridiales	Clostridiales			order			accepted			Bacteria	Firmicutes_A	Clostridia	Clostridiales		
10674005	a97f36e5-ded1-49cc-bdec-ac6170fc7b9c	304			Lachnospirales		Lachnospirales	Lachnospirales			order			accepted			Bacteria	Firmicutes_A	Clostridia	Lachnospirales		
11442535	a97f36e5-ded1-49cc-bdec-ac6170fc7b9c	304			RGIG6154						order			accepted			Bacteria	Firmicutes_A	Clostridia	RGIG6154		
10703399	a97f36e5-ded1-49cc-bdec-ac6170fc7b9c	304			UMGS1840						order			accepted			Bacteria	Firmicutes_A	Clostridia	UMGS1840		
10788868	a97f36e5-ded1-49cc-bdec-ac6170fc7b9c	304			Oscillospirales		Oscillospirales	Oscillospirales			order			accepted			Bacteria	Firmicutes_A	Clostridia	Oscillospirales		
11177488	a97f36e5-ded1-49cc-bdec-ac6170fc7b9c	304			WRLR01						order			accepted			Bacteria	Firmicutes_A	Clostridia	WRLR01		
10827875	a97f36e5-ded1-49cc-bdec-ac6170fc7b9c	304			UBA1212						order			accepted			Bacteria	Firmicutes_A	Clostridia	UBA1212		
11132331	a97f36e5-ded1-49cc-bdec-ac6170fc7b9c	304			RUG12999						order			accepted			Bacteria	Firmicutes_A	Clostridia	RUG12999		
11179280	a97f36e5-ded1-49cc-bdec-ac6170fc7b9c	304			HGM11514						order			accepted			Bacteria	Firmicutes_A	Clostridia	HGM11514		
10841938	a97f36e5-ded1-49cc-bdec-ac6170fc7b9c	304			Mahellales		Mahellales	Mahellales			order			accepted			Bacteria	Firmicutes_A	Clostridia	Mahellales		
10694824	a97f36e5-ded1-49cc-bdec-ac6170fc7b9c	304			Peptostreptococcales		Peptostreptococcales	Peptostreptococcales			order			accepted			Bacteria	Firmicutes_A	Clostridia	Peptostreptococcales		
10847295	a97f36e5-ded1-49cc-bdec-ac6170fc7b9c	304			Monoglobales		Monoglobales	Monoglobales			order			accepted			Bacteria	Firmicutes_A	Clostridia	Monoglobales		
11213708	a97f36e5-ded1-49cc-bdec-ac6170fc7b9c	304			SK-Y3						order			accepted			Bacteria	Firmicutes_A	Clostridia	SK-Y3		
10786321	a97f36e5-ded1-49cc-bdec-ac6170fc7b9c	304			Tissierellales		Tissierellales	Tissierellales			order			accepted			Bacteria	Firmicutes_A	Clostridia	Tissierellales		
11438250	a97f36e5-ded1-49cc-bdec-ac6170fc7b9c	304			HGM11327						order			accepted			Bacteria	Firmicutes_A	Clostridia	HGM11327		
10715598	a97f36e5-ded1-49cc-bdec-ac6170fc7b9c	304			Eubacteriales		Eubacteriales	Eubacteriales			order			accepted			Bacteria	Firmicutes_A	Clostridia	Eubacteriales		
10811857	a97f36e5-ded1-49cc-bdec-ac6170fc7b9c	304			UMGS1810						order			accepted			Bacteria	Firmicutes_A	Clostridia	UMGS1810		
10709454	a97f36e5-ded1-49cc-bdec-ac6170fc7b9c	304			UMGS1883						order			accepted			Bacteria	Firmicutes_A	Clostridia	UMGS1883		
11156801	a97f36e5-ded1-49cc-bdec-ac6170fc7b9c	304			UBA8921						order			accepted			Bacteria	Firmicutes_A	Clostridia	UBA8921		
10727671	a97f36e5-ded1-49cc-bdec-ac6170fc7b9c	304			TANB77						order			accepted			Bacteria	Firmicutes_A	Clostridia	TANB77		
11738610	a97f36e5-ded1-49cc-bdec-ac6170fc7b9c	304			UBA1381						order			accepted			Bacteria	Firmicutes_A	Clostridia	UBA1381		
10800596	a97f36e5-ded1-49cc-bdec-ac6170fc7b9c	304			Caldicoprobacterales		Caldicoprobacterales	Caldicoprobacterales			order			accepted			Bacteria	Firmicutes_A	Clostridia	Caldicoprobacterales		
11182107	a97f36e5-ded1-49cc-bdec-ac6170fc7b9c	304			WRCU01						order			accepted			Bacteria	Firmicutes_A	Clostridia	WRCU01		
10797771	a97f36e5-ded1-49cc-bdec-ac6170fc7b9c	304			Christensenellales		Christensenellales	Christensenellales			order			accepted			Bacteria	Firmicutes_A	Clostridia	Christensenellales		
11194392	a97f36e5-ded1-49cc-bdec-ac6170fc7b9c	304			DUPQ01						order			accepted			Bacteria	Firmicutes_A	Clostridia	DUPQ01		
11834531	a97f36e5-ded1-49cc-bdec-ac6170fc7b9c	304			RGIG8785						order			accepted			Bacteria	Firmicutes_A	Clostridia	RGIG8785		
12214161	7ddf754f-d193-4cc9-b351-99906754a03b	12200697			Takakiales		Takakiales	Takakiales			order		Schuster, R. M. (1963). Studies on antipodal Hepaticae I. Annotated keys to the genera of antipodal Hepaticae with special reference to New Zealand and Tasmania. Journal of the Hattori Botanical Laboratory, 26, 185–309. https://www.tropicos.org/reference/100042106	accepted			Plantae	Bryophyta	Takakiopsida	Takakiales		
616	7ddf754f-d193-4cc9-b351-99906754a03b	12190099			Andreaeobryales		Andreaeobryales	Andreaeobryales			order		Murray, B. M. (1988). Systematics of the Andreaeopsida (Bryophyta): two orders with links to Takakia. Beihefte Zur Nova Hedwigia, 90, 289–336. https://www.tropicos.org/reference/9006350	accepted			Plantae	Bryophyta	Andreaeobryopsida	Andreaeobryales		
1331	7ddf754f-d193-4cc9-b351-99906754a03b	326			Andreaeales		Andreaeales	Andreaeales			order		Limpricht, K. G. (1876). Laubmoose. In F. J. Cohn, Kryptogamen-Flora von Schlesien (Vol. 1, Issue 1, pp. 27–224). J. U. Kern. https://www.tropicos.org/reference/9028961	accepted			Plantae	Bryophyta	Andreaeopsida	Andreaeales		
12200464	7ddf754f-d193-4cc9-b351-99906754a03b	12259753			Oedipodiales		Oedipodiales	Oedipodiales			order		Goffinet, B., & Buck, W. R. (2004). Systematics of the Bryophyta (mosses): from molecules to a revised classification. Monographs in Systematic Botany from the Missouri Botanical Garden, 98, 205–239. https://www.tropicos.org/reference/9028085	accepted			Plantae	Bryophyta	Polytrichopsida	Oedipodiales		
620	7ddf754f-d193-4cc9-b351-99906754a03b	12259753			Polytrichales		Polytrichales	Polytrichales			order		Cavers, F. (1911). The inter-relationships of the Bryophyta. VIII. Bryales. New Phytologist, 10(1–2), 26–36. https://www.tropicos.org/reference/100042886	accepted			Plantae	Bryophyta	Polytrichopsida	Polytrichales		
1344	7ddf754f-d193-4cc9-b351-99906754a03b	12259753			Tetraphidales		Tetraphidales	Tetraphidales			order		Cavers, F. (1911). The inter-relationships of the Bryophyta. VIII. Bryales. New Phytologist, 10(1–2), 26–36. https://www.tropicos.org/reference/100042886	accepted			Plantae	Bryophyta	Polytrichopsida	Tetraphidales		
12230036	7ddf754f-d193-4cc9-b351-99906754a03b	327			Disceliales		Disceliales	Disceliales			order		Ignatov, M. S., Fedosov, V. E., Fedorova, A. V., & Ignatova, E. A. (2016). On the systematic position of Discelium (Bryophyta). Arctoa, 25(2), 278–284. https://www.tropicos.org/reference/100025734	accepted			Plantae	Bryophyta	Bryopsida	Disceliales		
12215795	7ddf754f-d193-4cc9-b351-99906754a03b	327			Aulacomniales		Aulacomniales	Aulacomniales			order		Bell, N. E.; Quandt, D.; O’Brien, T. J.; Newton, A. E. (2007). Taxonomy and phylogeny in the earliest diverging pleurocarps: square holes and bifurcating pegs. The Bryologist, 110, 533–560. https://www.tropicos.org/reference/9033253	accepted			Plantae	Bryophyta	Bryopsida	Aulacomniales		
621	7ddf754f-d193-4cc9-b351-99906754a03b	327			Pottiales		Pottiales	Pottiales			order		Fleischer, M. (1920). Natürliches System der Laubmoose. Hedwigia, 61, 390–400. https://www.tropicos.org/reference/9004828	accepted			Plantae	Bryophyta	Bryopsida	Pottiales		
1334	7ddf754f-d193-4cc9-b351-99906754a03b	327			Buxbaumiales		Buxbaumiales	Buxbaumiales			order		Cavers, F. (1911). The inter-relationships of the Bryophyta. VIII. Bryales. New Phytologist, 10(1–2), 26–36. https://www.tropicos.org/reference/100042886	accepted			Plantae	Bryophyta	Bryopsida	Buxbaumiales		
12251705	7ddf754f-d193-4cc9-b351-99906754a03b	327			Gigaspermales		Gigaspermales	Gigaspermales			order		Goffinet, B., Wickett, N. J., Werner, O., Ros, R. M., Shaw, A. J., & Cox, C. J. (2007). Distribution and phylogenetic significance of the 71-kb inversion in the plastid genome in Funariidae (Bryophyta). Annals of Botany (Oxford), n.s., 99, 747–753. https://www.tropicos.org/reference/9033019	accepted			Plantae	Bryophyta	Bryopsida	Gigaspermales		
1332	7ddf754f-d193-4cc9-b351-99906754a03b	327			Archidiales		Archidiales	Archidiales			order		Limpricht, K. G. (1904). In Die Laubmoose Deutschlands, Oesterreichs und der Schweiz. Eduard Kummer. https://www.tropicos.org/reference/9028960	accepted			Plantae	Bryophyta	Bryopsida	Archidiales		
1337	7ddf754f-d193-4cc9-b351-99906754a03b	327			Grimmiales		Grimmiales	Grimmiales			order		Fleischer, M. (1920). Natürliches System der Laubmoose. Hedwigia, 61, 390–400. https://www.tropicos.org/reference/9004828	accepted			Plantae	Bryophyta	Bryopsida	Grimmiales		
12226524	7ddf754f-d193-4cc9-b351-99906754a03b	327			Diphysciales		Diphysciales	Diphysciales			order		Fleischer, M. (1920). Natürliches System der Laubmoose. Hedwigia, 61, 390–400. https://www.tropicos.org/reference/9004828	accepted			Plantae	Bryophyta	Bryopsida	Diphysciales		
12240690	7ddf754f-d193-4cc9-b351-99906754a03b	327			Splachnales		Splachnales	Splachnales			order		Ochyra, R., Żarnowiec, J., & Bednarek-Ochyra, H. (2003). Census catalogue of Polish mosses. Biodiversity of Poland, 3, 1–372. https://www.tropicos.org/reference/9026955	accepted			Plantae	Bryophyta	Bryopsida	Splachnales		
617	7ddf754f-d193-4cc9-b351-99906754a03b	327			Hypnales		Hypnales	Hypnales			order		Buck, W. R., & Vitt, D. H. (1986). Suggestions for a new familial classification of pleurocarpous mosses. Taxon, 35, 21–60. https://www.tropicos.org/reference/9000919	accepted			Plantae	Bryophyta	Bryopsida	Hypnales		
12209536	7ddf754f-d193-4cc9-b351-99906754a03b	327			Hypopterygiales		Hypopterygiales	Hypopterygiales			order		Liu, Y., Johnson, M. G., Cox, C. J., Medina, R., Devos, N., Vanderpoorten, A., Hedenäs, L., Bell, N. E., Shevock, J. R., Aguero, B., Quandt, D., Wickett, N. J., Shaw, A. J., & Goffinet, B. (2019). Resolution of the ordinal phylogeny of mosses using targeted exons from organellar and nuclear genomes. Nature Communications, 10, 1485 [1–11]. https://www.tropicos.org/reference/100033855	accepted			Plantae	Bryophyta	Bryopsida	Hypopterygiales		
1341	7ddf754f-d193-4cc9-b351-99906754a03b	327			Orthotrichales		Orthotrichales	Orthotrichales			order		Dixon, H. N. (1932). Classification of mosses. In F. Verdoorn, Manual of Bryology (pp. 396–412). Martinus Nijhoff. https://www.tropicos.org/reference/9005948	accepted			Plantae	Bryophyta	Bryopsida	Orthotrichales		
12248915	7ddf754f-d193-4cc9-b351-99906754a03b	327			Hypnodendrales		Hypnodendrales	Hypnodendrales			order		Bell, N. E.; Quandt, D.; O’Brien, T. J.; Newton, A. E. (2007). Taxonomy and phylogeny in the earliest diverging pleurocarps: square holes and bifurcating pegs. The Bryologist, 110, 533–560. https://www.tropicos.org/reference/9033253	accepted			Plantae	Bryophyta	Bryopsida	Hypnodendrales		
12237882	7ddf754f-d193-4cc9-b351-99906754a03b	327			Helicophyllales		Helicophyllales	Helicophyllales			order		Stech, M., & Frey, W. (2008). A morpho-molecular classification of the mosses (Bryophyta). Nova Hedwigia, 86, 1–21. https://www.tropicos.org/reference/9034389	accepted			Plantae	Bryophyta	Bryopsida	Helicophyllales		
12261804	7ddf754f-d193-4cc9-b351-99906754a03b	327			Pseudoditrichales		Pseudoditrichales	Pseudoditrichales			order		Fedosov, V. E., Fedorova, A. V., Fedosov, A. E., & Ignatov, M. S. (2016). Phylogenetic inference and peristome evolution in haplolepideous mosses, focusing on Pseudoditrichaceae and Ditrichaceae s. l. Botanical Journal of the Linnean Society, 181(2), 139–155. https://www.tropicos.org/reference/100022973	accepted			Plantae	Bryophyta	Bryopsida	Pseudoditrichales		
1333	7ddf754f-d193-4cc9-b351-99906754a03b	327			Bryales		Bryales	Bryales			order		Limpricht, K. G. (1876). Laubmoose. In F. J. Cohn, Kryptogamen-Flora von Schlesien (Vol. 1, Issue 1, pp. 27–224). J. U. Kern. https://www.tropicos.org/reference/9028961	accepted			Plantae	Bryophyta	Bryopsida	Bryales		
12199839	7ddf754f-d193-4cc9-b351-99906754a03b	327			Orthodontiales		Orthodontiales	Orthodontiales			order		Bell, N. E.; Quandt, D.; O’Brien, T. J.; Newton, A. E. (2007). Taxonomy and phylogeny in the earliest diverging pleurocarps: square holes and bifurcating pegs. The Bryologist, 110, 533–560. https://www.tropicos.org/reference/9033253	accepted			Plantae	Bryophyta	Bryopsida	Orthodontiales		
12240643	7ddf754f-d193-4cc9-b351-99906754a03b	327			Encalyptales		Encalyptales	Encalyptales			order		Dixon, H. N. (1932). Classification of mosses. In F. Verdoorn, Manual of Bryology (pp. 396–412). Martinus Nijhoff. https://www.tropicos.org/reference/9005948	accepted			Plantae	Bryophyta	Bryopsida	Encalyptales		
1338	7ddf754f-d193-4cc9-b351-99906754a03b	327			Funariales		Funariales	Funariales			order		Fleischer, M. (1920). Natürliches System der Laubmoose. Hedwigia, 61, 390–400. https://www.tropicos.org/reference/9004828	accepted			Plantae	Bryophyta	Bryopsida	Funariales		
1339	7ddf754f-d193-4cc9-b351-99906754a03b	327			Hookeriales		Hookeriales	Hookeriales			order		Fleischer, M. (1920). Natürliches System der Laubmoose. Hedwigia, 61, 390–400. https://www.tropicos.org/reference/9004828	accepted			Plantae	Bryophyta	Bryopsida	Hookeriales		
12210182	7ddf754f-d193-4cc9-b351-99906754a03b	327			Hedwigiales		Hedwigiales	Hedwigiales			order		Ochyra, R., Żarnowiec, J., & Bednarek-Ochyra, H. (2003). Census catalogue of Polish mosses. Biodiversity of Poland, 3, 1–372. https://www.tropicos.org/reference/9026955	accepted			Plantae	Bryophyta	Bryopsida	Hedwigiales		
12191514	7ddf754f-d193-4cc9-b351-99906754a03b	327			Timmiales		Timmiales	Timmiales			order		Ochyra, R., Żarnowiec, J., & Bednarek-Ochyra, H. (2003). Census catalogue of Polish mosses. Biodiversity of Poland, 3, 1–372. https://www.tropicos.org/reference/9026955	accepted			Plantae	Bryophyta	Bryopsida	Timmiales		
12239937	7ddf754f-d193-4cc9-b351-99906754a03b	327			Bartramiales		Bartramiales	Bartramiales			order		Menzel, M. (1992). Preliminary checklist of the mosses of Peru (Studies on Peruvian Bryophytes IV). Journal of the Hattori Botanical Laboratory, 71, 175–254. https://www.tropicos.org/reference/9011142	accepted			Plantae	Bryophyta	Bryopsida	Bartramiales		
12237270	7ddf754f-d193-4cc9-b351-99906754a03b	327			Catoscopiales		Catoscopiales	Catoscopiales			order		Ignatov, M. S., & Ignatova, E. A. (2004). Flora mkhov srednei chasti evropeiskoi Rossii. Tom 2. Fontinalaceae---Amblystegiaceae. Moss flora of the Middle European Russia. Volume 2: Fontinalaceae---Amblystegiaceae. Arctoa, 11(Supplement 2), 609–960. https://www.tropicos.org/reference/9027874	accepted			Plantae	Bryophyta	Bryopsida	Catoscopiales		
12183024	7ddf754f-d193-4cc9-b351-99906754a03b	327			Rhizogoniales		Rhizogoniales	Rhizogoniales			order		Goffinet, B., & Buck, W. R. (2004). Systematics of the Bryophyta (mosses): from molecules to a revised classification. Monographs in Systematic Botany from the Missouri Botanical Garden, 98, 205–239. https://www.tropicos.org/reference/9028085	accepted			Plantae	Bryophyta	Bryopsida	Rhizogoniales		
1335	7ddf754f-d193-4cc9-b351-99906754a03b	327			Dicranales		Dicranales	Dicranales			order		Fleischer, M. (1920). Natürliches System der Laubmoose. Hedwigia, 61, 390–400. https://www.tropicos.org/reference/9004828	accepted			Plantae	Bryophyta	Bryopsida	Dicranales		
12213294	7ddf754f-d193-4cc9-b351-99906754a03b	327			Bryoxiphiales		Bryoxiphiales	Bryoxiphiales			order		Löve, Á., & Löve, D. (1953). Studies on Bryoxiphium. The Bryologist, 56, 73–94; 183–203. https://www.tropicos.org/reference/9002421	accepted			Plantae	Bryophyta	Bryopsida	Bryoxiphiales		
12213836	7ddf754f-d193-4cc9-b351-99906754a03b	327			Scouleriales		Scouleriales	Scouleriales			order		Goffinet, B., & Buck, W. R. (2004). Systematics of the Bryophyta (mosses): from molecules to a revised classification. Monographs in Systematic Botany from the Missouri Botanical Garden, 98, 205–239. https://www.tropicos.org/reference/9028085	accepted			Plantae	Bryophyta	Bryopsida	Scouleriales		
12175780	7ddf754f-d193-4cc9-b351-99906754a03b	327			Ptychomniales		Ptychomniales	Ptychomniales			order		Buck, W. R., Cox, C. J., Shaw, A. J., & Goffinet, B. (2005). Ordinal relationships of pleurocarpous mosses, with special emphasis on the Hookeriales. Systematics and Biodiversity, 2(2), 121–145. https://www.tropicos.org/reference/9029269	accepted			Plantae	Bryophyta	Bryopsida	Ptychomniales		
623	7ddf754f-d193-4cc9-b351-99906754a03b	190			Sphagnales		Sphagnales	Sphagnales			order		Limpricht, K. G. (1876). Laubmoose. In F. J. Cohn, Kryptogamen-Flora von Schlesien (Vol. 1, Issue 1, pp. 27–224). J. U. Kern. https://www.tropicos.org/reference/9028961	accepted			Plantae	Bryophyta	Sphagnopsida	Sphagnales		
11599583	a97f36e5-ded1-49cc-bdec-ac6170fc7b9c	10775741			UBA5500						order			accepted			Bacteria	Firmicutes_H	UBA994	UBA5500		
10672772	a97f36e5-ded1-49cc-bdec-ac6170fc7b9c	10775741			PWPR01						order			accepted			Bacteria	Firmicutes_H	UBA994	PWPR01		
11169369	a97f36e5-ded1-49cc-bdec-ac6170fc7b9c	10775741			JAAYKD01						order			accepted			Bacteria	Firmicutes_H	UBA994	JAAYKD01		
7519838	a97f36e5-ded1-49cc-bdec-ac6170fc7b9c	7983515			Synergistales		Synergistales	Synergistales			order			accepted			Bacteria	Synergistota	Synergistia	Synergistales		
11797937	a97f36e5-ded1-49cc-bdec-ac6170fc7b9c	10867960			JAFGXH01						order			accepted			Bacteria	UBP6	UBA1177	JAFGXH01		
1005	7ddf754f-d193-4cc9-b351-99906754a03b	307			Flosculariaceae		Flosculariaceae	Flosculariaceae			order			accepted			Animalia	Rotifera	Eurotatoria	Flosculariaceae		
1235	7ddf754f-d193-4cc9-b351-99906754a03b	307			Ploima		Ploima	Ploima			order			accepted			Animalia	Rotifera	Eurotatoria	Ploima		
1234	7ddf754f-d193-4cc9-b351-99906754a03b	307			Bdelloidea		Bdelloidea	Bdelloidea			order			accepted			Animalia	Rotifera	Eurotatoria	Bdelloidea		
505	7ddf754f-d193-4cc9-b351-99906754a03b	307			Collothecacea		Collothecacea	Collothecacea			order			accepted			Animalia	Rotifera	Eurotatoria	Collothecacea		
1233	7ddf754f-d193-4cc9-b351-99906754a03b	175			Seisonacea		Seisonacea	Seisonacea			order			accepted			Animalia	Rotifera	Pararotatoria	Seisonacea		
10699744	7ddf754f-d193-4cc9-b351-99906754a03b	10847312			Resentoviricetes		Resentoviricetes	Resentoviricetes			class			accepted			Viruses	Duplornaviricota	Resentoviricetes			
10671848	7ddf754f-d193-4cc9-b351-99906754a03b	10847312			Vidaverviricetes		Vidaverviricetes	Vidaverviricetes			class			accepted			Viruses	Duplornaviricota	Vidaverviricetes			
10760826	7ddf754f-d193-4cc9-b351-99906754a03b	10847312			Chrymotiviricetes		Chrymotiviricetes	Chrymotiviricetes			class			accepted			Viruses	Duplornaviricota	Chrymotiviricetes			
10756510	7ddf754f-d193-4cc9-b351-99906754a03b	10867376			Revtraviricetes		Revtraviricetes	Revtraviricetes			class			accepted			Viruses	Artverviricota	Revtraviricetes			
10750132	7ddf754f-d193-4cc9-b351-99906754a03b	10873822			Megaviricetes		Megaviricetes	Megaviricetes			class			accepted			Viruses	Nucleocytoviricota	Megaviricetes			
10781818	7ddf754f-d193-4cc9-b351-99906754a03b	10733632			Repensiviricetes		Repensiviricetes	Repensiviricetes			class			accepted			Viruses	Cressdnaviricota	Repensiviricetes			
10871541	7ddf754f-d193-4cc9-b351-99906754a03b	10873822			Pokkesviricetes		Pokkesviricetes	Pokkesviricetes			class			accepted			Viruses	Nucleocytoviricota	Pokkesviricetes			
10769414	7ddf754f-d193-4cc9-b351-99906754a03b	10733632			Arfiviricetes		Arfiviricetes	Arfiviricetes			class			accepted			Viruses	Cressdnaviricota	Arfiviricetes			
10862820	7ddf754f-d193-4cc9-b351-99906754a03b	10687350			Maveriviricetes		Maveriviricetes	Maveriviricetes			class			accepted			Viruses	Preplasmiviricota	Maveriviricetes			
11430341	7ddf754f-d193-4cc9-b351-99906754a03b	10687350			Polintoviricetes		Polintoviricetes	Polintoviricetes			class			accepted			Viruses	Preplasmiviricota	Polintoviricetes			
10888398	7ddf754f-d193-4cc9-b351-99906754a03b	10687350			Tectiliviricetes		Tectiliviricetes	Tectiliviricetes			class			accepted			Viruses	Preplasmiviricota	Tectiliviricetes			
10705299	7ddf754f-d193-4cc9-b351-99906754a03b	10880850			Laserviricetes		Laserviricetes	Laserviricetes			class			accepted			Viruses	Dividoviricota	Laserviricetes			
10713646	7ddf754f-d193-4cc9-b351-99906754a03b	10801862			Faserviricetes		Faserviricetes	Faserviricetes			class			accepted			Viruses	Hofneiviricota	Faserviricetes			
10857626	7ddf754f-d193-4cc9-b351-99906754a03b	10682108			Huolimaviricetes		Huolimaviricetes	Huolimaviricetes			class			accepted			Viruses	Saleviricota	Huolimaviricetes			
11856567	7ddf754f-d193-4cc9-b351-99906754a03b	10770543			Leviviricetes		Leviviricetes	Leviviricetes			class			accepted			Viruses	Lenarviricota	Leviviricetes			
10853472	7ddf754f-d193-4cc9-b351-99906754a03b	10770543			Howeltoviricetes		Howeltoviricetes	Howeltoviricetes			class			accepted			Viruses	Lenarviricota	Howeltoviricetes			
10684026	7ddf754f-d193-4cc9-b351-99906754a03b	10770543			Amabiliviricetes		Amabiliviricetes	Amabiliviricetes			class			accepted			Viruses	Lenarviricota	Amabiliviricetes			
10888694	7ddf754f-d193-4cc9-b351-99906754a03b	10770543			Miaviricetes		Miaviricetes	Miaviricetes			class			accepted			Viruses	Lenarviricota	Miaviricetes			
10854423	7ddf754f-d193-4cc9-b351-99906754a03b	10753629			Monjiviricetes		Monjiviricetes	Monjiviricetes			class			accepted			Viruses	Negarnaviricota	Monjiviricetes			
10678647	7ddf754f-d193-4cc9-b351-99906754a03b	10753629			Chunqiuviricetes		Chunqiuviricetes	Chunqiuviricetes			class			accepted			Viruses	Negarnaviricota	Chunqiuviricetes			
10761788	7ddf754f-d193-4cc9-b351-99906754a03b	10753629			Milneviricetes		Milneviricetes	Milneviricetes			class			accepted			Viruses	Negarnaviricota	Milneviricetes			
10881520	7ddf754f-d193-4cc9-b351-99906754a03b	10753629			Yunchangviricetes		Yunchangviricetes	Yunchangviricetes			class			accepted			Viruses	Negarnaviricota	Yunchangviricetes			
10863890	7ddf754f-d193-4cc9-b351-99906754a03b	10753629			Insthoviricetes		Insthoviricetes	Insthoviricetes			class			accepted			Viruses	Negarnaviricota	Insthoviricetes			
10869995	7ddf754f-d193-4cc9-b351-99906754a03b	10753629			Ellioviricetes		Ellioviricetes	Ellioviricetes			class			accepted			Viruses	Negarnaviricota	Ellioviricetes			
10794457	7ddf754f-d193-4cc9-b351-99906754a03b	10721150			Caudoviricetes		Caudoviricetes	Caudoviricetes			class			accepted			Viruses	Uroviricota	Caudoviricetes			
10776839	7ddf754f-d193-4cc9-b351-99906754a03b	10738531			Quintoviricetes		Quintoviricetes	Quintoviricetes			class			accepted			Viruses	Cossaviricota	Quintoviricetes			
10685657	7ddf754f-d193-4cc9-b351-99906754a03b	10738531			Mouviricetes		Mouviricetes	Mouviricetes			class			accepted			Viruses	Cossaviricota	Mouviricetes			
10695749	7ddf754f-d193-4cc9-b351-99906754a03b	10738531			Papovaviricetes		Papovaviricetes	Papovaviricetes			class			accepted			Viruses	Cossaviricota	Papovaviricetes			
10868775	7ddf754f-d193-4cc9-b351-99906754a03b	10755147			Malgrandaviricetes		Malgrandaviricetes	Malgrandaviricetes			class			accepted			Viruses	Phixviricota	Malgrandaviricetes			
10833896	7ddf754f-d193-4cc9-b351-99906754a03b	10790111			Herviviricetes		Herviviricetes	Herviviricetes			class			accepted			Viruses	Peploviricota	Herviviricetes			
10766403	7ddf754f-d193-4cc9-b351-99906754a03b	10864450			Alsuviricetes		Alsuviricetes	Alsuviricetes			class			accepted			Viruses	Kitrinoviricota	Alsuviricetes			
10759460	7ddf754f-d193-4cc9-b351-99906754a03b	10864450			Tolucaviricetes		Tolucaviricetes	Tolucaviricetes			class			accepted			Viruses	Kitrinoviricota	Tolucaviricetes			
10725714	7ddf754f-d193-4cc9-b351-99906754a03b	10864450			Flasuviricetes		Flasuviricetes	Flasuviricetes			class			accepted			Viruses	Kitrinoviricota	Flasuviricetes			
10783026	7ddf754f-d193-4cc9-b351-99906754a03b	10864450			Magsaviricetes		Magsaviricetes	Magsaviricetes			class			accepted			Viruses	Kitrinoviricota	Magsaviricetes			
10727949	7ddf754f-d193-4cc9-b351-99906754a03b	10895884			Duplopiviricetes		Duplopiviricetes	Duplopiviricetes			class			accepted			Viruses	Pisuviricota	Duplopiviricetes			
10676685	7ddf754f-d193-4cc9-b351-99906754a03b	10895884			Stelpaviricetes		Stelpaviricetes	Stelpaviricetes			class			accepted			Viruses	Pisuviricota	Stelpaviricetes			
10778666	7ddf754f-d193-4cc9-b351-99906754a03b	10895884			Pisoniviricetes		Pisoniviricetes	Pisoniviricetes			class			accepted			Viruses	Pisuviricota	Pisoniviricetes			
11202034	7ddf754f-d193-4cc9-b351-99906754a03b	11117838			Arhynchonemertea		Arhynchonemertea	Arhynchonemertea			order		Chernyshev, A. V. (1995). O vyssikh taksonakh nemertin s obzorom sistemy podklassa Anopla [On the higher taxa of the phylum Nemertea with the taxonomic review of the subclass Anopla]. Zoologicheskii Zhurnal, 74(1): 7–18. https://www.marinespecies.org/nemertea/aphia.php?p=sourcedetails&id=338248	accepted			Animalia	Nemertea	Arhynchocoela	Arhynchonemertea		
10494416	7ddf754f-d193-4cc9-b351-99906754a03b	9981053			Heteronemertea		Heteronemertea	Heteronemertea			order			accepted			Animalia	Nemertea	Pilidiophora	Heteronemertea		
11217809	7ddf754f-d193-4cc9-b351-99906754a03b	7194193			Archinemertea		Archinemertea	Archinemertea			order			accepted			Animalia	Nemertea	Palaeonemertea	Archinemertea		
5967464	7ddf754f-d193-4cc9-b351-99906754a03b	10482560			Polystilifera		Polystilifera	Polystilifera			order		Brinkmann, A. (1917). Pelagic nemerteans from the ‘Michael Sars’ North Atlantic deep-sea expedition 1910. Bergens Museums Skrifter, Ny Raekke; Report on the Scientific Results of the “Michael Sars” North Atlantic Deep Sea Expedition, 1910, 3(1): 1–18. https://www.marinespecies.org/nemertea/aphia.php?p=sourcedetails&id=338158	accepted			Animalia	Nemertea	Hoplonemertea	Polystilifera		
5967468	7ddf754f-d193-4cc9-b351-99906754a03b	10482560			Monostilifera		Monostilifera	Monostilifera			order		Brinkmann, A. (1917). Pelagic nemerteans from the ‘Michael Sars’ North Atlantic deep-sea expedition 1910. Bergens Museums Skrifter, Ny Raekke; Report on the Scientific Results of the “Michael Sars” North Atlantic Deep Sea Expedition, 1910, 3(1): 1–18. https://www.marinespecies.org/nemertea/aphia.php?p=sourcedetails&id=338158	accepted			Animalia	Nemertea	Hoplonemertea	Monostilifera		
10761824	a97f36e5-ded1-49cc-bdec-ac6170fc7b9c	10828887			UBA9615						order			accepted			Bacteria	Myxococcota_A	UBA796	UBA9615		
10849460	a97f36e5-ded1-49cc-bdec-ac6170fc7b9c	10890889			UBA817						order			accepted			Bacteria	Margulisbacteria	Marinamargulisbacteria	UBA817		
11114898	a97f36e5-ded1-49cc-bdec-ac6170fc7b9c	10890889			DT-59						order			accepted			Bacteria	Margulisbacteria	Marinamargulisbacteria	DT-59		
10841495	a97f36e5-ded1-49cc-bdec-ac6170fc7b9c	10890889			SXXA01						order			accepted			Bacteria	Margulisbacteria	Marinamargulisbacteria	SXXA01		
10732987	a97f36e5-ded1-49cc-bdec-ac6170fc7b9c	10890889			UBA6595						order			accepted			Bacteria	Margulisbacteria	Marinamargulisbacteria	UBA6595		
11719737	a97f36e5-ded1-49cc-bdec-ac6170fc7b9c	10890889			JABIPA01						order			accepted			Bacteria	Margulisbacteria	Marinamargulisbacteria	JABIPA01		
11522607	a97f36e5-ded1-49cc-bdec-ac6170fc7b9c	10890889			JABGVJ01						order			accepted			Bacteria	Margulisbacteria	Marinamargulisbacteria	JABGVJ01		
10867097	a97f36e5-ded1-49cc-bdec-ac6170fc7b9c	10756827			Termititenacales		Termititenacales	Termititenacales			order			accepted			Bacteria	Margulisbacteria	Termititenacia	Termititenacales		
10705542	a97f36e5-ded1-49cc-bdec-ac6170fc7b9c	10701430			GWF2-35-9						order			accepted			Bacteria	Margulisbacteria	Riflemargulisbacteria	GWF2-35-9		
10814040	a97f36e5-ded1-49cc-bdec-ac6170fc7b9c	10701430			GWF2-39-127						order			accepted			Bacteria	Margulisbacteria	Riflemargulisbacteria	GWF2-39-127		
10842454	a97f36e5-ded1-49cc-bdec-ac6170fc7b9c	10698682			Calditrichales		Calditrichales	Calditrichales			order			accepted			Bacteria	Calditrichota	Calditrichia	Calditrichales		
533	7ddf754f-d193-4cc9-b351-99906754a03b	156			Diversisporales		Diversisporales	Diversisporales			order			accepted			Fungi	Glomeromycota	Glomeromycetes	Diversisporales		
12260499	7ddf754f-d193-4cc9-b351-99906754a03b	156			Entrophosporales		Entrophosporales	Entrophosporales			order			accepted			Fungi	Glomeromycota	Glomeromycetes	Entrophosporales		
1148	7ddf754f-d193-4cc9-b351-99906754a03b	156			Glomerales		Glomerales	Glomerales			order			accepted			Fungi	Glomeromycota	Glomeromycetes	Glomerales		
1149	7ddf754f-d193-4cc9-b351-99906754a03b	156			Archaeosporales		Archaeosporales	Archaeosporales			order			accepted			Fungi	Glomeromycota	Glomeromycetes	Archaeosporales		
1147	7ddf754f-d193-4cc9-b351-99906754a03b	156			Paraglomerales		Paraglomerales	Paraglomerales			order			accepted			Fungi	Glomeromycota	Glomeromycetes	Paraglomerales		
7805432	7ddf754f-d193-4cc9-b351-99906754a03b	7405139			Chytridiopsida		Chytridiopsida	Chytridiopsida			order			accepted			Protozoa	Microsporidia	Microsporea	Chytridiopsida		
7623801	7ddf754f-d193-4cc9-b351-99906754a03b	7405139			Dissociodihaplophasida		Dissociodihaplophasida	Dissociodihaplophasida			order			accepted			Protozoa	Microsporidia	Microsporea	Dissociodihaplophasida		
8382583	7ddf754f-d193-4cc9-b351-99906754a03b	7405139			Glugeida		Glugeida	Glugeida			order			accepted			Protozoa	Microsporidia	Microsporea	Glugeida		
8156337	7ddf754f-d193-4cc9-b351-99906754a03b	7405139			Meiodihaplophasida		Meiodihaplophasida	Meiodihaplophasida			order			accepted			Protozoa	Microsporidia	Microsporea	Meiodihaplophasida		
8006599	7ddf754f-d193-4cc9-b351-99906754a03b	8002566			Metchnikovellida		Metchnikovellida	Metchnikovellida			order			accepted			Protozoa	Microsporidia	Rudimicrosporea	Metchnikovellida		
9327296	7ddf754f-d193-4cc9-b351-99906754a03b	9273948			Olenellida		Olenellida	Olenellida			order			accepted			Animalia	Arthropoda	Trilobita	Olenellida		
9329635	7ddf754f-d193-4cc9-b351-99906754a03b	9273948			Lichida		Lichida	Lichida			order			accepted			Animalia	Arthropoda	Trilobita	Lichida		
9513947	7ddf754f-d193-4cc9-b351-99906754a03b	9273948			Phacopida		Phacopida	Phacopida			order			accepted			Animalia	Arthropoda	Trilobita	Phacopida		
9556384	7ddf754f-d193-4cc9-b351-99906754a03b	9273948			Corynexochida		Corynexochida	Corynexochida			order			accepted			Animalia	Arthropoda	Trilobita	Corynexochida		
9583276	7ddf754f-d193-4cc9-b351-99906754a03b	9273948			Ptychopariida		Ptychopariida	Ptychopariida			order			accepted			Animalia	Arthropoda	Trilobita	Ptychopariida		
9538015	7ddf754f-d193-4cc9-b351-99906754a03b	9273948			Agnostida		Agnostida	Agnostida			order			accepted			Animalia	Arthropoda	Trilobita	Agnostida		
9562693	7ddf754f-d193-4cc9-b351-99906754a03b	9273948			Proparia		Proparia	Proparia			order			accepted			Animalia	Arthropoda	Trilobita	Proparia		
9573072	7ddf754f-d193-4cc9-b351-99906754a03b	9273948			Asaphida		Asaphida	Asaphida			order			accepted			Animalia	Arthropoda	Trilobita	Asaphida		
9804531	7ddf754f-d193-4cc9-b351-99906754a03b	9273948			Harpetida		Harpetida	Harpetida			order			accepted			Animalia	Arthropoda	Trilobita	Harpetida		
9442527	7ddf754f-d193-4cc9-b351-99906754a03b	9273948			Proetida		Proetida	Proetida			order			accepted			Animalia	Arthropoda	Trilobita	Proetida		
9791016	7ddf754f-d193-4cc9-b351-99906754a03b	9273948			Aulacopleurida		Aulacopleurida	Aulacopleurida			order			accepted			Animalia	Arthropoda	Trilobita	Aulacopleurida		
9590575	7ddf754f-d193-4cc9-b351-99906754a03b	9273948			Redlichiida		Redlichiida	Redlichiida			order			accepted			Animalia	Arthropoda	Trilobita	Redlichiida		
9281515	7ddf754f-d193-4cc9-b351-99906754a03b	9273948			Odontopleurida		Odontopleurida	Odontopleurida			order			accepted			Animalia	Arthropoda	Trilobita	Odontopleurida		
10730025	7ddf754f-d193-4cc9-b351-99906754a03b	10713444			Symphypleona		Symphypleona	Symphypleona			order			accepted			Animalia	Arthropoda	Collembola	Symphypleona		
10724469	7ddf754f-d193-4cc9-b351-99906754a03b	10713444			Neelipleona		Neelipleona	Neelipleona			order			accepted			Animalia	Arthropoda	Collembola	Neelipleona		
11776269	7ddf754f-d193-4cc9-b351-99906754a03b	10713444			Entomobryomorpha		Entomobryomorpha	Entomobryomorpha			order			accepted			Animalia	Arthropoda	Collembola	Entomobryomorpha		
10802062	7ddf754f-d193-4cc9-b351-99906754a03b	10713444			Poduromorpha		Poduromorpha	Poduromorpha			order			accepted			Animalia	Arthropoda	Collembola	Poduromorpha		
9430116	7ddf754f-d193-4cc9-b351-99906754a03b	354			Nectopantopoda		Nectopantopoda	Nectopantopoda			order			accepted			Animalia	Arthropoda	Pycnogonida	Nectopantopoda		
687	7ddf754f-d193-4cc9-b351-99906754a03b	11545536			Cyclopoida		Cyclopoida	Cyclopoida			order		Burmeister, H. (1834). Beiträge zur Naturgeschichte der Rankenfüsser (Cirripedia). G.Reimer: Berlin, 60 pp. https://www.marinespecies.org/copepoda/aphia.php?p=sourcedetails&id=225510	accepted			Animalia	Arthropoda	Copepoda	Cyclopoida		
1417	7ddf754f-d193-4cc9-b351-99906754a03b	11545536			Platycopioida		Platycopioida	Platycopioida			order		Fosshagen, A. & T.M. Iliffe. (1985). Two new genera of Calanoida and a new order of Copepoda, Platycopioida, from marine caves on Bermuda. Sarsia, 70(4): 345–358, figs. 1–8. https://www.marinespecies.org/copepoda/aphia.php?p=sourcedetails&id=83447	accepted			Animalia	Arthropoda	Copepoda	Platycopioida		
9477065	7ddf754f-d193-4cc9-b351-99906754a03b	354			Pantopoda		Pantopoda	Pantopoda			order			accepted			Animalia	Arthropoda	Pycnogonida	Pantopoda		
695	7ddf754f-d193-4cc9-b351-99906754a03b	11545536			Mormonilloida		Mormonilloida	Mormonilloida			order		Boxshall, G. A. (1979). The planktonic copepods of the northeastern Atlantic Ocean : Harpacticoida, Siphonostomatoida and Mormonilloida. Bulletin of the British Museum (Natural History), Zoology, 35(3):201–264. https://www.marinespecies.org/copepoda/aphia.php?p=sourcedetails&id=964	accepted			Animalia	Arthropoda	Copepoda	Mormonilloida		
1428	7ddf754f-d193-4cc9-b351-99906754a03b	11545536			Siphonostomatoida		Siphonostomatoida	Siphonostomatoida			order		Burmeister, H. (1835). Beschreibung einiger neuen oder weniger bekannten Schmarotzerkrebse, nebst allgemeinen Betrachtungen über die Gruppe, welcher sie angehören. Nova Acta Physico-Medica Academiae Caesareae Leopoldino-Carolinae Naturae Curiosorum (Acta Der Kaiserlichen Leopoldinisch-Carolinischen Deutschen Akademie Der Naturforscher), Halle, 17(1):269–336, pls. 23, 24, 24a, 25.(for 1833). https://www.marinespecies.org/copepoda/aphia.php?p=sourcedetails&id=80032	accepted			Animalia	Arthropoda	Copepoda	Siphonostomatoida		
9445058	7ddf754f-d193-4cc9-b351-99906754a03b	11545536			Gelyelloida		Gelyelloida	Gelyelloida			order		Huys, R. (1988). Gelyelloida, a new order of stygobiont copepods from European karstic systems. In: Boxshall, G.A. & H.K. Schminke (eds.). Biology of Copepods. Proceedings of the Third International Conference on Copepoda. Developments in Hydrobiolology 47, Kluwer Academic Publishers, Dordrecht, Hydrobiologia, 47(167/168):485–495. https://doi.org/10.1007/978-94-009-3103-9_55	accepted			Animalia	Arthropoda	Copepoda	Gelyelloida		
9409458	7ddf754f-d193-4cc9-b351-99906754a03b	354			Palaeopantopoda		Palaeopantopoda	Palaeopantopoda			order			accepted			Animalia	Arthropoda	Pycnogonida	Palaeopantopoda		
693	7ddf754f-d193-4cc9-b351-99906754a03b	11545536			Misophrioida		Misophrioida	Misophrioida			order		Gurney, R. (1933). British Fresh-water Copepoda. III. The classification of the Cyclopoida and the parasitic forms derived from them. Ray Society, London, 384pp., figs. 1196–2061. https://www.marinespecies.org/copepoda/aphia.php?p=sourcedetails&id=90347	accepted			Animalia	Arthropoda	Copepoda	Misophrioida		
9475597	7ddf754f-d193-4cc9-b351-99906754a03b	354			Palaeoisopoda		Palaeoisopoda	Palaeoisopoda			order			accepted			Animalia	Arthropoda	Pycnogonida	Palaeoisopoda		
1415	7ddf754f-d193-4cc9-b351-99906754a03b	11545536			Harpacticoida		Harpacticoida	Harpacticoida			order		Sars, G. O. (1903). Copepoda Harpacticoida. Parts I & II, Misophriidae, Longipediidae, Cerviniidae, Ectinosomidae (part). An Account of the Crustacea of Norway, with Short Descriptions and Figures of All the Species. Bergen Museum., 5:1–28, pls. 1–16. https://www.marinespecies.org/copepoda/aphia.php?p=sourcedetails&id=525	accepted			Animalia	Arthropoda	Copepoda	Harpacticoida		
11443919	7ddf754f-d193-4cc9-b351-99906754a03b	11545536			Polyarthra		Polyarthra	Polyarthra			order		Lang, K. (1944). Monographie der Harpacticiden (Vorlaufige Mitteilung). Almqvist & Wiksells Boktryckeri Ab, Uppsala 39pp. (19–ii–1944). https://www.marinespecies.org/copepoda/aphia.php?p=sourcedetails&id=429	accepted			Animalia	Arthropoda	Copepoda	Polyarthra		
694	7ddf754f-d193-4cc9-b351-99906754a03b	11545536			Monstrilloida		Monstrilloida	Monstrilloida			order		Sars, G. O. (1901). Copepoda Calanoida, Parts I & II. Calanidae, Eucalanidae, Paracalanidae , Pseudocalanidae, Aetideidae (part). An Account of the Crustacea of Norway, with Short Descriptions and Figures of All the Species. Bergen Museum, 4:1–26, pls. 1–16. https://www.marinespecies.org/copepoda/aphia.php?p=sourcedetails&id=108491	accepted			Animalia	Arthropoda	Copepoda	Monstrilloida		
679	7ddf754f-d193-4cc9-b351-99906754a03b	11545536			Calanoida		Calanoida	Calanoida			order		Sars, G. O. (1903). An account of the Crustacea of Norway, with short descriptions and figures of all the species: IV. Copepoda Calanoida. Bergens Museum: Bergen. 171, Plates I-CII & suppl. I-VI pp. https://www.marinespecies.org/copepoda/aphia.php?p=sourcedetails&id=108502	accepted			Animalia	Arthropoda	Copepoda	Calanoida		
1022	7ddf754f-d193-4cc9-b351-99906754a03b	361			Polyzoniida		Polyzoniida	Polyzoniida			order		Cook, O. F., & Collins, G. N. (1895). The Craspedosomatidae of North America. Annals of the New York Academy of Sciences, 9: 1–100. New York. https://www.millibase.org/aphia.php?p=sourcedetails&id=241054	accepted			Animalia	Arthropoda	Diplopoda	Polyzoniida		
1248	7ddf754f-d193-4cc9-b351-99906754a03b	361			Siphonophorida		Siphonophorida	Siphonophorida			order		Newport, G. (1844). [Untitled]. Proceedings of the Linnean Society of London, 1: 191–196. https://www.millibase.org/aphia.php?p=sourcedetails&id=253605	accepted			Animalia	Arthropoda	Diplopoda	Siphonophorida		
1019	7ddf754f-d193-4cc9-b351-99906754a03b	361			Julida		Julida	Julida			order		Brandt, J. F. (1833). Tentaminum quorundam monographicorum Insecta Myriapoda Chilognathi Latreillii spectantium prodromus. Bulletin De La Societé Impériale Des Naturalistes De Moscou, 6: 194–209. Moscow. https://www.millibase.org/aphia.php?p=sourcedetails&id=244845	accepted			Animalia	Arthropoda	Diplopoda	Julida		
818	7ddf754f-d193-4cc9-b351-99906754a03b	361			Spirostreptida		Spirostreptida	Spirostreptida			order		Brandt, J. F. (1833). Tentaminum quorundam monographicorum Insecta Myriapoda Chilognathi Latreillii spectantium prodromus. Bulletin De La Societé Impériale Des Naturalistes De Moscou, 6: 194–209. Moscow. https://www.millibase.org/aphia.php?p=sourcedetails&id=244845	accepted			Animalia	Arthropoda	Diplopoda	Spirostreptida		
1246	7ddf754f-d193-4cc9-b351-99906754a03b	361			Glomeridesmida		Glomeridesmida	Glomeridesmida			order		Latzel, R. (1884). Die Myriopoden der Österreichisch-ungarischen Monarchie. Zweite Hälfte. Die Symphylen, Pauropoden und Diplopoden. 1–414. Wien. https://www.millibase.org/aphia.php?p=sourcedetails&id=242378	accepted			Animalia	Arthropoda	Diplopoda	Glomeridesmida		
1024	7ddf754f-d193-4cc9-b351-99906754a03b	361			Siphonocryptida		Siphonocryptida	Siphonocryptida			order		Pocock, R. I. (1894). Chilopoda, Symphyla and Diplopoda from the Malay Archipelago. In: Weber, M.: Zoologische Ergebnisse Einer Reise in Niederländisch Ost-Indien, Band 3, 307–404. Leiden. https://www.millibase.org/aphia.php?p=sourcedetails&id=242863	accepted			Animalia	Arthropoda	Diplopoda	Siphonocryptida		
1023	7ddf754f-d193-4cc9-b351-99906754a03b	361			Siphoniulida		Siphoniulida	Siphoniulida			order		Pocock, R. I. (1894). Chilopoda, Symphyla and Diplopoda from the Malay Archipelago. In: Weber, M.: Zoologische Ergebnisse Einer Reise in Niederländisch Ost-Indien, Band 3, 307–404. Leiden. https://www.millibase.org/aphia.php?p=sourcedetails&id=242863	accepted			Animalia	Arthropoda	Diplopoda	Siphoniulida		
501	7ddf754f-d193-4cc9-b351-99906754a03b	361			Callipodida		Callipodida	Callipodida			order		Pocock, R. I. (1894). Contributions to our Knowledge of the Arthropod Fauna of the West Indies. Part III. Diplopoda and Malacopoda, with a Supplement on the Arachnida of the Class Pedipalpi. Journal of the Linnean Society of London, 24 (157): 473–519, pl. 37–40. https://www.millibase.org/aphia.php?p=sourcedetails&id=250432	accepted			Animalia	Arthropoda	Diplopoda	Callipodida		
1017	7ddf754f-d193-4cc9-b351-99906754a03b	361			Chordeumatida		Chordeumatida	Chordeumatida			order		Pocock, R. I. (1894). Chilopoda, Symphyla and Diplopoda from the Malay Archipelago. In: Weber, M.: Zoologische Ergebnisse Einer Reise in Niederländisch Ost-Indien, Band 3, 307–404. Leiden. https://www.millibase.org/aphia.php?p=sourcedetails&id=242863	accepted			Animalia	Arthropoda	Diplopoda	Chordeumatida		
1466	7ddf754f-d193-4cc9-b351-99906754a03b	361			Spirobolida		Spirobolida	Spirobolida			order		Cook, O. F., & Collins, G. N. (1895). The Craspedosomatidae of North America. Annals of the New York Academy of Sciences, 9: 1–100. New York. https://www.millibase.org/aphia.php?p=sourcedetails&id=241054	accepted			Animalia	Arthropoda	Diplopoda	Spirobolida		
1018	7ddf754f-d193-4cc9-b351-99906754a03b	361			Glomerida		Glomerida	Glomerida			order		Brandt, J. F. (1833). Tentaminum quorundam monographicorum Insecta Myriapoda Chilognathi Latreillii spectantium prodromus. Bulletin De La Societé Impériale Des Naturalistes De Moscou, 6: 194–209. Moscow. https://www.millibase.org/aphia.php?p=sourcedetails&id=244845	accepted			Animalia	Arthropoda	Diplopoda	Glomerida		
1021	7ddf754f-d193-4cc9-b351-99906754a03b	361			Polyxenida		Polyxenida	Polyxenida			order			accepted			Animalia	Arthropoda	Diplopoda	Polyxenida		
493	7ddf754f-d193-4cc9-b351-99906754a03b	361			Stemmiulida		Stemmiulida	Stemmiulida			order			accepted			Animalia	Arthropoda	Diplopoda	Stemmiulida		
1020	7ddf754f-d193-4cc9-b351-99906754a03b	361			Platydesmida		Platydesmida	Platydesmida			order		Saussure, & de, H. L. F. (1860). Essai d’une faune des Myriapodes du Mexique avec la description de quelques espèces des autres parties de l’Amérique. Mémoires De La Société De Physiques Et d’Histoire Naturelle De Genève, 15(2): 135 pages, starts page 259, page numbering uncertain. https://www.millibase.org/aphia.php?p=sourcedetails&id=244595	accepted			Animalia	Arthropoda	Diplopoda	Platydesmida		
1249	7ddf754f-d193-4cc9-b351-99906754a03b	361			Sphaerotheriida		Sphaerotheriida	Sphaerotheriida			order		Brandt, J. F. (1833). Tentaminum quorundam monographicorum Insecta Myriapoda Chilognathi Latreillii spectantium prodromus. Bulletin De La Societé Impériale Des Naturalistes De Moscou, 6: 194–209. Moscow. https://www.millibase.org/aphia.php?p=sourcedetails&id=244845	accepted			Animalia	Arthropoda	Diplopoda	Sphaerotheriida		
9751079	7ddf754f-d193-4cc9-b351-99906754a03b	361			Zosterogrammida		Zosterogrammida	Zosterogrammida			order		Wilson, H. M. (2005). Zosterogrammida, a new order of millipedes from the Middle Silurian of Scotland and the Upper Carboniferous of Euramerica. Palaeontology, 48(5): 1101–1110. https://doi.org/10.1111/j.1475-4983.2005.00498.x	accepted			Animalia	Arthropoda	Diplopoda	Zosterogrammida		
1247	7ddf754f-d193-4cc9-b351-99906754a03b	361			Polydesmida		Polydesmida	Polydesmida			order			accepted			Animalia	Arthropoda	Diplopoda	Polydesmida		
809	daacce49-b206-469b-8dc2-2257719f3afa	216			Hemiptera		Hemiptera	Hemiptera			order			accepted			Animalia	Arthropoda	Insecta	Hemiptera		
1187	7ddf754f-d193-4cc9-b351-99906754a03b	216			Archaeognatha		Archaeognatha	Archaeognatha			order			accepted			Animalia	Arthropoda	Insecta	Archaeognatha		
1228	7ddf754f-d193-4cc9-b351-99906754a03b	216			Thysanoptera		Thysanoptera	Thysanoptera			order			accepted			Animalia	Arthropoda	Insecta	Thysanoptera		
7612838	7ddf754f-d193-4cc9-b351-99906754a03b	216			Psocodea		Psocodea	Psocodea			order		Novak, G.B. (1890) Secondo cenno sulla fauna dell’isola di Lesina in Dalmazia. Orthoptera II. Glasnik Hrvatskog Prirodoslovnog Drustva, Zagreb, 5.	accepted			Animalia	Arthropoda	Insecta	Psocodea		
1227	7ddf754f-d193-4cc9-b351-99906754a03b	216			Strepsiptera		Strepsiptera	Strepsiptera			order		Kirby, W. (1813). VI. Strepsiptera, a new order of insects proposed: and the characters of the order, with those of its genera laid down. Transactions of the Linnean Society of London, 11: 86–123. https://strepsiptera.aphia.org/aphia.php?p=sourcedetails&id=400044	accepted			Animalia	Arthropoda	Insecta	Strepsiptera		
789	7ddf754f-d193-4cc9-b351-99906754a03b	216			Odonata		Odonata	Odonata			order			accepted			Animalia	Arthropoda	Insecta	Odonata		
786	7ddf754f-d193-4cc9-b351-99906754a03b	216			Raphidioptera		Raphidioptera	Raphidioptera			order			accepted			Animalia	Arthropoda	Insecta	Raphidioptera		
585	7ddf754f-d193-4cc9-b351-99906754a03b	216			Grylloblattodea		Grylloblattodea	Grylloblattodea			order		Handlirsch, A. (1906) Die Fossilen Insecten und die Phylogenie der rezenten Formen: Ein Handbuch fur Palaontologen und Zoologen. Available from http://books.google.com/books?hl=en&lr=&id=XLwyAQAAMAAJ&oi=fnd&pg=PR6&dq=Die+fossilen+Insekten+und+die+Phylogenie+der+rezenten+Formen&ots=YPyLiWu1yY&sig=1KAWvqApL8azp9mrHEKcqKzSL1M#v=onepage&q=Chaulioditidae&f=false	accepted			Animalia	Arthropoda	Insecta	Grylloblattodea		
1000	7ddf754f-d193-4cc9-b351-99906754a03b	216			Mecoptera		Mecoptera	Mecoptera			order			accepted			Animalia	Arthropoda	Insecta	Mecoptera		
9800683	7ddf754f-d193-4cc9-b351-99906754a03b	216			Protocoleoptera		Protocoleoptera	Protocoleoptera			order			accepted			Animalia	Arthropoda	Insecta	Protocoleoptera		
9715801	7ddf754f-d193-4cc9-b351-99906754a03b	216			Caloneurodea		Caloneurodea	Caloneurodea			order			accepted			Animalia	Arthropoda	Insecta	Caloneurodea		
1451	7ddf754f-d193-4cc9-b351-99906754a03b	216			Megaloptera		Megaloptera	Megaloptera			order			accepted			Animalia	Arthropoda	Insecta	Megaloptera		
9735645	7ddf754f-d193-4cc9-b351-99906754a03b	216			Hypoperlida		Hypoperlida	Hypoperlida			order			accepted			Animalia	Arthropoda	Insecta	Hypoperlida		
9713210	7ddf754f-d193-4cc9-b351-99906754a03b	216			Palaeodictyoptera		Palaeodictyoptera	Palaeodictyoptera			order			accepted			Animalia	Arthropoda	Insecta	Palaeodictyoptera		
9709049	7ddf754f-d193-4cc9-b351-99906754a03b	216			Paoliida		Paoliida	Paoliida			order			accepted			Animalia	Arthropoda	Insecta	Paoliida		
1004	7ddf754f-d193-4cc9-b351-99906754a03b	216			Zygentoma		Zygentoma	Zygentoma			order			accepted			Animalia	Arthropoda	Insecta	Zygentoma		
1458	7ddf754f-d193-4cc9-b351-99906754a03b	216			Orthoptera		Orthoptera	Orthoptera			order		Latreille, P.A. (1810) In Considérations générales sur l'ordre naturel des animaux composant les classes des Crustacés, des Arachnides, et des Insectes; avec un tableau méthodique de leurs genres, disposés en familles. Chez F. Schoell, rue des Fosses S.G.l'Auxerrois, Paris. 1–444 pp. Available from http://www.biodiversitylibrary.org/item/47766#page/11/mode/1up	accepted			Animalia	Arthropoda	Insecta	Orthoptera		
800	7ddf754f-d193-4cc9-b351-99906754a03b	216			Blattodea		Blattodea	Blattodea			order			accepted			Animalia	Arthropoda	Insecta	Blattodea		
9714023	7ddf754f-d193-4cc9-b351-99906754a03b	216			Meganisoptera		Meganisoptera	Meganisoptera			order			accepted			Animalia	Arthropoda	Insecta	Meganisoptera		
9810633	7ddf754f-d193-4cc9-b351-99906754a03b	216			Eoblattida		Eoblattida	Eoblattida			order			accepted			Animalia	Arthropoda	Insecta	Eoblattida		
1457	daacce49-b206-469b-8dc2-2257719f3afa	216			Hymenoptera		Hymenoptera	Hymenoptera			order			accepted			Animalia	Arthropoda	Insecta	Hymenoptera		
1003	7ddf754f-d193-4cc9-b351-99906754a03b	216			Trichoptera		Trichoptera	Trichoptera			order			accepted			Animalia	Arthropoda	Insecta	Trichoptera		
1224	7ddf754f-d193-4cc9-b351-99906754a03b	216			Dermaptera		Dermaptera	Dermaptera			order		de Geer, C. (1773) Mémoires pour servir à l''Histoire des Insectes I. Orthoptères vol. 3. 696 pp. Available from http://www.biodiversitylibrary.org/bibliography/14802	accepted			Animalia	Arthropoda	Insecta	Dermaptera		
797	daacce49-b206-469b-8dc2-2257719f3afa	216			Lepidoptera		Lepidoptera	Lepidoptera			order		Linnaeus, C. Systema naturae per regna tria naturae: secundum classes, ordines, genera, species, cum characteribus, differentiis, synonymis, locis. 1-824 (1758).	accepted			Animalia	Arthropoda	Insecta	Lepidoptera		
811	daacce49-b206-469b-8dc2-2257719f3afa	216			Diptera		Diptera	Diptera			order			accepted			Animalia	Arthropoda	Insecta	Diptera		
1470	daacce49-b206-469b-8dc2-2257719f3afa	216			Coleoptera		Coleoptera	Coleoptera			order			accepted			Animalia	Arthropoda	Insecta	Coleoptera		
9801641	7ddf754f-d193-4cc9-b351-99906754a03b	216			Titanoptera		Titanoptera	Titanoptera			order			accepted			Animalia	Arthropoda	Insecta	Titanoptera		
1501	7ddf754f-d193-4cc9-b351-99906754a03b	216			Neuroptera		Neuroptera	Neuroptera			order			accepted			Animalia	Arthropoda	Insecta	Neuroptera		
1225	7ddf754f-d193-4cc9-b351-99906754a03b	216			Ephemeroptera		Ephemeroptera	Ephemeroptera			order			accepted			Animalia	Arthropoda	Insecta	Ephemeroptera		
9511639	7ddf754f-d193-4cc9-b351-99906754a03b	216			Glosselytrodea		Glosselytrodea	Glosselytrodea			order			accepted			Animalia	Arthropoda	Insecta	Glosselytrodea		
9740118	7ddf754f-d193-4cc9-b351-99906754a03b	216			Cnemidolestodea		Cnemidolestodea	Cnemidolestodea			order			accepted			Animalia	Arthropoda	Insecta	Cnemidolestodea		
787	7ddf754f-d193-4cc9-b351-99906754a03b	216			Plecoptera		Plecoptera	Plecoptera			order		Burmeister, H. (1839) Zweite Halfte. Neuroptera. In Handbuch der Entomologie. Reimer, Berlin. Vol. 2, Issue 2, I-XII + 757–1050. Available from http://openlibrary.org/b/OL17902539M/	accepted			Animalia	Arthropoda	Insecta	Plecoptera		
1460	7ddf754f-d193-4cc9-b351-99906754a03b	216			Phasmida		Phasmida	Phasmida			order		Leach, W.E. (1815) Entomology. In The Edinburgh Encyclopedia. Vol. 9, Issue 1, pp. 57–172. Available from http://www.biodiversitylibrary.org/item/58397#page/127/mode/1up	accepted			Animalia	Arthropoda	Insecta	Phasmida		
1226	7ddf754f-d193-4cc9-b351-99906754a03b	216			Mantophasmatodea		Mantophasmatodea	Mantophasmatodea			order		Klass, K.-D., Zompro, O., Kristensen, N.P. & Adis, J. (2002) Mantophasmatodea: A New Insect Order with Extant Members in the Afrotropics. 296, 1456–1459.	accepted			Animalia	Arthropoda	Insecta	Mantophasmatodea		
1229	7ddf754f-d193-4cc9-b351-99906754a03b	216			Zoraptera		Zoraptera	Zoraptera			order		Silvestri, F. (1913) Descrizione di un nuovo ordine di insetti. 7, 193–209. Available from http://www.biodiversitylibrary.org/page/13979032#page/211/mode/1up	accepted			Animalia	Arthropoda	Insecta	Zoraptera		
9768724	7ddf754f-d193-4cc9-b351-99906754a03b	216			Reculoidea		Reculoidea	Reculoidea			order			accepted			Animalia	Arthropoda	Insecta	Reculoidea		
9660324	7ddf754f-d193-4cc9-b351-99906754a03b	216			Diaphanopterodea		Diaphanopterodea	Diaphanopterodea			order			accepted			Animalia	Arthropoda	Insecta	Diaphanopterodea		
9645752	7ddf754f-d193-4cc9-b351-99906754a03b	216			Protorthoptera		Protorthoptera	Protorthoptera			order			accepted			Animalia	Arthropoda	Insecta	Protorthoptera		
788	7ddf754f-d193-4cc9-b351-99906754a03b	216			Mantodea		Mantodea	Mantodea			order		Fischer (1853) Orthop. Europ.	accepted			Animalia	Arthropoda	Insecta	Mantodea		
9785496	7ddf754f-d193-4cc9-b351-99906754a03b	216			Miomoptera		Miomoptera	Miomoptera			order			accepted			Animalia	Arthropoda	Insecta	Miomoptera		
9776183	7ddf754f-d193-4cc9-b351-99906754a03b	216			Megasecoptera		Megasecoptera	Megasecoptera			order			accepted			Animalia	Arthropoda	Insecta	Megasecoptera		
584	7ddf754f-d193-4cc9-b351-99906754a03b	216			Embioptera		Embioptera	Embioptera			order		Lameere, A. (1900) In Manuel de la faune de Belgique. Insectes inferieurs. Corrodonts, Dermapteres, Orthopteres, Plecopteres, Agnathes, Odonates, Thysanopteres, Hemipteres, Planipennes, Panorpates, Trichopteres, Coleopteres. Lamertin, Bruxelles. Vol. 2, 858 pp.	accepted			Animalia	Arthropoda	Insecta	Embioptera		
1366	7ddf754f-d193-4cc9-b351-99906754a03b	216			Siphonaptera		Siphonaptera	Siphonaptera			order			accepted			Animalia	Arthropoda	Insecta	Siphonaptera		
807	7ddf754f-d193-4cc9-b351-99906754a03b	360			Lithobiomorpha		Lithobiomorpha	Lithobiomorpha			order			accepted			Animalia	Arthropoda	Chilopoda	Lithobiomorpha		
1252	7ddf754f-d193-4cc9-b351-99906754a03b	360			Scolopendromorpha		Scolopendromorpha	Scolopendromorpha			order			accepted			Animalia	Arthropoda	Chilopoda	Scolopendromorpha		
1025	7ddf754f-d193-4cc9-b351-99906754a03b	360			Scutigeromorpha		Scutigeromorpha	Scutigeromorpha			order			accepted			Animalia	Arthropoda	Chilopoda	Scutigeromorpha		
1251	7ddf754f-d193-4cc9-b351-99906754a03b	360			Geophilomorpha		Geophilomorpha	Geophilomorpha			order			accepted			Animalia	Arthropoda	Chilopoda	Geophilomorpha		
1250	7ddf754f-d193-4cc9-b351-99906754a03b	360			Craterostigmomorpha		Craterostigmomorpha	Craterostigmomorpha			order			accepted			Animalia	Arthropoda	Chilopoda	Craterostigmomorpha		
1407	7ddf754f-d193-4cc9-b351-99906754a03b	203			Cephalobaenida		Cephalobaenida	Cephalobaenida			order			accepted			Animalia	Arthropoda	Maxillopoda	Cephalobaenida		
692	7ddf754f-d193-4cc9-b351-99906754a03b	203			Kentrogonida		Kentrogonida	Kentrogonida			order			accepted			Animalia	Arthropoda	Maxillopoda	Kentrogonida		
658	7ddf754f-d193-4cc9-b351-99906754a03b	203			Apygophora		Apygophora	Apygophora			order			accepted			Animalia	Arthropoda	Maxillopoda	Apygophora		
1388	7ddf754f-d193-4cc9-b351-99906754a03b	203			Akentrogonida		Akentrogonida	Akentrogonida			order			accepted			Animalia	Arthropoda	Maxillopoda	Akentrogonida		
659	7ddf754f-d193-4cc9-b351-99906754a03b	203			Arguloida		Arguloida	Arguloida			order			accepted			Animalia	Arthropoda	Maxillopoda	Arguloida		
1426	daacce49-b206-469b-8dc2-2257719f3afa	203			Sessilia		Sessilia	Sessilia			order			accepted			Animalia	Arthropoda	Maxillopoda	Sessilia		
688	7ddf754f-d193-4cc9-b351-99906754a03b	203			Dendrogastrida		Dendrogastrida	Dendrogastrida			order			accepted			Animalia	Arthropoda	Maxillopoda	Dendrogastrida		
7219046	7ddf754f-d193-4cc9-b351-99906754a03b	203			Scalpelliformes		Scalpelliformes	Scalpelliformes			order			accepted			Animalia	Arthropoda	Maxillopoda	Scalpelliformes		
697	7ddf754f-d193-4cc9-b351-99906754a03b	203			Pedunculata		Pedunculata	Pedunculata			order			accepted			Animalia	Arthropoda	Maxillopoda	Pedunculata		
1420	7ddf754f-d193-4cc9-b351-99906754a03b	203			Pygophora		Pygophora	Pygophora			order			accepted			Animalia	Arthropoda	Maxillopoda	Pygophora		
1416	7ddf754f-d193-4cc9-b351-99906754a03b	203			Laurida		Laurida	Laurida			order			accepted			Animalia	Arthropoda	Maxillopoda	Laurida		
1419	7ddf754f-d193-4cc9-b351-99906754a03b	203			Porocephalida		Porocephalida	Porocephalida			order			accepted			Animalia	Arthropoda	Maxillopoda	Porocephalida		
873	7ddf754f-d193-4cc9-b351-99906754a03b	235			Brachypoda		Brachypoda	Brachypoda			order			accepted			Animalia	Arthropoda	Cephalocarida	Brachypoda		
544	7ddf754f-d193-4cc9-b351-99906754a03b	281			Anostraca		Anostraca	Anostraca			order			accepted			Animalia	Arthropoda	Branchiopoda	Anostraca		
1159	7ddf754f-d193-4cc9-b351-99906754a03b	281			Notostraca		Notostraca	Notostraca			order			accepted			Animalia	Arthropoda	Branchiopoda	Notostraca		
545	7ddf754f-d193-4cc9-b351-99906754a03b	281			Diplostraca		Diplostraca	Diplostraca			order			accepted			Animalia	Arthropoda	Branchiopoda	Diplostraca		
1436	7ddf754f-d193-4cc9-b351-99906754a03b	353			Platycopida		Platycopida	Platycopida			order			accepted			Animalia	Arthropoda	Ostracoda	Platycopida		
701	7ddf754f-d193-4cc9-b351-99906754a03b	353			Halocyprida		Halocyprida	Halocyprida			order			accepted			Animalia	Arthropoda	Ostracoda	Halocyprida		
1430	7ddf754f-d193-4cc9-b351-99906754a03b	353			Myodocopida		Myodocopida	Myodocopida			order		Sars, G. O. (1866). Oversigt af Norges marine Ostracoder. Forhandlinger I Videnskabs-Selskabet I Christiania, 1865 (1): 1–130. https://www.marinespecies.org/ostracoda/aphia.php?p=sourcedetails&id=174630	accepted			Animalia	Arthropoda	Ostracoda	Myodocopida		
1438	7ddf754f-d193-4cc9-b351-99906754a03b	353			Podocopida		Podocopida	Podocopida			order		Pokorny, V. (1953). K taxonomii paleozoickych skorepatcu (Ostracoda). Sbornik Ustredniho Ustavu Geologickeho, 20:213–223. https://www.marinespecies.org/ostracoda/aphia.php?p=sourcedetails&id=201892	accepted			Animalia	Arthropoda	Ostracoda	Podocopida		
12182793	7ddf754f-d193-4cc9-b351-99906754a03b	353			Leperditicopida		Leperditicopida	Leperditicopida			order		Benson, R.H.; Berdan, J.M.; Bold, W.A. van den; Hanai, T.; Hessland, l.; Howe, H.V.; Kesling, R.V.; Levinson, S.A.; Reyment, R.A.; Moore, R.C.; Scott, H.W.; Shaver, R.H.; Sohn, I.G.; Stover, L.E.; Swain, F.M.; Sylvester-Bradley, P.C. (1961). Systematic Descriptions. Treatise on Invertebrate Paleontology. Part Q. Arthropoda 3. Crustacea. Ostracoda., 99–414. https://www.marinespecies.org/ostracoda/aphia.php?p=sourcedetails&id=426449	accepted			Animalia	Arthropoda	Ostracoda	Leperditicopida		
371	7ddf754f-d193-4cc9-b351-99906754a03b	353			Palaeocopida		Palaeocopida	Palaeocopida			order			accepted			Animalia	Arthropoda	Ostracoda	Palaeocopida		
11148907	7ddf754f-d193-4cc9-b351-99906754a03b	353			Punciocopida		Punciocopida	Punciocopida			order			accepted			Animalia	Arthropoda	Ostracoda	Punciocopida		
11114287	7ddf754f-d193-4cc9-b351-99906754a03b	353			Leiocopida		Leiocopida	Leiocopida			order			accepted			Animalia	Arthropoda	Ostracoda	Leiocopida		
12210370	7ddf754f-d193-4cc9-b351-99906754a03b	353			Platycopa		Platycopa	Platycopa			order		Sars, G. O. (1866). Oversigt af Norges marine Ostracoder. Forhandlinger I Videnskabs-Selskabet I Christiania, 1865 (1): 1–130. https://www.marinespecies.org/ostracoda/aphia.php?p=sourcedetails&id=174630	accepted			Animalia	Arthropoda	Ostracoda	Platycopa		
869	7ddf754f-d193-4cc9-b351-99906754a03b	236			Nectiopoda		Nectiopoda	Nectiopoda			order			accepted			Animalia	Arthropoda	Remipedia	Nectiopoda		
1185	7ddf754f-d193-4cc9-b351-99906754a03b	11377931			Protura		Protura	Protura			order		Silvestri, & Filippo. (1907). Descrizione di un novo genere d’insetti apterigoti rappresentante di un novo ordine. Bollettino Del Laboratorio Di Zoologia Generale E Agraria, Portici, Vol. 1, No. 11.	accepted			Animalia	Arthropoda	Protura	Protura		
874	7ddf754f-d193-4cc9-b351-99906754a03b	236			Enantiopoda		Enantiopoda	Enantiopoda			order			accepted			Animalia	Arthropoda	Remipedia	Enantiopoda		
240	7ddf754f-d193-4cc9-b351-99906754a03b	11374670			Diplura		Diplura	Diplura			order			accepted			Animalia	Arthropoda	Diplura	Diplura		
1500	7ddf754f-d193-4cc9-b351-99906754a03b	229			Cumacea		Cumacea	Cumacea			order			accepted			Animalia	Arthropoda	Malacostraca	Cumacea		
904	7ddf754f-d193-4cc9-b351-99906754a03b	229			Anaspidacea		Anaspidacea	Anaspidacea			order			accepted			Animalia	Arthropoda	Malacostraca	Anaspidacea		
645	7ddf754f-d193-4cc9-b351-99906754a03b	229			Thermosbaenacea		Thermosbaenacea	Thermosbaenacea			order			accepted			Animalia	Arthropoda	Malacostraca	Thermosbaenacea		
644	7ddf754f-d193-4cc9-b351-99906754a03b	229			Lophogastrida		Lophogastrida	Lophogastrida			order			accepted			Animalia	Arthropoda	Malacostraca	Lophogastrida		
1231	7ddf754f-d193-4cc9-b351-99906754a03b	229			Amphipoda		Amphipoda	Amphipoda			order		Latreille, P. A. (1816). Nouveau Dictionnaire d’histoire naturelle, appliquée aux arts, à l’Agriculture, à l’Economic rurale et domestique, à la Médecine, etc. Par Une Société De Naturalistes Et d’Agriculteurs. Nouvelle Édition. Paris, 1: 467–469. https://www.marinespecies.org/amphipoda/aphia.php?p=sourcedetails&id=230570	accepted			Animalia	Arthropoda	Malacostraca	Amphipoda		
637	7ddf754f-d193-4cc9-b351-99906754a03b	229			Decapoda		Decapoda	Decapoda			order			accepted			Animalia	Arthropoda	Malacostraca	Decapoda		
868	7ddf754f-d193-4cc9-b351-99906754a03b	229			Euphausiacea		Euphausiacea	Euphausiacea			order			accepted			Animalia	Arthropoda	Malacostraca	Euphausiacea		
841	7ddf754f-d193-4cc9-b351-99906754a03b	229			Mysida		Mysida	Mysida			order			accepted			Animalia	Arthropoda	Malacostraca	Mysida		
1232	7ddf754f-d193-4cc9-b351-99906754a03b	229			Bathynellacea		Bathynellacea	Bathynellacea			order			accepted			Animalia	Arthropoda	Malacostraca	Bathynellacea		
870	7ddf754f-d193-4cc9-b351-99906754a03b	229			Bochusacea		Bochusacea	Bochusacea			order		Gutu, G., & Iliffe, T. M. (1998). Description of a new hirsutiid (n.g., n.sp.) and reassignement of this family from order Mictacea to the new order, Bochusacea (Crustacea, Peracrida). Travaux Du Muséum d’Histoire Naturelle “Grigore Antipa”, 40: 93–120. https://www.marinespecies.org/aphia.php?p=sourcedetails&id=139278	accepted			Animalia	Arthropoda	Malacostraca	Bochusacea		
1378	7ddf754f-d193-4cc9-b351-99906754a03b	229			Tanaidacea		Tanaidacea	Tanaidacea			order			accepted			Animalia	Arthropoda	Malacostraca	Tanaidacea		
643	7ddf754f-d193-4cc9-b351-99906754a03b	229			Isopoda		Isopoda	Isopoda			order		Latreille, [P. A.]. (1816). Les Crustacés, les Arachnides, et les Insectes. In: [G. L. C. F. D.] Cuvier. Le Règne Animal, Distribué D’après Son Organisation, Pour Servrir De Base a l’Histoire Naturelle Des Animaux Et d’Introduction a l’Anatomie Comparée, Volume 3: i–xxix+1–653. Paris: Deterville [published 2 December 1816 fide Roux, 1976]. https://www.marinespecies.org/isopoda/aphia.php?p=sourcedetails&id=46177	accepted			Animalia	Arthropoda	Malacostraca	Isopoda		
7692634	7ddf754f-d193-4cc9-b351-99906754a03b	229			Leptostraca		Leptostraca	Leptostraca			order			accepted			Animalia	Arthropoda	Malacostraca	Leptostraca		
1230	7ddf754f-d193-4cc9-b351-99906754a03b	229			Amphionidacea		Amphionidacea	Amphionidacea			order			accepted			Animalia	Arthropoda	Malacostraca	Amphionidacea		
1373	7ddf754f-d193-4cc9-b351-99906754a03b	229			Stomatopoda		Stomatopoda	Stomatopoda			order			accepted			Animalia	Arthropoda	Malacostraca	Stomatopoda		
7946450	7ddf754f-d193-4cc9-b351-99906754a03b	351			Xiphosurida		Xiphosurida	Xiphosurida			order			accepted			Animalia	Arthropoda	Merostomata	Xiphosurida		
907	7ddf754f-d193-4cc9-b351-99906754a03b	367			Opiliones		Opiliones	Opiliones			order		Sundevall, C.J. (1833) Conspectus Arachnidum. C.F. Berling, Londini Gothorum [= Lund (Sweden)], 1–39 pp.	accepted			Animalia	Arthropoda	Arachnida	Opiliones		
542	7ddf754f-d193-4cc9-b351-99906754a03b	367			Sarcoptiformes		Sarcoptiformes	Sarcoptiformes			order			accepted			Animalia	Arthropoda	Arachnida	Sarcoptiformes		
872	7ddf754f-d193-4cc9-b351-99906754a03b	367			Scorpiones		Scorpiones	Scorpiones			order			accepted			Animalia	Arthropoda	Arachnida	Scorpiones		
1186	7ddf754f-d193-4cc9-b351-99906754a03b	367			Schizomida		Schizomida	Schizomida			order			accepted			Animalia	Arthropoda	Arachnida	Schizomida		
1109	7ddf754f-d193-4cc9-b351-99906754a03b	367			Mesostigmata		Mesostigmata	Mesostigmata			order			accepted			Animalia	Arthropoda	Arachnida	Mesostigmata		
541	7ddf754f-d193-4cc9-b351-99906754a03b	367			Ricinulei		Ricinulei	Ricinulei			order			accepted			Animalia	Arthropoda	Arachnida	Ricinulei		
563	7ddf754f-d193-4cc9-b351-99906754a03b	367			Palpigradi		Palpigradi	Palpigradi			order			accepted			Animalia	Arthropoda	Arachnida	Palpigradi		
1496	7ddf754f-d193-4cc9-b351-99906754a03b	367			Araneae		Araneae	Araneae			order			accepted			Animalia	Arthropoda	Arachnida	Araneae		
543	7ddf754f-d193-4cc9-b351-99906754a03b	367			Trombidiformes		Trombidiformes	Trombidiformes			order			accepted			Animalia	Arthropoda	Arachnida	Trombidiformes		
1498	7ddf754f-d193-4cc9-b351-99906754a03b	367			Uropygi		Uropygi	Uropygi			order			accepted			Animalia	Arthropoda	Arachnida	Uropygi		
1158	7ddf754f-d193-4cc9-b351-99906754a03b	367			Opilioacarida		Opilioacarida	Opilioacarida			order			accepted			Animalia	Arthropoda	Arachnida	Opilioacarida		
373	7ddf754f-d193-4cc9-b351-99906754a03b	367			Holothyrida		Holothyrida	Holothyrida			order			accepted			Animalia	Arthropoda	Arachnida	Holothyrida		
1425	7ddf754f-d193-4cc9-b351-99906754a03b	367			Ixodida		Ixodida	Ixodida			order			accepted			Animalia	Arthropoda	Arachnida	Ixodida		
1161	daacce49-b206-469b-8dc2-2257719f3afa	367			Pseudoscorpiones		Pseudoscorpiones	Pseudoscorpiones			order			accepted			Animalia	Arthropoda	Arachnida	Pseudoscorpiones		
1160	7ddf754f-d193-4cc9-b351-99906754a03b	367			Amblypygi		Amblypygi	Amblypygi			order			accepted			Animalia	Arthropoda	Arachnida	Amblypygi		
756	7ddf754f-d193-4cc9-b351-99906754a03b	367			Solifugae		Solifugae	Solifugae			order			accepted			Animalia	Arthropoda	Arachnida	Solifugae		
491	7ddf754f-d193-4cc9-b351-99906754a03b	143			Tetramerocerata		Tetramerocerata	Tetramerocerata			order			accepted			Animalia	Arthropoda	Pauropoda	Tetramerocerata		
492	7ddf754f-d193-4cc9-b351-99906754a03b	143			Hexamerocerata		Hexamerocerata	Hexamerocerata			order			accepted			Animalia	Arthropoda	Pauropoda	Hexamerocerata		
575	a97f36e5-ded1-49cc-bdec-ac6170fc7b9c	171			Deinococcales		Deinococcales	Deinococcales			order			accepted			Bacteria	Deinococcota	Deinococci	Deinococcales		
11529386	a97f36e5-ded1-49cc-bdec-ac6170fc7b9c	171			JACQHA01						order			accepted			Bacteria	Deinococcota	Deinococci	JACQHA01		
10749954	a97f36e5-ded1-49cc-bdec-ac6170fc7b9c	10791168			GW2011-AR5						order			accepted			Archaea	Aenigmatarchaeota	Aenigmatarchaeia	GW2011-AR5		
10698465	a97f36e5-ded1-49cc-bdec-ac6170fc7b9c	10791168			Aenigmatarchaeales		Aenigmatarchaeales	Aenigmatarchaeales			order			accepted			Archaea	Aenigmatarchaeota	Aenigmatarchaeia	Aenigmatarchaeales		
10724334	a97f36e5-ded1-49cc-bdec-ac6170fc7b9c	10791168			QMZP01						order			accepted			Archaea	Aenigmatarchaeota	Aenigmatarchaeia	QMZP01		
10884066	a97f36e5-ded1-49cc-bdec-ac6170fc7b9c	10791168			CG10238-14						order			accepted			Archaea	Aenigmatarchaeota	Aenigmatarchaeia	CG10238-14		
11561545	a97f36e5-ded1-49cc-bdec-ac6170fc7b9c	10791168			QMZS01						order			accepted			Archaea	Aenigmatarchaeota	Aenigmatarchaeia	QMZS01		
11525413	a97f36e5-ded1-49cc-bdec-ac6170fc7b9c	10791168			PWEA01						order			accepted			Archaea	Aenigmatarchaeota	Aenigmatarchaeia	PWEA01		
11780962	a97f36e5-ded1-49cc-bdec-ac6170fc7b9c	10791168			JACPZZ01						order			accepted			Archaea	Aenigmatarchaeota	Aenigmatarchaeia	JACPZZ01		
10846364	a97f36e5-ded1-49cc-bdec-ac6170fc7b9c	10670859			Coprothermobacterales		Coprothermobacterales	Coprothermobacterales			order			accepted			Bacteria	Coprothermobacterota	Coprothermobacteria	Coprothermobacterales		
705	7ddf754f-d193-4cc9-b351-99906754a03b	206			Actiniaria		Actiniaria	Actiniaria			order			accepted			Animalia	Cnidaria	Anthozoa	Actiniaria		
714	7ddf754f-d193-4cc9-b351-99906754a03b	206			Scleractinia		Scleractinia	Scleractinia			order		Bourne, G. C. (1900). Chap. 6. The Anthozoa. In: Lankester E.R. (ed), A Treatise on Zoology. Part II. The Porifera and Coelenterata. London, Adam & Charles Black. Pp. 1–84. https://www.marinespecies.org/scleractinia/aphia.php?p=sourcedetails&id=196236	accepted			Animalia	Cnidaria	Anthozoa	Scleractinia		
710	7ddf754f-d193-4cc9-b351-99906754a03b	206			Pennatulacea		Pennatulacea	Pennatulacea			order			accepted			Animalia	Cnidaria	Anthozoa	Pennatulacea		
12204028	7ddf754f-d193-4cc9-b351-99906754a03b	206			Malacalcyonacea		Malacalcyonacea	Malacalcyonacea			order		McFadden, C. S., van Ofwegen, L. P., & Quattrini, A. M. (2022). Revisionary systematics of Octocorallia (Cnidaria: Anthozoa) guided by phylogenomics. Bulletin of the Society of Systematic Biologists, 1(3), 8735, pp. 1–79. https://doi.org/10.18061/bssb.v1i3.8735	accepted			Animalia	Cnidaria	Anthozoa	Malacalcyonacea		
1242	7ddf754f-d193-4cc9-b351-99906754a03b	206			Corallimorpharia		Corallimorpharia	Corallimorpharia			order		Carlgren, O. (1943). East-Asiatic Corallimorpharia and Actiniaria. Kungliga Svenska Vetenskaps-Akademiens Handlingar, 20: 1–43, pls. 1–2. https://www.marinespecies.org/aphia.php?p=sourcedetails&id=346936	accepted			Animalia	Cnidaria	Anthozoa	Corallimorpharia		
903	7ddf754f-d193-4cc9-b351-99906754a03b	206			Heliolitina		Heliolitina	Heliolitina			order			accepted			Animalia	Cnidaria	Anthozoa	Heliolitina		
12202578	7ddf754f-d193-4cc9-b351-99906754a03b	206			Scleralcyonacea		Scleralcyonacea	Scleralcyonacea			order		McFadden, C. S., van Ofwegen, L. P., & Quattrini, A. M. (2022). Revisionary systematics of Octocorallia (Cnidaria: Anthozoa) guided by phylogenomics. Bulletin of the Society of Systematic Biologists, 1(3), 8735, pp. 1–79. https://doi.org/10.18061/bssb.v1i3.8735	accepted			Animalia	Cnidaria	Anthozoa	Scleralcyonacea		
831	7ddf754f-d193-4cc9-b351-99906754a03b	206			Antipatharia		Antipatharia	Antipatharia			order		Milne Edwards H. (1857). Histoire naturelle des coralliaires, ou polypes proprement dits. 1. Librairie Encyclopédique De Roret, Paris, 326 pp. https://www.marinespecies.org/aphia.php?p=sourcedetails&id=355466	accepted			Animalia	Cnidaria	Anthozoa	Antipatharia		
1433	7ddf754f-d193-4cc9-b351-99906754a03b	206			Zoantharia		Zoantharia	Zoantharia			order		Gray, J. E. (1832). Synopsis of the contents of the British Museum. London (27th edition.). (4): 1–212. https://www.marinespecies.org/aphia.php?p=sourcedetails&id=7521	accepted			Animalia	Cnidaria	Anthozoa	Zoantharia		
10788251	7ddf754f-d193-4cc9-b351-99906754a03b	10756510			Ortervirales		Ortervirales	Ortervirales			order			accepted			Viruses	Artverviricota	Revtraviricetes	Ortervirales		
10758914	7ddf754f-d193-4cc9-b351-99906754a03b	10756510			Blubervirales		Blubervirales	Blubervirales			order			accepted			Viruses	Artverviricota	Revtraviricetes	Blubervirales		
713	7ddf754f-d193-4cc9-b351-99906754a03b	352			Coronatae		Coronatae	Coronatae			order		Vanhöffen, E. (1892). Die Akalephen der Plankton-Expedition. Ergebnisse Der Plankton-Expedition Der Humboldt-Stiftung, 2, 3–28. https://www.marinespecies.org/aphia.php?p=sourcedetails&id=199505	accepted			Animalia	Cnidaria	Scyphozoa	Coronatae		
1245	daacce49-b206-469b-8dc2-2257719f3afa	352			Rhizostomeae		Rhizostomeae	Rhizostomeae			order		Cuvier, G. (1800). Mémoire sur l’organisation de quelques méduses. Bulletin Des Sciences, Société Philomathique, Paris, Ser. I, Tome 2(33): 69. https://www.marinespecies.org/aphia.php?p=sourcedetails&id=364699	accepted			Animalia	Cnidaria	Scyphozoa	Rhizostomeae		
711	7ddf754f-d193-4cc9-b351-99906754a03b	352			Semaeostomeae		Semaeostomeae	Semaeostomeae			order		Agassiz, L. (1862). Contributions to the natural history of the United States of America. Little Brown, Boston, 4: 1–380, pls 1–19. https://www.marinespecies.org/aphia.php?p=sourcedetails&id=35267	accepted			Animalia	Cnidaria	Scyphozoa	Semaeostomeae		
7188526	7ddf754f-d193-4cc9-b351-99906754a03b	11146120			Multivalvulida		Multivalvulida	Multivalvulida			order		Shulman, S. S. (1959). The Main Direction of Evolution in the Order Myxosporidia. Zoologicheskiy Zhurnal, 3: 1481–1497. https://www.marinespecies.org/aphia.php?p=sourcedetails&id=345141	accepted			Animalia	Cnidaria	Myxozoa	Multivalvulida		
782	7ddf754f-d193-4cc9-b351-99906754a03b	11146120			Bivalvulida		Bivalvulida	Bivalvulida			order			accepted			Animalia	Cnidaria	Myxozoa	Bivalvulida		
1434	7ddf754f-d193-4cc9-b351-99906754a03b	205			Actinulida		Actinulida	Actinulida			order		Swedmark, B., & Teissier, G. (1958). Otohydra vagans n. g., n.sp., hydrozoaire des sables, apparanté aux Halammohydridées. Comptes Rendus Hebdomadaires Des Séances De l’Académie Des Sciences De Paris, 247(2): 238–240. https://www.marinespecies.org/hydrozoa/aphia.php?p=sourcedetails&id=26583	accepted			Animalia	Cnidaria	Hydrozoa	Actinulida		
837	7ddf754f-d193-4cc9-b351-99906754a03b	205			Narcomedusae		Narcomedusae	Narcomedusae			order		Haeckel, E. (1879). Das System der Medusen. Erster Teil einer Monographie der Medusen. Denkschriften Der Medicinisch-Naturwissenschaftlichen Gesellschaft Zu Jena, 1: XX+1–360, 320 plates. https://doi.org/10.5962/bhl.title.46856	accepted			Animalia	Cnidaria	Hydrozoa	Narcomedusae		
838	7ddf754f-d193-4cc9-b351-99906754a03b	205			Anthoathecata		Anthoathecata	Anthoathecata			order		Cornelius, P.F.S.,. (1992). Medusa loss in leptolid Hydrozoan (Cnidaria) hydroid rafting, and abbreviated life-cycles among their remote-island faunae: an interim review. In: J. Bouillon, F. Boero, F. Cicogna, J.M. Gili & R.G. Hughes, eds., Aspects of hydrozoan biology. Scientia Marina 56 2-3: 245-261. https://www.marinespecies.org/hydrozoa/aphia.php?p=sourcedetails&id=23997	accepted			Animalia	Cnidaria	Hydrozoa	Anthoathecata		
709	7ddf754f-d193-4cc9-b351-99906754a03b	205			Trachymedusae		Trachymedusae	Trachymedusae			order		Haeckel, E. (1866). Generelle morphologie der Organismen. Allgemeine Grundzüge der organischen Formen-wissenschaft, mechanisch begründet durch die von Charles Darwin reformirte Descendenztheorie, von Ernst Haeckel. Berlin,G. Reimer. https://doi.org/10.5962/bhl.title.3953	accepted			Animalia	Cnidaria	Hydrozoa	Trachymedusae		
1435	7ddf754f-d193-4cc9-b351-99906754a03b	205			Limnomedusae		Limnomedusae	Limnomedusae			order		Kramp, P. L. (1938). Die Meduse von Ostroumovia inkermanica (Pal. Ostr.) und die systematische Stellung der Olindiiden. Zoologischer Anzeiger, 122: 103–108. https://www.marinespecies.org/hydrozoa/aphia.php?p=sourcedetails&id=24826	accepted			Animalia	Cnidaria	Hydrozoa	Limnomedusae		
712	7ddf754f-d193-4cc9-b351-99906754a03b	205			Leptothecata		Leptothecata	Leptothecata			order		Cornelius, P.F.S.,. (1992). Medusa loss in leptolid Hydrozoan (Cnidaria) hydroid rafting, and abbreviated life-cycles among their remote-island faunae: an interim review. In: J. Bouillon, F. Boero, F. Cicogna, J.M. Gili & R.G. Hughes, eds., Aspects of hydrozoan biology. Scientia Marina 56 2-3: 245-261. https://www.marinespecies.org/hydrozoa/aphia.php?p=sourcedetails&id=23997	accepted			Animalia	Cnidaria	Hydrozoa	Leptothecata		
6180736	daacce49-b206-469b-8dc2-2257719f3afa	205			Siphonophorae		Siphonophorae	Siphonophorae			order		Eschscholtz, F. (1829). System der Acalephen. Eine ausführliche Beschreibung aller medusenartigen Strahltiere. Ferdinand Dümmler, Berlin, pp. 1–190, 116 pls. https://www.marinespecies.org/hydrozoa/aphia.php?p=sourcedetails&id=35914	accepted			Animalia	Cnidaria	Hydrozoa	Siphonophorae		
1244	7ddf754f-d193-4cc9-b351-99906754a03b	309			Stauromedusae		Stauromedusae	Stauromedusae			order			accepted			Animalia	Cnidaria	Staurozoa	Stauromedusae		
11210123	7ddf754f-d193-4cc9-b351-99906754a03b	309			Conulatae		Conulatae	Conulatae			order			accepted			Animalia	Cnidaria	Staurozoa	Conulatae		
9288429	7ddf754f-d193-4cc9-b351-99906754a03b	176			Carybdeida		Carybdeida	Carybdeida			order			accepted			Animalia	Cnidaria	Cubozoa	Carybdeida		
1015	7ddf754f-d193-4cc9-b351-99906754a03b	176			Chirodropida		Chirodropida	Chirodropida			order			accepted			Animalia	Cnidaria	Cubozoa	Chirodropida		
10707422	a97f36e5-ded1-49cc-bdec-ac6170fc7b9c	10689700			Marinisomatales		Marinisomatales	Marinisomatales			order			accepted			Bacteria	Marinisomatota	Marinisomatia	Marinisomatales		
10833013	a97f36e5-ded1-49cc-bdec-ac6170fc7b9c	10682490			Proteinivoracales		Proteinivoracales	Proteinivoracales			order			accepted			Bacteria	Firmicutes_D	Proteinivoracia	Proteinivoracales		
10791639	a97f36e5-ded1-49cc-bdec-ac6170fc7b9c	10682490			UBA4975						order			accepted			Bacteria	Firmicutes_D	Proteinivoracia	UBA4975		
10789297	a97f36e5-ded1-49cc-bdec-ac6170fc7b9c	10801429			Dethiobacterales		Dethiobacterales	Dethiobacterales			order			accepted			Bacteria	Firmicutes_D	Dethiobacteria	Dethiobacterales		
10860317	a97f36e5-ded1-49cc-bdec-ac6170fc7b9c	10801429			SKNC01						order			accepted			Bacteria	Firmicutes_D	Dethiobacteria	SKNC01		
10822584	a97f36e5-ded1-49cc-bdec-ac6170fc7b9c	10801429			DTU022						order			accepted			Bacteria	Firmicutes_D	Dethiobacteria	DTU022		
10706301	a97f36e5-ded1-49cc-bdec-ac6170fc7b9c	10801429			PWVN01						order			accepted			Bacteria	Firmicutes_D	Dethiobacteria	PWVN01		
7805966	a97f36e5-ded1-49cc-bdec-ac6170fc7b9c	10698336			Natranaerobiales		Natranaerobiales	Natranaerobiales			order			accepted			Bacteria	Firmicutes_D	Natranaerobiia	Natranaerobiales		
1195	a97f36e5-ded1-49cc-bdec-ac6170fc7b9c	163			Methanopyrales		Methanopyrales	Methanopyrales			order			accepted			Archaea	Methanobacteriota_A	Methanopyri	Methanopyrales		
1193	a97f36e5-ded1-49cc-bdec-ac6170fc7b9c	161			Methanococcales		Methanococcales	Methanococcales			order			accepted			Archaea	Methanobacteriota_A	Methanococci	Methanococcales		
10803109	7ddf754f-d193-4cc9-b351-99906754a03b	147			Physodermatales		Physodermatales	Physodermatales			order			accepted			Fungi	Blastocladiomycota	Blastocladiomycetes	Physodermatales		
1119	7ddf754f-d193-4cc9-b351-99906754a03b	147			Blastocladiales		Blastocladiales	Blastocladiales			order			accepted			Fungi	Blastocladiomycota	Blastocladiomycetes	Blastocladiales		
10860543	a97f36e5-ded1-49cc-bdec-ac6170fc7b9c	10685063			Moduliflexales		Moduliflexales	Moduliflexales			order			accepted			Bacteria	Moduliflexota	Moduliflexia	Moduliflexales		
11686862	a97f36e5-ded1-49cc-bdec-ac6170fc7b9c	10686636			Miltoncostaeales		Miltoncostaeales	Miltoncostaeales			order			accepted			Bacteria	Actinobacteriota	Thermoleophilia	Miltoncostaeales		
8162388	a97f36e5-ded1-49cc-bdec-ac6170fc7b9c	10686636			Gaiellales		Gaiellales	Gaiellales			order			accepted			Bacteria	Actinobacteriota	Thermoleophilia	Gaiellales		
10793645	a97f36e5-ded1-49cc-bdec-ac6170fc7b9c	10686636			BMS3ABIN01						order			accepted			Bacteria	Actinobacteriota	Thermoleophilia	BMS3ABIN01		
7890285	a97f36e5-ded1-49cc-bdec-ac6170fc7b9c	10686636			Solirubrobacterales		Solirubrobacterales	Solirubrobacterales			order			accepted			Bacteria	Actinobacteriota	Thermoleophilia	Solirubrobacterales		
10862103	a97f36e5-ded1-49cc-bdec-ac6170fc7b9c	10686636			UBA2241						order			accepted			Bacteria	Actinobacteriota	Thermoleophilia	UBA2241		
10877327	a97f36e5-ded1-49cc-bdec-ac6170fc7b9c	10701801			Mycobacteriales		Mycobacteriales	Mycobacteriales			order			accepted			Bacteria	Actinobacteriota	Actinomycetia	Mycobacteriales		
11191600	a97f36e5-ded1-49cc-bdec-ac6170fc7b9c	10701801			JACCUZ01						order			accepted			Bacteria	Actinobacteriota	Actinomycetia	JACCUZ01		
1198	a97f36e5-ded1-49cc-bdec-ac6170fc7b9c	10701801			Actinomycetales		Actinomycetales	Actinomycetales			order			accepted			Bacteria	Actinobacteriota	Actinomycetia	Actinomycetales		
8363941	a97f36e5-ded1-49cc-bdec-ac6170fc7b9c	10701801			Euzebyales		Euzebyales	Euzebyales			order			accepted			Bacteria	Actinobacteriota	Actinomycetia	Euzebyales		
10769799	a97f36e5-ded1-49cc-bdec-ac6170fc7b9c	10701801			Propionibacteriales		Propionibacteriales	Propionibacteriales			order			accepted			Bacteria	Actinobacteriota	Actinomycetia	Propionibacteriales		
11721708	a97f36e5-ded1-49cc-bdec-ac6170fc7b9c	10701801			Motilibacterales		Motilibacterales	Motilibacterales			order			accepted			Bacteria	Actinobacteriota	Actinomycetia	Motilibacterales		
10687846	a97f36e5-ded1-49cc-bdec-ac6170fc7b9c	10701801			Sporichthyales		Sporichthyales	Sporichthyales			order			accepted			Bacteria	Actinobacteriota	Actinomycetia	Sporichthyales		
10857265	a97f36e5-ded1-49cc-bdec-ac6170fc7b9c	10701801			Streptomycetales		Streptomycetales	Streptomycetales			order			accepted			Bacteria	Actinobacteriota	Actinomycetia	Streptomycetales		
10833977	a97f36e5-ded1-49cc-bdec-ac6170fc7b9c	10701801			Nanopelagicales		Nanopelagicales	Nanopelagicales			order			accepted			Bacteria	Actinobacteriota	Actinomycetia	Nanopelagicales		
11151880	a97f36e5-ded1-49cc-bdec-ac6170fc7b9c	10701801			JACCYY01						order			accepted			Bacteria	Actinobacteriota	Actinomycetia	JACCYY01		
10869132	a97f36e5-ded1-49cc-bdec-ac6170fc7b9c	10701801			Jiangellales		Jiangellales	Jiangellales			order			accepted			Bacteria	Actinobacteriota	Actinomycetia	Jiangellales		
10826791	a97f36e5-ded1-49cc-bdec-ac6170fc7b9c	10701801			Streptosporangiales		Streptosporangiales	Streptosporangiales			order			accepted			Bacteria	Actinobacteriota	Actinomycetia	Streptosporangiales		
7561694	a97f36e5-ded1-49cc-bdec-ac6170fc7b9c	10701801			Nitriliruptorales		Nitriliruptorales	Nitriliruptorales			order			accepted			Bacteria	Actinobacteriota	Actinomycetia	Nitriliruptorales		
10894673	a97f36e5-ded1-49cc-bdec-ac6170fc7b9c	10701801			Acidothermales		Acidothermales	Acidothermales			order			accepted			Bacteria	Actinobacteriota	Actinomycetia	Acidothermales		
11113079	a97f36e5-ded1-49cc-bdec-ac6170fc7b9c	10776757			AC-67						order			accepted			Bacteria	Actinobacteriota	UBA4738	AC-67		
11117181	a97f36e5-ded1-49cc-bdec-ac6170fc7b9c	10776757			CADDZG01						order			accepted			Bacteria	Actinobacteriota	UBA4738	CADDZG01		
11852717	a97f36e5-ded1-49cc-bdec-ac6170fc7b9c	11918878			Aquicultorales		Aquicultorales	Aquicultorales			order			accepted			Bacteria	Actinobacteriota	Aquicultoria	Aquicultorales		
11519500	a97f36e5-ded1-49cc-bdec-ac6170fc7b9c	11918878			Geothermocultorales		Geothermocultorales	Geothermocultorales			order			accepted			Bacteria	Actinobacteriota	Aquicultoria	Geothermocultorales		
11475452	a97f36e5-ded1-49cc-bdec-ac6170fc7b9c	11918878			Subteraquimicrobiales		Subteraquimicrobiales	Subteraquimicrobiales			order			accepted			Bacteria	Actinobacteriota	Aquicultoria	Subteraquimicrobiales		
11417196	a97f36e5-ded1-49cc-bdec-ac6170fc7b9c	11918878			UBA3085						order			accepted			Bacteria	Actinobacteriota	Aquicultoria	UBA3085		
10757467	a97f36e5-ded1-49cc-bdec-ac6170fc7b9c	10866444			Hadarchaeales		Hadarchaeales	Hadarchaeales			order			accepted			Archaea	Hadarchaeota	Hadarchaeia	Hadarchaeales		
11146409	a97f36e5-ded1-49cc-bdec-ac6170fc7b9c	11578879			Hakubanellales		Hakubanellales	Hakubanellales			order			accepted			Bacteria	Actinobacteriota	Humimicrobiia	Hakubanellales		
11839408	a97f36e5-ded1-49cc-bdec-ac6170fc7b9c	11578879			JAHJRV01						order			accepted			Bacteria	Actinobacteriota	Humimicrobiia	JAHJRV01		
11673003	a97f36e5-ded1-49cc-bdec-ac6170fc7b9c	11578879			Humimicrobiales		Humimicrobiales	Humimicrobiales			order			accepted			Bacteria	Actinobacteriota	Humimicrobiia	Humimicrobiales		
11897127	a97f36e5-ded1-49cc-bdec-ac6170fc7b9c	11780877			Geothermincolales		Geothermincolales	Geothermincolales			order			accepted			Bacteria	Actinobacteriota	Geothermincolia	Geothermincolales		
10755770	a97f36e5-ded1-49cc-bdec-ac6170fc7b9c	10866681			ATN3						order			accepted			Bacteria	Actinobacteriota	Acidimicrobiia	ATN3		
8368729	a97f36e5-ded1-49cc-bdec-ac6170fc7b9c	10866681			Acidimicrobiales		Acidimicrobiales	Acidimicrobiales			order			accepted			Bacteria	Actinobacteriota	Acidimicrobiia	Acidimicrobiales		
10692642	a97f36e5-ded1-49cc-bdec-ac6170fc7b9c	10866681			UBA2766						order			accepted			Bacteria	Actinobacteriota	Acidimicrobiia	UBA2766		
10864271	a97f36e5-ded1-49cc-bdec-ac6170fc7b9c	10866681			IMCC26256						order			accepted			Bacteria	Actinobacteriota	Acidimicrobiia	IMCC26256		
11164301	a97f36e5-ded1-49cc-bdec-ac6170fc7b9c	10866681			Actinomarinales		Actinomarinales	Actinomarinales			order			accepted			Bacteria	Actinobacteriota	Acidimicrobiia	Actinomarinales		
10676832	a97f36e5-ded1-49cc-bdec-ac6170fc7b9c	10866681			UBA5794						order			accepted			Bacteria	Actinobacteriota	Acidimicrobiia	UBA5794		
1201	a97f36e5-ded1-49cc-bdec-ac6170fc7b9c	10834058			Rubrobacterales		Rubrobacterales	Rubrobacterales			order			accepted			Bacteria	Actinobacteriota	Rubrobacteria	Rubrobacterales		
11198528	a97f36e5-ded1-49cc-bdec-ac6170fc7b9c	10790850			WRKU01						order			accepted			Bacteria	Actinobacteriota	Coriobacteriia	WRKU01		
568	a97f36e5-ded1-49cc-bdec-ac6170fc7b9c	10790850			Coriobacteriales		Coriobacteriales	Coriobacteriales			order			accepted			Bacteria	Actinobacteriota	Coriobacteriia	Coriobacteriales		
10833204	a97f36e5-ded1-49cc-bdec-ac6170fc7b9c	10790850			OPB41						order			accepted			Bacteria	Actinobacteriota	Coriobacteriia	OPB41		
1057	7ddf754f-d193-4cc9-b351-99906754a03b	316			Pezizales		Pezizales	Pezizales			order			accepted			Fungi	Ascomycota	Pezizomycetes	Pezizales		
10699167	7ddf754f-d193-4cc9-b351-99906754a03b	10874653			Coniocybales		Coniocybales	Coniocybales			order			accepted			Fungi	Ascomycota	Coniocybomycetes	Coniocybales		
8024677	7ddf754f-d193-4cc9-b351-99906754a03b	7480650			Xylonales		Xylonales	Xylonales			order			accepted			Fungi	Ascomycota	Xylonomycetes	Xylonales		
12204565	7ddf754f-d193-4cc9-b351-99906754a03b	7480650			Symbiotaphrinales		Symbiotaphrinales	Symbiotaphrinales			order			accepted			Fungi	Ascomycota	Xylonomycetes	Symbiotaphrinales		
10690720	7ddf754f-d193-4cc9-b351-99906754a03b	10866195			Xylobotryales		Xylobotryales	Xylobotryales			order			accepted			Fungi	Ascomycota	Xylobotryomycetes	Xylobotryales		
10727739	7ddf754f-d193-4cc9-b351-99906754a03b	313			Lichenostigmatales		Lichenostigmatales	Lichenostigmatales			order			accepted			Fungi	Ascomycota	Arthoniomycetes	Lichenostigmatales		
1273	7ddf754f-d193-4cc9-b351-99906754a03b	313			Arthoniales		Arthoniales	Arthoniales			order			accepted			Fungi	Ascomycota	Arthoniomycetes	Arthoniales		
9727358	7ddf754f-d193-4cc9-b351-99906754a03b	9775802			Leptomyxida		Leptomyxida	Leptomyxida			order			accepted			Protozoa	Amoebozoa	Tubulinea	Leptomyxida		
1056	7ddf754f-d193-4cc9-b351-99906754a03b	181			Orbiliales		Orbiliales	Orbiliales			order			accepted			Fungi	Ascomycota	Orbiliomycetes	Orbiliales		
12180286	7ddf754f-d193-4cc9-b351-99906754a03b	12234626			Novakomycetales		Novakomycetales	Novakomycetales			order			accepted			Fungi	Ascomycota	Novakomycetes	Novakomycetales		
1269	7ddf754f-d193-4cc9-b351-99906754a03b	10792796			Candelariales		Candelariales	Candelariales			order			accepted			Fungi	Ascomycota	Candelariomycetes	Candelariales		
9741797	7ddf754f-d193-4cc9-b351-99906754a03b	9678908			Pneumocystales		Pneumocystales	Pneumocystales			order			accepted			Fungi	Ascomycota	Pneumocystomycetes	Pneumocystales		
8190781	7ddf754f-d193-4cc9-b351-99906754a03b	7371755			Geoglossales		Geoglossales	Geoglossales			order			accepted			Fungi	Ascomycota	Geoglossomycetes	Geoglossales		
9731765	7ddf754f-d193-4cc9-b351-99906754a03b	9759116			Varipodida		Varipodida	Varipodida			order			accepted			Protozoa	Amoebozoa	Variosea	Varipodida		
9739396	7ddf754f-d193-4cc9-b351-99906754a03b	9759116			Stereomyxida		Stereomyxida	Stereomyxida			order			accepted			Protozoa	Amoebozoa	Variosea	Stereomyxida		
9791297	7ddf754f-d193-4cc9-b351-99906754a03b	9759116			Phalansteriida		Phalansteriida	Phalansteriida			order			accepted			Protozoa	Amoebozoa	Variosea	Phalansteriida		
10712200	7ddf754f-d193-4cc9-b351-99906754a03b	9759116			Holomastigida		Holomastigida	Holomastigida			order			accepted			Protozoa	Amoebozoa	Variosea	Holomastigida		
10885987	7ddf754f-d193-4cc9-b351-99906754a03b	9759116			Gracilipodida		Gracilipodida	Gracilipodida			order			accepted			Protozoa	Amoebozoa	Variosea	Gracilipodida		
9662482	7ddf754f-d193-4cc9-b351-99906754a03b	9759116			Acanthopodida		Acanthopodida	Acanthopodida			order			accepted			Protozoa	Amoebozoa	Variosea	Acanthopodida		
1299	7ddf754f-d193-4cc9-b351-99906754a03b	184			Taphrinales		Taphrinales	Taphrinales			order			accepted			Fungi	Ascomycota	Taphrinomycetes	Taphrinales		
7992277	7ddf754f-d193-4cc9-b351-99906754a03b	183			Natipusillales		Natipusillales	Natipusillales			order			accepted			Fungi	Ascomycota	Dothideomycetes	Natipusillales		
7948980	7ddf754f-d193-4cc9-b351-99906754a03b	183			Phaeotrichales		Phaeotrichales	Phaeotrichales			order			accepted			Fungi	Ascomycota	Dothideomycetes	Phaeotrichales		
1033	7ddf754f-d193-4cc9-b351-99906754a03b	183			Dothideales		Dothideales	Dothideales			order			accepted			Fungi	Ascomycota	Dothideomycetes	Dothideales		
7759254	7ddf754f-d193-4cc9-b351-99906754a03b	183			Tubeufiales		Tubeufiales	Tubeufiales			order			accepted			Fungi	Ascomycota	Dothideomycetes	Tubeufiales		
9732739	7ddf754f-d193-4cc9-b351-99906754a03b	183			Stigmatodiscales		Stigmatodiscales	Stigmatodiscales			order			accepted			Fungi	Ascomycota	Dothideomycetes	Stigmatodiscales		
12229804	7ddf754f-d193-4cc9-b351-99906754a03b	183			Coniosporiales		Coniosporiales	Coniosporiales			order			accepted			Fungi	Ascomycota	Dothideomycetes	Coniosporiales		
1261	7ddf754f-d193-4cc9-b351-99906754a03b	183			Acrospermales		Acrospermales	Acrospermales			order			accepted			Fungi	Ascomycota	Dothideomycetes	Acrospermales		
9746214	7ddf754f-d193-4cc9-b351-99906754a03b	183			Zeloasperisporiales		Zeloasperisporiales	Zeloasperisporiales			order			accepted			Fungi	Ascomycota	Dothideomycetes	Zeloasperisporiales		
12219134	7ddf754f-d193-4cc9-b351-99906754a03b	183			Aureoconidiellales		Aureoconidiellales	Aureoconidiellales			order			accepted			Fungi	Ascomycota	Dothideomycetes	Aureoconidiellales		
10896007	7ddf754f-d193-4cc9-b351-99906754a03b	183			Monoblastiales		Monoblastiales	Monoblastiales			order			accepted			Fungi	Ascomycota	Dothideomycetes	Monoblastiales		
1264	7ddf754f-d193-4cc9-b351-99906754a03b	183			Patellariales		Patellariales	Patellariales			order			accepted			Fungi	Ascomycota	Dothideomycetes	Patellariales		
7381366	7ddf754f-d193-4cc9-b351-99906754a03b	183			Strigulales		Strigulales	Strigulales			order			accepted			Fungi	Ascomycota	Dothideomycetes	Strigulales		
7186734	7ddf754f-d193-4cc9-b351-99906754a03b	183			Trypetheliales		Trypetheliales	Trypetheliales			order			accepted			Fungi	Ascomycota	Dothideomycetes	Trypetheliales		
10776794	7ddf754f-d193-4cc9-b351-99906754a03b	183			Neocelosporiales		Neocelosporiales	Neocelosporiales			order			accepted			Fungi	Ascomycota	Dothideomycetes	Neocelosporiales		
1036	7ddf754f-d193-4cc9-b351-99906754a03b	183			Microthyriales		Microthyriales	Microthyriales			order			accepted			Fungi	Ascomycota	Dothideomycetes	Microthyriales		
1032	7ddf754f-d193-4cc9-b351-99906754a03b	183			Botryosphaeriales		Botryosphaeriales	Botryosphaeriales			order			accepted			Fungi	Ascomycota	Dothideomycetes	Botryosphaeriales		
7840248	7ddf754f-d193-4cc9-b351-99906754a03b	183			Asterinales		Asterinales	Asterinales			order			accepted			Fungi	Ascomycota	Dothideomycetes	Asterinales		
9736394	7ddf754f-d193-4cc9-b351-99906754a03b	183			Superstratomycetales		Superstratomycetales	Superstratomycetales			order			accepted			Fungi	Ascomycota	Dothideomycetes	Superstratomycetales		
12223092	7ddf754f-d193-4cc9-b351-99906754a03b	183			Lineolatales		Lineolatales	Lineolatales			order			accepted			Fungi	Ascomycota	Dothideomycetes	Lineolatales		
9686333	7ddf754f-d193-4cc9-b351-99906754a03b	183			Tirisporellales		Tirisporellales	Tirisporellales			order			accepted			Fungi	Ascomycota	Dothideomycetes	Tirisporellales		
9713525	7ddf754f-d193-4cc9-b351-99906754a03b	183			Muyocopronales		Muyocopronales	Muyocopronales			order			accepted			Fungi	Ascomycota	Dothideomycetes	Muyocopronales		
7852496	7ddf754f-d193-4cc9-b351-99906754a03b	183			Dyfrolomycetales		Dyfrolomycetales	Dyfrolomycetales			order			accepted			Fungi	Ascomycota	Dothideomycetes	Dyfrolomycetales		
7621235	7ddf754f-d193-4cc9-b351-99906754a03b	183			Abrothallales		Abrothallales	Abrothallales			order			accepted			Fungi	Ascomycota	Dothideomycetes	Abrothallales		
10889081	7ddf754f-d193-4cc9-b351-99906754a03b	183			Cladoriellales		Cladoriellales	Cladoriellales			order			accepted			Fungi	Ascomycota	Dothideomycetes	Cladoriellales		
12199775	7ddf754f-d193-4cc9-b351-99906754a03b	183			Lembosinales		Lembosinales	Lembosinales			order			accepted			Fungi	Ascomycota	Dothideomycetes	Lembosinales		
8037101	7ddf754f-d193-4cc9-b351-99906754a03b	183			Eremithallales		Eremithallales	Eremithallales			order			accepted			Fungi	Ascomycota	Dothideomycetes	Eremithallales		
1035	7ddf754f-d193-4cc9-b351-99906754a03b	183			Jahnulales		Jahnulales	Jahnulales			order			accepted			Fungi	Ascomycota	Dothideomycetes	Jahnulales		
9714758	7ddf754f-d193-4cc9-b351-99906754a03b	183			Minutisphaerales		Minutisphaerales	Minutisphaerales			order			accepted			Fungi	Ascomycota	Dothideomycetes	Minutisphaerales		
12212626	7ddf754f-d193-4cc9-b351-99906754a03b	183			Neodactylariales		Neodactylariales	Neodactylariales			order			accepted			Fungi	Ascomycota	Dothideomycetes	Neodactylariales		
1047	7ddf754f-d193-4cc9-b351-99906754a03b	183			Pleosporales		Pleosporales	Pleosporales			order			accepted			Fungi	Ascomycota	Dothideomycetes	Pleosporales		
7446671	7ddf754f-d193-4cc9-b351-99906754a03b	183			Venturiales		Venturiales	Venturiales			order			accepted			Fungi	Ascomycota	Dothideomycetes	Venturiales		
9791120	7ddf754f-d193-4cc9-b351-99906754a03b	183			Collemopsidiales		Collemopsidiales	Collemopsidiales			order			accepted			Fungi	Ascomycota	Dothideomycetes	Collemopsidiales		
1034	7ddf754f-d193-4cc9-b351-99906754a03b	183			Hysteriales		Hysteriales	Hysteriales			order			accepted			Fungi	Ascomycota	Dothideomycetes	Hysteriales		
12252267	7ddf754f-d193-4cc9-b351-99906754a03b	183			Neophaeothecales		Neophaeothecales	Neophaeothecales			order			accepted			Fungi	Ascomycota	Dothideomycetes	Neophaeothecales		
7676498	7ddf754f-d193-4cc9-b351-99906754a03b	183			Valsariales		Valsariales	Valsariales			order			accepted			Fungi	Ascomycota	Dothideomycetes	Valsariales		
9729581	7ddf754f-d193-4cc9-b351-99906754a03b	183			Bezerromycetales		Bezerromycetales	Bezerromycetales			order			accepted			Fungi	Ascomycota	Dothideomycetes	Bezerromycetales		
8217364	7ddf754f-d193-4cc9-b351-99906754a03b	183			Asterotexales		Asterotexales	Asterotexales			order			accepted			Fungi	Ascomycota	Dothideomycetes	Asterotexales		
12253597	7ddf754f-d193-4cc9-b351-99906754a03b	183			Phaeothecales		Phaeothecales	Phaeothecales			order			accepted			Fungi	Ascomycota	Dothideomycetes	Phaeothecales		
8171373	7ddf754f-d193-4cc9-b351-99906754a03b	183			Lichenoconiales		Lichenoconiales	Lichenoconiales			order			accepted			Fungi	Ascomycota	Dothideomycetes	Lichenoconiales		
1037	7ddf754f-d193-4cc9-b351-99906754a03b	183			Myriangiales		Myriangiales	Myriangiales			order			accepted			Fungi	Ascomycota	Dothideomycetes	Myriangiales		
8285979	7ddf754f-d193-4cc9-b351-99906754a03b	183			Lichenotheliales		Lichenotheliales	Lichenotheliales			order			accepted			Fungi	Ascomycota	Dothideomycetes	Lichenotheliales		
9783671	7ddf754f-d193-4cc9-b351-99906754a03b	183			Mycosphaerellales		Mycosphaerellales	Mycosphaerellales			order			accepted			Fungi	Ascomycota	Dothideomycetes	Mycosphaerellales		
12233264	7ddf754f-d193-4cc9-b351-99906754a03b	183			Comminutisporales		Comminutisporales	Comminutisporales			order			accepted			Fungi	Ascomycota	Dothideomycetes	Comminutisporales		
7895423	7ddf754f-d193-4cc9-b351-99906754a03b	183			Mytilinidiales		Mytilinidiales	Mytilinidiales			order			accepted			Fungi	Ascomycota	Dothideomycetes	Mytilinidiales		
1262	7ddf754f-d193-4cc9-b351-99906754a03b	183			Capnodiales		Capnodiales	Capnodiales			order			accepted			Fungi	Ascomycota	Dothideomycetes	Capnodiales		
9744751	7ddf754f-d193-4cc9-b351-99906754a03b	9732619			Dactylopodida		Dactylopodida	Dactylopodida			order			accepted			Protozoa	Amoebozoa	Discosea	Dactylopodida		
9657453	7ddf754f-d193-4cc9-b351-99906754a03b	9732619			Vannellida		Vannellida	Vannellida			order			accepted			Protozoa	Amoebozoa	Discosea	Vannellida		
9687960	7ddf754f-d193-4cc9-b351-99906754a03b	9732619			Himatismenida		Himatismenida	Himatismenida			order			accepted			Protozoa	Amoebozoa	Discosea	Himatismenida		
1280	7ddf754f-d193-4cc9-b351-99906754a03b	315			Neolectales		Neolectales	Neolectales			order			accepted			Fungi	Ascomycota	Neolectomycetes	Neolectales		
761	7ddf754f-d193-4cc9-b351-99906754a03b	116			Amoebida		Amoebida	Amoebida			order			accepted			Protozoa	Amoebozoa	Lobosa	Amoebida		
760	7ddf754f-d193-4cc9-b351-99906754a03b	116			Arcellinida		Arcellinida	Arcellinida			order			accepted			Protozoa	Amoebozoa	Lobosa	Arcellinida		
1049	7ddf754f-d193-4cc9-b351-99906754a03b	314			Lichinales		Lichinales	Lichinales			order			accepted			Fungi	Ascomycota	Lichinomycetes	Lichinales		
1267	7ddf754f-d193-4cc9-b351-99906754a03b	312			Laboulbeniales		Laboulbeniales	Laboulbeniales			order			accepted			Fungi	Ascomycota	Laboulbeniomycetes	Laboulbeniales		
10799257	7ddf754f-d193-4cc9-b351-99906754a03b	312			Herpomycetales		Herpomycetales	Herpomycetales			order			accepted			Fungi	Ascomycota	Laboulbeniomycetes	Herpomycetales		
1268	7ddf754f-d193-4cc9-b351-99906754a03b	312			Pyxidiophorales		Pyxidiophorales	Pyxidiophorales			order			accepted			Fungi	Ascomycota	Laboulbeniomycetes	Pyxidiophorales		
1041	7ddf754f-d193-4cc9-b351-99906754a03b	178			Onygenales		Onygenales	Onygenales			order			accepted			Fungi	Ascomycota	Eurotiomycetes	Onygenales		
10855549	7ddf754f-d193-4cc9-b351-99906754a03b	178			Sclerococcales		Sclerococcales	Sclerococcales			order			accepted			Fungi	Ascomycota	Eurotiomycetes	Sclerococcales		
1265	7ddf754f-d193-4cc9-b351-99906754a03b	178			Arachnomycetales		Arachnomycetales	Arachnomycetales			order			accepted			Fungi	Ascomycota	Eurotiomycetes	Arachnomycetales		
1044	7ddf754f-d193-4cc9-b351-99906754a03b	178			Pyrenulales		Pyrenulales	Pyrenulales			order			accepted			Fungi	Ascomycota	Eurotiomycetes	Pyrenulales		
1040	7ddf754f-d193-4cc9-b351-99906754a03b	178			Eurotiales		Eurotiales	Eurotiales			order			accepted			Fungi	Ascomycota	Eurotiomycetes	Eurotiales		
1266	7ddf754f-d193-4cc9-b351-99906754a03b	178			Ascosphaerales		Ascosphaerales	Ascosphaerales			order			accepted			Fungi	Ascomycota	Eurotiomycetes	Ascosphaerales		
1038	7ddf754f-d193-4cc9-b351-99906754a03b	178			Chaetothyriales		Chaetothyriales	Chaetothyriales			order			accepted			Fungi	Ascomycota	Eurotiomycetes	Chaetothyriales		
1039	7ddf754f-d193-4cc9-b351-99906754a03b	178			Coryneliales		Coryneliales	Coryneliales			order			accepted			Fungi	Ascomycota	Eurotiomycetes	Coryneliales		
1045	7ddf754f-d193-4cc9-b351-99906754a03b	178			Mycocaliciales		Mycocaliciales	Mycocaliciales			order			accepted			Fungi	Ascomycota	Eurotiomycetes	Mycocaliciales		
8352384	7ddf754f-d193-4cc9-b351-99906754a03b	178			Phaeomoniellales		Phaeomoniellales	Phaeomoniellales			order			accepted			Fungi	Ascomycota	Eurotiomycetes	Phaeomoniellales		
1043	7ddf754f-d193-4cc9-b351-99906754a03b	178			Verrucariales		Verrucariales	Verrucariales			order			accepted			Fungi	Ascomycota	Eurotiomycetes	Verrucariales		
12198224	7ddf754f-d193-4cc9-b351-99906754a03b	180			Gyalectales		Gyalectales	Gyalectales			order			accepted			Fungi	Ascomycota	Lecanoromycetes	Gyalectales		
12256968	7ddf754f-d193-4cc9-b351-99906754a03b	180			Cryptocaliciales		Cryptocaliciales	Cryptocaliciales			order			accepted			Fungi	Ascomycota	Lecanoromycetes	Cryptocaliciales		
1279	7ddf754f-d193-4cc9-b351-99906754a03b	180			Ostropales		Ostropales	Ostropales			order			accepted			Fungi	Ascomycota	Lecanoromycetes	Ostropales		
10848190	7ddf754f-d193-4cc9-b351-99906754a03b	180			Lecideales		Lecideales	Lecideales			order			accepted			Fungi	Ascomycota	Lecanoromycetes	Lecideales		
10861608	7ddf754f-d193-4cc9-b351-99906754a03b	180			Caliciales		Caliciales	Caliciales			order			accepted			Fungi	Ascomycota	Lecanoromycetes	Caliciales		
10750097	7ddf754f-d193-4cc9-b351-99906754a03b	180			Schaereriales		Schaereriales	Schaereriales			order			accepted			Fungi	Ascomycota	Lecanoromycetes	Schaereriales		
10789844	7ddf754f-d193-4cc9-b351-99906754a03b	180			Rhizocarpales		Rhizocarpales	Rhizocarpales			order			accepted			Fungi	Ascomycota	Lecanoromycetes	Rhizocarpales		
10846842	7ddf754f-d193-4cc9-b351-99906754a03b	180			Hymeneliales		Hymeneliales	Hymeneliales			order			accepted			Fungi	Ascomycota	Lecanoromycetes	Hymeneliales		
10783452	7ddf754f-d193-4cc9-b351-99906754a03b	180			Arctomiales		Arctomiales	Arctomiales			order			accepted			Fungi	Ascomycota	Lecanoromycetes	Arctomiales		
10835964	7ddf754f-d193-4cc9-b351-99906754a03b	180			Graphidales		Graphidales	Graphidales			order			accepted			Fungi	Ascomycota	Lecanoromycetes	Graphidales		
1275	7ddf754f-d193-4cc9-b351-99906754a03b	180			Umbilicariales		Umbilicariales	Umbilicariales			order			accepted			Fungi	Ascomycota	Lecanoromycetes	Umbilicariales		
10834899	7ddf754f-d193-4cc9-b351-99906754a03b	180			Turquoiseomycetales		Turquoiseomycetales	Turquoiseomycetales			order			accepted			Fungi	Ascomycota	Lecanoromycetes	Turquoiseomycetales		
1051	7ddf754f-d193-4cc9-b351-99906754a03b	180			Pertusariales		Pertusariales	Pertusariales			order			accepted			Fungi	Ascomycota	Lecanoromycetes	Pertusariales		
1048	7ddf754f-d193-4cc9-b351-99906754a03b	180			Lecanorales		Lecanorales	Lecanorales			order			accepted			Fungi	Ascomycota	Lecanoromycetes	Lecanorales		
1271	7ddf754f-d193-4cc9-b351-99906754a03b	180			Acarosporales		Acarosporales	Acarosporales			order			accepted			Fungi	Ascomycota	Lecanoromycetes	Acarosporales		
1042	7ddf754f-d193-4cc9-b351-99906754a03b	180			Baeomycetales		Baeomycetales	Baeomycetales			order			accepted			Fungi	Ascomycota	Lecanoromycetes	Baeomycetales		
1050	7ddf754f-d193-4cc9-b351-99906754a03b	180			Teloschistales		Teloschistales	Teloschistales			order			accepted			Fungi	Ascomycota	Lecanoromycetes	Teloschistales		
1055	7ddf754f-d193-4cc9-b351-99906754a03b	180			Peltigerales		Peltigerales	Peltigerales			order			accepted			Fungi	Ascomycota	Lecanoromycetes	Peltigerales		
7796702	7ddf754f-d193-4cc9-b351-99906754a03b	7701815			Archaeorhizomycetales		Archaeorhizomycetales	Archaeorhizomycetales			order			accepted			Fungi	Ascomycota	Archaeorhizomycetes	Archaeorhizomycetales		
1281	7ddf754f-d193-4cc9-b351-99906754a03b	182			Saccharomycetales		Saccharomycetales	Saccharomycetales			order			accepted			Fungi	Ascomycota	Saccharomycetes	Saccharomycetales		
12250518	7ddf754f-d193-4cc9-b351-99906754a03b	12209763			Sareales		Sareales	Sareales			order			accepted			Fungi	Ascomycota	Sareomycetes	Sareales		
8014847	daacce49-b206-469b-8dc2-2257719f3afa	7490029			Coccoideaceae		Coccoideaceae	Coccoideaceae			order			accepted			Fungi	Ascomycota	Dothideales	Coccoideaceae		
10873774	7ddf754f-d193-4cc9-b351-99906754a03b	179			Phacidiales		Phacidiales	Phacidiales			order			accepted			Fungi	Ascomycota	Leotiomycetes	Phacidiales		
12173362	7ddf754f-d193-4cc9-b351-99906754a03b	179			Micraspidales		Micraspidales	Micraspidales			order			accepted			Fungi	Ascomycota	Leotiomycetes	Micraspidales		
1276	7ddf754f-d193-4cc9-b351-99906754a03b	179			Cyttariales		Cyttariales	Cyttariales			order			accepted			Fungi	Ascomycota	Leotiomycetes	Cyttariales		
10899016	7ddf754f-d193-4cc9-b351-99906754a03b	179			Chaetomellales		Chaetomellales	Chaetomellales			order			accepted			Fungi	Ascomycota	Leotiomycetes	Chaetomellales		
1054	7ddf754f-d193-4cc9-b351-99906754a03b	179			Thelebolales		Thelebolales	Thelebolales			order			accepted			Fungi	Ascomycota	Leotiomycetes	Thelebolales		
1053	7ddf754f-d193-4cc9-b351-99906754a03b	179			Leotiales		Leotiales	Leotiales			order			accepted			Fungi	Ascomycota	Leotiomycetes	Leotiales		
1278	7ddf754f-d193-4cc9-b351-99906754a03b	179			Rhytismatales		Rhytismatales	Rhytismatales			order			accepted			Fungi	Ascomycota	Leotiomycetes	Rhytismatales		
1052	daacce49-b206-469b-8dc2-2257719f3afa	179			Helotiales		Helotiales	Helotiales			order			accepted			Fungi	Ascomycota	Leotiomycetes	Helotiales		
862	7ddf754f-d193-4cc9-b351-99906754a03b	179			Medeolariales		Medeolariales	Medeolariales			order			accepted			Fungi	Ascomycota	Leotiomycetes	Medeolariales		
10695327	7ddf754f-d193-4cc9-b351-99906754a03b	179			Lichinodiales		Lichinodiales	Lichinodiales			order			accepted			Fungi	Ascomycota	Leotiomycetes	Lichinodiales		
1282	7ddf754f-d193-4cc9-b351-99906754a03b	317			Schizosaccharomycetales		Schizosaccharomycetales	Schizosaccharomycetales			order			accepted			Fungi	Ascomycota	Schizosaccharomycetes	Schizosaccharomycetales		
1058	7ddf754f-d193-4cc9-b351-99906754a03b	320			Boliniales		Boliniales	Boliniales			order			accepted			Fungi	Ascomycota	Sordariomycetes	Boliniales		
9727142	7ddf754f-d193-4cc9-b351-99906754a03b	320			Torpedosporales		Torpedosporales	Torpedosporales			order			accepted			Fungi	Ascomycota	Sordariomycetes	Torpedosporales		
9786028	7ddf754f-d193-4cc9-b351-99906754a03b	320			Jobellisiales		Jobellisiales	Jobellisiales			order			accepted			Fungi	Ascomycota	Sordariomycetes	Jobellisiales		
1298	7ddf754f-d193-4cc9-b351-99906754a03b	320			Xylariales		Xylariales	Xylariales			order			accepted			Fungi	Ascomycota	Sordariomycetes	Xylariales		
9681941	7ddf754f-d193-4cc9-b351-99906754a03b	320			Annulatascales		Annulatascales	Annulatascales			order			accepted			Fungi	Ascomycota	Sordariomycetes	Annulatascales		
7767473	7ddf754f-d193-4cc9-b351-99906754a03b	320			Koralionastetales		Koralionastetales	Koralionastetales			order			accepted			Fungi	Ascomycota	Sordariomycetes	Koralionastetales		
9802425	7ddf754f-d193-4cc9-b351-99906754a03b	320			Amplistromatales		Amplistromatales	Amplistromatales			order			accepted			Fungi	Ascomycota	Sordariomycetes	Amplistromatales		
1285	7ddf754f-d193-4cc9-b351-99906754a03b	320			Coniochaetales		Coniochaetales	Coniochaetales			order			accepted			Fungi	Ascomycota	Sordariomycetes	Coniochaetales		
10750328	7ddf754f-d193-4cc9-b351-99906754a03b	320			Pararamichloridiales		Pararamichloridiales	Pararamichloridiales			order			accepted			Fungi	Ascomycota	Sordariomycetes	Pararamichloridiales		
8378525	7ddf754f-d193-4cc9-b351-99906754a03b	320			Halosphaeriales		Halosphaeriales	Halosphaeriales			order			accepted			Fungi	Ascomycota	Sordariomycetes	Halosphaeriales		
9671042	7ddf754f-d193-4cc9-b351-99906754a03b	320			Delonicicolales		Delonicicolales	Delonicicolales			order			accepted			Fungi	Ascomycota	Sordariomycetes	Delonicicolales		
10769722	7ddf754f-d193-4cc9-b351-99906754a03b	320			Vermiculariopsiellales		Vermiculariopsiellales	Vermiculariopsiellales			order			accepted			Fungi	Ascomycota	Sordariomycetes	Vermiculariopsiellales		
9796456	7ddf754f-d193-4cc9-b351-99906754a03b	320			Conioscyphales		Conioscyphales	Conioscyphales			order			accepted			Fungi	Ascomycota	Sordariomycetes	Conioscyphales		
1289	7ddf754f-d193-4cc9-b351-99906754a03b	320			Diaporthales		Diaporthales	Diaporthales			order			accepted			Fungi	Ascomycota	Sordariomycetes	Diaporthales		
9673284	7ddf754f-d193-4cc9-b351-99906754a03b	320			Myrmecridiales		Myrmecridiales	Myrmecridiales			order			accepted			Fungi	Ascomycota	Sordariomycetes	Myrmecridiales		
1288	7ddf754f-d193-4cc9-b351-99906754a03b	320			Coronophorales		Coronophorales	Coronophorales			order			accepted			Fungi	Ascomycota	Sordariomycetes	Coronophorales		
10855569	7ddf754f-d193-4cc9-b351-99906754a03b	320			Parasympodiellales		Parasympodiellales	Parasympodiellales			order			accepted			Fungi	Ascomycota	Sordariomycetes	Parasympodiellales		
1059	7ddf754f-d193-4cc9-b351-99906754a03b	320			Microascales		Microascales	Microascales			order			accepted			Fungi	Ascomycota	Sordariomycetes	Microascales		
9720967	7ddf754f-d193-4cc9-b351-99906754a03b	320			Falcocladiales		Falcocladiales	Falcocladiales			order			accepted			Fungi	Ascomycota	Sordariomycetes	Falcocladiales		
1284	7ddf754f-d193-4cc9-b351-99906754a03b	320			Chaetosphaeriales		Chaetosphaeriales	Chaetosphaeriales			order			accepted			Fungi	Ascomycota	Sordariomycetes	Chaetosphaeriales		
9674305	7ddf754f-d193-4cc9-b351-99906754a03b	320			Fuscosporellales		Fuscosporellales	Fuscosporellales			order			accepted			Fungi	Ascomycota	Sordariomycetes	Fuscosporellales		
10672858	7ddf754f-d193-4cc9-b351-99906754a03b	320			Spathulosporales		Spathulosporales	Spathulosporales			order			accepted			Fungi	Ascomycota	Sordariomycetes	Spathulosporales		
840	7ddf754f-d193-4cc9-b351-99906754a03b	320			Melanosporales		Melanosporales	Melanosporales			order			accepted			Fungi	Ascomycota	Sordariomycetes	Melanosporales		
9680148	7ddf754f-d193-4cc9-b351-99906754a03b	320			Xenospadicoidales		Xenospadicoidales	Xenospadicoidales			order			accepted			Fungi	Ascomycota	Sordariomycetes	Xenospadicoidales		
1297	7ddf754f-d193-4cc9-b351-99906754a03b	320			Trichosphaeriales		Trichosphaeriales	Trichosphaeriales			order			accepted			Fungi	Ascomycota	Sordariomycetes	Trichosphaeriales		
9743257	7ddf754f-d193-4cc9-b351-99906754a03b	320			Batistiales		Batistiales	Batistiales			order			accepted			Fungi	Ascomycota	Sordariomycetes	Batistiales		
1061	7ddf754f-d193-4cc9-b351-99906754a03b	320			Sordariales		Sordariales	Sordariales			order			accepted			Fungi	Ascomycota	Sordariomycetes	Sordariales		
10837832	7ddf754f-d193-4cc9-b351-99906754a03b	320			Distoseptisporales		Distoseptisporales	Distoseptisporales			order			accepted			Fungi	Ascomycota	Sordariomycetes	Distoseptisporales		
7889691	7ddf754f-d193-4cc9-b351-99906754a03b	320			Magnaporthales		Magnaporthales	Magnaporthales			order			accepted			Fungi	Ascomycota	Sordariomycetes	Magnaporthales		
10829263	7ddf754f-d193-4cc9-b351-99906754a03b	320			Tracyllales		Tracyllales	Tracyllales			order			accepted			Fungi	Ascomycota	Sordariomycetes	Tracyllales		
10850049	7ddf754f-d193-4cc9-b351-99906754a03b	320			Atractosporales		Atractosporales	Atractosporales			order			accepted			Fungi	Ascomycota	Sordariomycetes	Atractosporales		
7775868	7ddf754f-d193-4cc9-b351-99906754a03b	320			Pisorisporiales		Pisorisporiales	Pisorisporiales			order			accepted			Fungi	Ascomycota	Sordariomycetes	Pisorisporiales		
9705517	7ddf754f-d193-4cc9-b351-99906754a03b	320			Glomerellales		Glomerellales	Glomerellales			order			accepted			Fungi	Ascomycota	Sordariomycetes	Glomerellales		
1026	7ddf754f-d193-4cc9-b351-99906754a03b	320			Phyllachorales		Phyllachorales	Phyllachorales			order			accepted			Fungi	Ascomycota	Sordariomycetes	Phyllachorales		
9705438	7ddf754f-d193-4cc9-b351-99906754a03b	320			Amphisphaeriales		Amphisphaeriales	Amphisphaeriales			order			accepted			Fungi	Ascomycota	Sordariomycetes	Amphisphaeriales		
1283	7ddf754f-d193-4cc9-b351-99906754a03b	320			Calosphaeriales		Calosphaeriales	Calosphaeriales			order			accepted			Fungi	Ascomycota	Sordariomycetes	Calosphaeriales		
10796203	7ddf754f-d193-4cc9-b351-99906754a03b	320			Cephalothecales		Cephalothecales	Cephalothecales			order			accepted			Fungi	Ascomycota	Sordariomycetes	Cephalothecales		
7358616	7ddf754f-d193-4cc9-b351-99906754a03b	320			Savoryellales		Savoryellales	Savoryellales			order			accepted			Fungi	Ascomycota	Sordariomycetes	Savoryellales		
9792127	7ddf754f-d193-4cc9-b351-99906754a03b	320			Togniniales		Togniniales	Togniniales			order			accepted			Fungi	Ascomycota	Sordariomycetes	Togniniales		
10766763	7ddf754f-d193-4cc9-b351-99906754a03b	320			Pseudodactylariales		Pseudodactylariales	Pseudodactylariales			order			accepted			Fungi	Ascomycota	Sordariomycetes	Pseudodactylariales		
1291	7ddf754f-d193-4cc9-b351-99906754a03b	320			Lulworthiales		Lulworthiales	Lulworthiales			order			accepted			Fungi	Ascomycota	Sordariomycetes	Lulworthiales		
1292	7ddf754f-d193-4cc9-b351-99906754a03b	320			Ophiostomatales		Ophiostomatales	Ophiostomatales			order			accepted			Fungi	Ascomycota	Sordariomycetes	Ophiostomatales		
9694354	7ddf754f-d193-4cc9-b351-99906754a03b	320			Cordanales		Cordanales	Cordanales			order			accepted			Fungi	Ascomycota	Sordariomycetes	Cordanales		
12224189	7ddf754f-d193-4cc9-b351-99906754a03b	320			Cancellidiales		Cancellidiales	Cancellidiales			order			accepted			Fungi	Ascomycota	Sordariomycetes	Cancellidiales		
1290	7ddf754f-d193-4cc9-b351-99906754a03b	320			Hypocreales		Hypocreales	Hypocreales			order			accepted			Fungi	Ascomycota	Sordariomycetes	Hypocreales		
1263	7ddf754f-d193-4cc9-b351-99906754a03b	320			Meliolales		Meliolales	Meliolales			order			accepted			Fungi	Ascomycota	Sordariomycetes	Meliolales		
9654366	7ddf754f-d193-4cc9-b351-99906754a03b	320			Pleurotheciales		Pleurotheciales	Pleurotheciales			order			accepted			Fungi	Ascomycota	Sordariomycetes	Pleurotheciales		
9684225	7ddf754f-d193-4cc9-b351-99906754a03b	320			Phomatosporales		Phomatosporales	Phomatosporales			order			accepted			Fungi	Ascomycota	Sordariomycetes	Phomatosporales		
382	7ddf754f-d193-4cc9-b351-99906754a03b	241			Leiosporocerotales		Leiosporocerotales	Leiosporocerotales			order		Hässel de Menéndez, G. G. (1988). A proposal for a new classification of the genera within the Anthocerotophyta. Journal of the Hattori Botanical Laboratory, 64, 71–86. https://www.tropicos.org/reference/9024647	accepted			Plantae	Anthocerotophyta	Leiosporocerotopsida	Leiosporocerotales		
957	7ddf754f-d193-4cc9-b351-99906754a03b	132			Notothyladales		Notothyladales	Notothyladales			order		Hyvönen, J., & Piippo, S. (1993). Cladistic analysis of the Hornworts (Anthocerotophyta). Journal of the Hattori Botanical Laboratory, 74, 105–119. https://www.tropicos.org/reference/9013543	accepted			Plantae	Anthocerotophyta	Anthocerotopsida	Notothyladales		
955	7ddf754f-d193-4cc9-b351-99906754a03b	132			Anthocerotales		Anthocerotales	Anthocerotales			order		Limpricht, K. G. (1877). Lebermoose. In F. J. Cohn, Kryptogamen-Flora von Schlesien (Vol. 1, Issue 2, pp. 225–352). J. U. Kern. https://www.tropicos.org/reference/100042865	accepted			Plantae	Anthocerotophyta	Anthocerotopsida	Anthocerotales		
958	7ddf754f-d193-4cc9-b351-99906754a03b	132			Phymatocerotales		Phymatocerotales	Phymatocerotales			order		Duff, R. J.; Villarreal A., J. C.; Cargill, D. C.; Renzaglia, K. S. (2007). Progress and challenges toward developing a phylogeny and classification of the hornworts. The Bryologist, 110, 214–243. https://www.tropicos.org/reference/9033036	accepted			Plantae	Anthocerotophyta	Anthocerotopsida	Phymatocerotales		
956	7ddf754f-d193-4cc9-b351-99906754a03b	132			Dendrocerotales		Dendrocerotales	Dendrocerotales			order		Katagiri, T., & Furuki, T. (2018). Checklist of Japanese liverworts and hornworts, 2018. Hattoria, 9, 53–102. https://www.tropicos.org/reference/100031425	accepted			Plantae	Anthocerotophyta	Anthocerotopsida	Dendrocerotales		
10705942	a97f36e5-ded1-49cc-bdec-ac6170fc7b9c	10881525			GWA2-58-10						order			accepted			Bacteria	Gemmatimonadota	Glassbacteria	GWA2-58-10		
11121048	a97f36e5-ded1-49cc-bdec-ac6170fc7b9c	305			Longimicrobiales		Longimicrobiales	Longimicrobiales			order			accepted			Bacteria	Gemmatimonadota	Gemmatimonadetes	Longimicrobiales		
11141356	a97f36e5-ded1-49cc-bdec-ac6170fc7b9c	305			KS3-K002						order			accepted			Bacteria	Gemmatimonadota	Gemmatimonadetes	KS3-K002		
11161806	a97f36e5-ded1-49cc-bdec-ac6170fc7b9c	305			JACCXV01						order			accepted			Bacteria	Gemmatimonadota	Gemmatimonadetes	JACCXV01		
1216	a97f36e5-ded1-49cc-bdec-ac6170fc7b9c	305			Gemmatimonadales		Gemmatimonadales	Gemmatimonadales			order			accepted			Bacteria	Gemmatimonadota	Gemmatimonadetes	Gemmatimonadales		
10848124	a97f36e5-ded1-49cc-bdec-ac6170fc7b9c	10756161			Halobacteroidales		Halobacteroidales	Halobacteroidales			order			accepted			Bacteria	Firmicutes_F	Halanaerobiia	Halobacteroidales		
10826988	a97f36e5-ded1-49cc-bdec-ac6170fc7b9c	10756161			DY22613						order			accepted			Bacteria	Firmicutes_F	Halanaerobiia	DY22613		
578	a97f36e5-ded1-49cc-bdec-ac6170fc7b9c	10756161			Halanaerobiales		Halanaerobiales	Halanaerobiales			order			accepted			Bacteria	Firmicutes_F	Halanaerobiia	Halanaerobiales		
10873825	a97f36e5-ded1-49cc-bdec-ac6170fc7b9c	10756161			B1SED10-174						order			accepted			Bacteria	Firmicutes_F	Halanaerobiia	B1SED10-174		
11156126	a97f36e5-ded1-49cc-bdec-ac6170fc7b9c	10751510			DUMF01						order			accepted			Bacteria	Firmicutes_E	DTU015	DUMF01		
10821147	a97f36e5-ded1-49cc-bdec-ac6170fc7b9c	10751510			UBA8153						order			accepted			Bacteria	Firmicutes_E	DTU015	UBA8153		
10888187	a97f36e5-ded1-49cc-bdec-ac6170fc7b9c	10751510			UBA995						order			accepted			Bacteria	Firmicutes_E	DTU015	UBA995		
10805430	a97f36e5-ded1-49cc-bdec-ac6170fc7b9c	10751510			D8A-2						order			accepted			Bacteria	Firmicutes_E	DTU015	D8A-2		
11176116	a97f36e5-ded1-49cc-bdec-ac6170fc7b9c	10751510			JACIYH01						order			accepted			Bacteria	Firmicutes_E	DTU015	JACIYH01		
10779695	a97f36e5-ded1-49cc-bdec-ac6170fc7b9c	10751510			UBA3561						order			accepted			Bacteria	Firmicutes_E	DTU015	UBA3561		
11118538	a97f36e5-ded1-49cc-bdec-ac6170fc7b9c	10751510			DUSP01						order			accepted			Bacteria	Firmicutes_E	DTU015	DUSP01		
11116460	a97f36e5-ded1-49cc-bdec-ac6170fc7b9c	10751510			CADDZV01						order			accepted			Bacteria	Firmicutes_E	DTU015	CADDZV01		
11170587	a97f36e5-ded1-49cc-bdec-ac6170fc7b9c	10751510			JABLXB01						order			accepted			Bacteria	Firmicutes_E	DTU015	JABLXB01		
10872482	a97f36e5-ded1-49cc-bdec-ac6170fc7b9c	10751510			UBA9673						order			accepted			Bacteria	Firmicutes_E	DTU015	UBA9673		
10681075	a97f36e5-ded1-49cc-bdec-ac6170fc7b9c	10856559			Thermaerobacterales		Thermaerobacterales	Thermaerobacterales			order			accepted			Bacteria	Firmicutes_E	Thermaerobacteria	Thermaerobacterales		
10757853	a97f36e5-ded1-49cc-bdec-ac6170fc7b9c	10866065			Symbiobacteriales		Symbiobacteriales	Symbiobacteriales			order			accepted			Bacteria	Firmicutes_E	Symbiobacteriia	Symbiobacteriales		
1196	a97f36e5-ded1-49cc-bdec-ac6170fc7b9c	294			Thermococcales		Thermococcales	Thermococcales			order			accepted			Archaea	Methanobacteriota_B	Thermococci	Thermococcales		
10795290	a97f36e5-ded1-49cc-bdec-ac6170fc7b9c	294			Methanofastidiosales		Methanofastidiosales	Methanofastidiosales			order			accepted			Archaea	Methanobacteriota_B	Thermococci	Methanofastidiosales		
10859999	a97f36e5-ded1-49cc-bdec-ac6170fc7b9c	10831010			UBA3575						order			accepted			Bacteria	Firmicutes_E	UBA3569	UBA3575		
10840409	a97f36e5-ded1-49cc-bdec-ac6170fc7b9c	10675073			Sulfobacillales		Sulfobacillales	Sulfobacillales			order			accepted			Bacteria	Firmicutes_E	Sulfobacillia	Sulfobacillales		
10866195	7ddf754f-d193-4cc9-b351-99906754a03b	95			Xylobotryomycetes		Xylobotryomycetes	Xylobotryomycetes			class			accepted			Fungi	Ascomycota	Xylobotryomycetes			
312	7ddf754f-d193-4cc9-b351-99906754a03b	95			Laboulbeniomycetes		Laboulbeniomycetes	Laboulbeniomycetes			class			accepted			Fungi	Ascomycota	Laboulbeniomycetes			
179	daacce49-b206-469b-8dc2-2257719f3afa	95			Leotiomycetes		Leotiomycetes	Leotiomycetes			class			accepted			Fungi	Ascomycota	Leotiomycetes			
317	7ddf754f-d193-4cc9-b351-99906754a03b	95			Schizosaccharomycetes		Schizosaccharomycetes	Schizosaccharomycetes			class			accepted			Fungi	Ascomycota	Schizosaccharomycetes			
7701815	7ddf754f-d193-4cc9-b351-99906754a03b	95			Archaeorhizomycetes		Archaeorhizomycetes	Archaeorhizomycetes			class			accepted			Fungi	Ascomycota	Archaeorhizomycetes			
320	7ddf754f-d193-4cc9-b351-99906754a03b	95			Sordariomycetes		Sordariomycetes	Sordariomycetes			class			accepted			Fungi	Ascomycota	Sordariomycetes			
10792796	7ddf754f-d193-4cc9-b351-99906754a03b	95			Candelariomycetes		Candelariomycetes	Candelariomycetes			class			accepted			Fungi	Ascomycota	Candelariomycetes			
10874653	7ddf754f-d193-4cc9-b351-99906754a03b	95			Coniocybomycetes		Coniocybomycetes	Coniocybomycetes			class			accepted			Fungi	Ascomycota	Coniocybomycetes			
183	7ddf754f-d193-4cc9-b351-99906754a03b	95			Dothideomycetes		Dothideomycetes	Dothideomycetes			class			accepted			Fungi	Ascomycota	Dothideomycetes			
316	7ddf754f-d193-4cc9-b351-99906754a03b	95			Pezizomycetes		Pezizomycetes	Pezizomycetes			class			accepted			Fungi	Ascomycota	Pezizomycetes			
7371755	7ddf754f-d193-4cc9-b351-99906754a03b	95			Geoglossomycetes		Geoglossomycetes	Geoglossomycetes			class			accepted			Fungi	Ascomycota	Geoglossomycetes			
12234626	7ddf754f-d193-4cc9-b351-99906754a03b	95			Novakomycetes		Novakomycetes	Novakomycetes			class			accepted			Fungi	Ascomycota	Novakomycetes			
315	7ddf754f-d193-4cc9-b351-99906754a03b	95			Neolectomycetes		Neolectomycetes	Neolectomycetes			class			accepted			Fungi	Ascomycota	Neolectomycetes			
313	7ddf754f-d193-4cc9-b351-99906754a03b	95			Arthoniomycetes		Arthoniomycetes	Arthoniomycetes			class			accepted			Fungi	Ascomycota	Arthoniomycetes			
184	7ddf754f-d193-4cc9-b351-99906754a03b	95			Taphrinomycetes		Taphrinomycetes	Taphrinomycetes			class			accepted			Fungi	Ascomycota	Taphrinomycetes			
178	7ddf754f-d193-4cc9-b351-99906754a03b	95			Eurotiomycetes		Eurotiomycetes	Eurotiomycetes			class			accepted			Fungi	Ascomycota	Eurotiomycetes			
180	7ddf754f-d193-4cc9-b351-99906754a03b	95			Lecanoromycetes		Lecanoromycetes	Lecanoromycetes			class			accepted			Fungi	Ascomycota	Lecanoromycetes			
181	7ddf754f-d193-4cc9-b351-99906754a03b	95			Orbiliomycetes		Orbiliomycetes	Orbiliomycetes			class			accepted			Fungi	Ascomycota	Orbiliomycetes			
7490029	daacce49-b206-469b-8dc2-2257719f3afa	95			Dothideales		Dothideales	Dothideales			class			accepted			Fungi	Ascomycota	Dothideales			
7480650	7ddf754f-d193-4cc9-b351-99906754a03b	95			Xylonomycetes		Xylonomycetes	Xylonomycetes			class			accepted			Fungi	Ascomycota	Xylonomycetes			
182	7ddf754f-d193-4cc9-b351-99906754a03b	95			Saccharomycetes		Saccharomycetes	Saccharomycetes			class			accepted			Fungi	Ascomycota	Saccharomycetes			
9678908	7ddf754f-d193-4cc9-b351-99906754a03b	95			Pneumocystomycetes		Pneumocystomycetes	Pneumocystomycetes			class			accepted			Fungi	Ascomycota	Pneumocystomycetes			
12209763	7ddf754f-d193-4cc9-b351-99906754a03b	95			Sareomycetes		Sareomycetes	Sareomycetes			class			accepted			Fungi	Ascomycota	Sareomycetes			
314	7ddf754f-d193-4cc9-b351-99906754a03b	95			Lichinomycetes		Lichinomycetes	Lichinomycetes			class			accepted			Fungi	Ascomycota	Lichinomycetes			
753	7ddf754f-d193-4cc9-b351-99906754a03b	95			Lahmiales		Lahmiales	Lahmiales			order			accepted			Fungi	Ascomycota		Lahmiales		
10834374	7ddf754f-d193-4cc9-b351-99906754a03b	95			Lauriomycetales		Lauriomycetales	Lauriomycetales			order			accepted			Fungi	Ascomycota		Lauriomycetales		
10833316	7ddf754f-d193-4cc9-b351-99906754a03b	95			Wiesneriomycetales		Wiesneriomycetales	Wiesneriomycetales			order			accepted			Fungi	Ascomycota		Wiesneriomycetales		
861	7ddf754f-d193-4cc9-b351-99906754a03b	95			Triblidiales		Triblidiales	Triblidiales			order			accepted			Fungi	Ascomycota		Triblidiales		
10863726	7ddf754f-d193-4cc9-b351-99906754a03b	95			Vezdaeales		Vezdaeales	Vezdaeales			order			accepted			Fungi	Ascomycota		Vezdaeales		
10825137	7ddf754f-d193-4cc9-b351-99906754a03b	95			Thelocarpales		Thelocarpales	Thelocarpales			order			accepted			Fungi	Ascomycota		Thelocarpales		
267	7ddf754f-d193-4cc9-b351-99906754a03b	17			Neocallimastigomycetes		Neocallimastigomycetes	Neocallimastigomycetes			class			accepted			Fungi	Neocallimastigomycota	Neocallimastigomycetes			
147	7ddf754f-d193-4cc9-b351-99906754a03b	73			Blastocladiomycetes		Blastocladiomycetes	Blastocladiomycetes			class			accepted			Fungi	Blastocladiomycota	Blastocladiomycetes			
9693863	7ddf754f-d193-4cc9-b351-99906754a03b	10791940			Entomophthoromycetes		Entomophthoromycetes	Entomophthoromycetes			class			accepted			Fungi	Entomophthoromycota	Entomophthoromycetes			
10692123	7ddf754f-d193-4cc9-b351-99906754a03b	12252287			Sanchytriomycetes		Sanchytriomycetes	Sanchytriomycetes			class			accepted			Fungi	Sanchytriomycota	Sanchytriomycetes			
843	7ddf754f-d193-4cc9-b351-99906754a03b	10794457			Caudovirales		Caudovirales	Caudovirales			order			accepted			Viruses	Uroviricota	Caudoviricetes	Caudovirales		
10689325	7ddf754f-d193-4cc9-b351-99906754a03b	94			Rhizophydiomycetes		Rhizophydiomycetes	Rhizophydiomycetes			class			accepted			Fungi	Chytridiomycota	Rhizophydiomycetes			
318	7ddf754f-d193-4cc9-b351-99906754a03b	94			Chytridiomycetes		Chytridiomycetes	Chytridiomycetes			class			accepted			Fungi	Chytridiomycota	Chytridiomycetes			
12250764	7ddf754f-d193-4cc9-b351-99906754a03b	94			Mesochytriomycetes		Mesochytriomycetes	Mesochytriomycetes			class			accepted			Fungi	Chytridiomycota	Mesochytriomycetes			
12190331	7ddf754f-d193-4cc9-b351-99906754a03b	94			Lobulomycetes		Lobulomycetes	Lobulomycetes			class			accepted			Fungi	Chytridiomycota	Lobulomycetes			
268	7ddf754f-d193-4cc9-b351-99906754a03b	94			Monoblepharidomycetes		Monoblepharidomycetes	Monoblepharidomycetes			class			accepted			Fungi	Chytridiomycota	Monoblepharidomycetes			
9796977	7ddf754f-d193-4cc9-b351-99906754a03b	94			Nephridiophagales		Nephridiophagales	Nephridiophagales			order			accepted			Fungi	Chytridiomycota		Nephridiophagales		
9751753	7ddf754f-d193-4cc9-b351-99906754a03b	12237820			Zoopagomycetes		Zoopagomycetes	Zoopagomycetes			class			accepted			Fungi	Zoopagomycota	Zoopagomycetes			
12257625	7ddf754f-d193-4cc9-b351-99906754a03b	12238325			Endogonomycetes		Endogonomycetes	Endogonomycetes			class			accepted			Fungi	Mucoromycota	Endogonomycetes			
12241315	7ddf754f-d193-4cc9-b351-99906754a03b	12238325			Umbelopsidomycetes		Umbelopsidomycetes	Umbelopsidomycetes			class			accepted			Fungi	Mucoromycota	Umbelopsidomycetes			
10756521	7ddf754f-d193-4cc9-b351-99906754a03b	12238325			Kickxellomycetes		Kickxellomycetes	Kickxellomycetes			class			accepted			Fungi	Mucoromycota	Kickxellomycetes			
9796761	7ddf754f-d193-4cc9-b351-99906754a03b	12238325			Mucoromycetes		Mucoromycetes	Mucoromycetes			class			accepted			Fungi	Mucoromycota	Mucoromycetes			
9651048	7ddf754f-d193-4cc9-b351-99906754a03b	12238325			Mortierellomycetes		Mortierellomycetes	Mortierellomycetes			class			accepted			Fungi	Mucoromycota	Mortierellomycetes			
752	7ddf754f-d193-4cc9-b351-99906754a03b	12238325			Dimargaritales		Dimargaritales	Dimargaritales			order			accepted			Fungi	Mucoromycota		Dimargaritales		
857	7ddf754f-d193-4cc9-b351-99906754a03b	12238325			Asellariales		Asellariales	Asellariales			order			accepted			Fungi	Mucoromycota		Asellariales		
5952435	7ddf754f-d193-4cc9-b351-99906754a03b	96			Zygomycetes		Zygomycetes	Zygomycetes			class			accepted			Fungi	Zygomycota	Zygomycetes			
860	7ddf754f-d193-4cc9-b351-99906754a03b	96			Basidiobolales		Basidiobolales	Basidiobolales			order			accepted			Fungi	Zygomycota		Basidiobolales		
156	7ddf754f-d193-4cc9-b351-99906754a03b	18			Glomeromycetes		Glomeromycetes	Glomeromycetes			class			accepted			Fungi	Glomeromycota	Glomeromycetes			
273	7ddf754f-d193-4cc9-b351-99906754a03b	34			Dacrymycetes		Dacrymycetes	Dacrymycetes			class			accepted			Fungi	Basidiomycota	Dacrymycetes			
152	7ddf754f-d193-4cc9-b351-99906754a03b	34			Cystobasidiomycetes		Cystobasidiomycetes	Cystobasidiomycetes			class			accepted			Fungi	Basidiomycota	Cystobasidiomycetes			
270	7ddf754f-d193-4cc9-b351-99906754a03b	34			Pucciniomycetes		Pucciniomycetes	Pucciniomycetes			class			accepted			Fungi	Basidiomycota	Pucciniomycetes			
154	7ddf754f-d193-4cc9-b351-99906754a03b	34			Classiculomycetes		Classiculomycetes	Classiculomycetes			class			accepted			Fungi	Basidiomycota	Classiculomycetes			
148	7ddf754f-d193-4cc9-b351-99906754a03b	34			Ustilaginomycetes		Ustilaginomycetes	Ustilaginomycetes			class			accepted			Fungi	Basidiomycota	Ustilaginomycetes			
12209381	7ddf754f-d193-4cc9-b351-99906754a03b	34			Moniliellomycetes		Moniliellomycetes	Moniliellomycetes			class			accepted			Fungi	Basidiomycota	Moniliellomycetes			
272	7ddf754f-d193-4cc9-b351-99906754a03b	34			Entorrhizomycetes		Entorrhizomycetes	Entorrhizomycetes			class			accepted			Fungi	Basidiomycota	Entorrhizomycetes			
271	7ddf754f-d193-4cc9-b351-99906754a03b	34			Mixiomycetes		Mixiomycetes	Mixiomycetes			class			accepted			Fungi	Basidiomycota	Mixiomycetes			
153	7ddf754f-d193-4cc9-b351-99906754a03b	34			Cryptomycocolacomycetes		Cryptomycocolacomycetes	Cryptomycocolacomycetes			class			accepted			Fungi	Basidiomycota	Cryptomycocolacomycetes			
8070058	7ddf754f-d193-4cc9-b351-99906754a03b	34			Tritirachiomycetes		Tritirachiomycetes	Tritirachiomycetes			class			accepted			Fungi	Basidiomycota	Tritirachiomycetes			
151	7ddf754f-d193-4cc9-b351-99906754a03b	34			Exobasidiomycetes		Exobasidiomycetes	Exobasidiomycetes			class			accepted			Fungi	Basidiomycota	Exobasidiomycetes			
186	7ddf754f-d193-4cc9-b351-99906754a03b	34			Agaricomycetes		Agaricomycetes	Agaricomycetes			class			accepted			Fungi	Basidiomycota	Agaricomycetes			
269	7ddf754f-d193-4cc9-b351-99906754a03b	34			Wallemiomycetes		Wallemiomycetes	Wallemiomycetes			class			accepted			Fungi	Basidiomycota	Wallemiomycetes			
12237871	7ddf754f-d193-4cc9-b351-99906754a03b	34			Spiculogloeomycetes		Spiculogloeomycetes	Spiculogloeomycetes			class			accepted			Fungi	Basidiomycota	Spiculogloeomycetes			
150	7ddf754f-d193-4cc9-b351-99906754a03b	34			Microbotryomycetes		Microbotryomycetes	Microbotryomycetes			class			accepted			Fungi	Basidiomycota	Microbotryomycetes			
7480949	7ddf754f-d193-4cc9-b351-99906754a03b	34			Malasseziomycetes		Malasseziomycetes	Malasseziomycetes			class			accepted			Fungi	Basidiomycota	Malasseziomycetes			
149	7ddf754f-d193-4cc9-b351-99906754a03b	34			Tremellomycetes		Tremellomycetes	Tremellomycetes			class			accepted			Fungi	Basidiomycota	Tremellomycetes			
274	7ddf754f-d193-4cc9-b351-99906754a03b	34			Agaricostilbomycetes		Agaricostilbomycetes	Agaricostilbomycetes			class			accepted			Fungi	Basidiomycota	Agaricostilbomycetes			
155	7ddf754f-d193-4cc9-b351-99906754a03b	34			Atractiellomycetes		Atractiellomycetes	Atractiellomycetes			class			accepted			Fungi	Basidiomycota	Atractiellomycetes			
10792993	a97f36e5-ded1-49cc-bdec-ac6170fc7b9c	10831122			Hydrothermarchaeales		Hydrothermarchaeales	Hydrothermarchaeales			order			accepted			Archaea	Hydrothermarchaeota	Hydrothermarchaeia	Hydrothermarchaeales		
10730880	a97f36e5-ded1-49cc-bdec-ac6170fc7b9c	10768738			CR04bin15						order			accepted			Bacteria	KSB1	UBA2214	CR04bin15		
11163080	a97f36e5-ded1-49cc-bdec-ac6170fc7b9c	10768738			DRLW01						order			accepted			Bacteria	KSB1	UBA2214	DRLW01		
10880814	a97f36e5-ded1-49cc-bdec-ac6170fc7b9c	10768738			AABM5-25-91						order			accepted			Bacteria	KSB1	UBA2214	AABM5-25-91		
11147987	a97f36e5-ded1-49cc-bdec-ac6170fc7b9c	10768738			JACIZP01						order			accepted			Bacteria	KSB1	UBA2214	JACIZP01		
10866490	a97f36e5-ded1-49cc-bdec-ac6170fc7b9c	10798973			Sumerlaeales		Sumerlaeales	Sumerlaeales			order			accepted			Bacteria	Sumerlaeota	Sumerlaeia	Sumerlaeales		
11814361	a97f36e5-ded1-49cc-bdec-ac6170fc7b9c	10798973			JADFCW01						order			accepted			Bacteria	Sumerlaeota	Sumerlaeia	JADFCW01		
11126276	a97f36e5-ded1-49cc-bdec-ac6170fc7b9c	10798973			MWCT01						order			accepted			Bacteria	Sumerlaeota	Sumerlaeia	MWCT01		
11148425	a97f36e5-ded1-49cc-bdec-ac6170fc7b9c	10798973			JABWBI01						order			accepted			Bacteria	Sumerlaeota	Sumerlaeia	JABWBI01		
11769404	a97f36e5-ded1-49cc-bdec-ac6170fc7b9c	10798973			JADFCT01						order			accepted			Bacteria	Sumerlaeota	Sumerlaeia	JADFCT01		
11178389	a97f36e5-ded1-49cc-bdec-ac6170fc7b9c	10798973			MVZB01						order			accepted			Bacteria	Sumerlaeota	Sumerlaeia	MVZB01		
10825052	a97f36e5-ded1-49cc-bdec-ac6170fc7b9c	10798973			SLMS01						order			accepted			Bacteria	Sumerlaeota	Sumerlaeia	SLMS01		
10758011	a97f36e5-ded1-49cc-bdec-ac6170fc7b9c	10798973			UBA8349						order			accepted			Bacteria	Sumerlaeota	Sumerlaeia	UBA8349		
